seed;spawn_prob;start;strategy;episode;success;steps;speed
11;0,005;1;shortest;1;0;19;
11;0,005;1;shortest;2;1;59;1,0
11;0,005;1;shortest;3;1;59;1,0
11;0,005;1;shortest;4;1;59;1,0
11;0,005;1;shortest;5;1;59;1,0
11;0,005;1;shortest;6;1;59;1,0
11;0,005;1;shortest;7;1;59;1,0
11;0,005;1;shortest;8;1;59;1,0
11;0,005;1;shortest;9;1;59;1,0
11;0,005;1;shortest;10;1;59;1,0
11;0,005;1;shortest;11;1;59;1,0
11;0,005;1;shortest;12;1;59;1,0
11;0,005;1;shortest;13;1;59;1,0
11;0,005;1;shortest;14;1;59;1,0
11;0,005;1;shortest;15;1;59;1,0
11;0,005;1;shortest;16;1;59;1,0
11;0,005;1;shortest;17;1;59;1,0
11;0,005;1;shortest;18;1;59;1,0
11;0,005;1;shortest;19;1;59;1,0
11;0,005;1;shortest;20;1;59;1,0
11;0,005;1;shortest;21;1;59;1,0
11;0,005;1;shortest;22;1;59;1,0
11;0,005;1;shortest;23;1;59;1,0
11;0,005;1;shortest;24;1;59;1,0
11;0,005;1;shortest;25;1;59;1,0
11;0,005;1;shortest;26;1;59;1,0
11;0,005;1;shortest;27;1;59;1,0
11;0,005;1;shortest;28;1;59;1,0
11;0,005;1;shortest;29;1;59;1,0
11;0,005;1;shortest;30;1;59;1,0
11;0,005;1;shortest;31;1;59;1,0
11;0,005;1;shortest;32;1;59;1,0
11;0,005;1;shortest;33;1;59;1,0
11;0,005;1;shortest;34;1;59;1,0
11;0,005;1;shortest;35;1;59;1,0
11;0,005;1;shortest;36;1;59;1,0
11;0,005;1;shortest;37;1;59;1,0
11;0,005;1;shortest;38;1;59;1,0
11;0,005;1;shortest;39;1;59;1,0
11;0,005;1;shortest;40;1;59;1,0
11;0,005;1;shortest;41;1;59;1,0
11;0,005;1;shortest;42;1;59;1,0
11;0,005;1;shortest;43;1;59;1,0
11;0,005;1;shortest;44;1;59;1,0
11;0,005;1;shortest;45;1;59;1,0
11;0,005;1;shortest;46;1;59;1,0
11;0,005;1;shortest;47;1;59;1,0
11;0,005;1;shortest;48;0;57;
11;0,005;1;shortest;49;1;59;1,0
11;0,005;1;shortest;50;1;59;1,0
11;0,005;1;shortest;51;1;59;1,0
11;0,005;1;shortest;52;1;59;1,0
11;0,005;1;shortest;53;1;59;1,0
11;0,005;1;shortest;54;1;59;1,0
11;0,005;1;shortest;55;1;59;1,0
11;0,005;1;shortest;56;0;15;
11;0,005;1;shortest;57;1;59;1,0
11;0,005;1;shortest;58;1;59;1,0
11;0,005;1;shortest;59;1;59;1,0
11;0,005;1;shortest;60;1;59;1,0
11;0,005;1;shortest;61;1;59;1,0
11;0,005;1;shortest;62;1;59;1,0
11;0,005;1;shortest;63;1;59;1,0
11;0,005;1;shortest;64;1;59;1,0
11;0,005;1;shortest;65;1;59;1,0
11;0,005;1;shortest;66;1;59;1,0
11;0,005;1;shortest;67;1;59;1,0
11;0,005;1;shortest;68;1;59;1,0
11;0,005;1;shortest;69;1;59;1,0
11;0,005;1;shortest;70;1;59;1,0
11;0,005;1;shortest;71;1;59;1,0
11;0,005;1;shortest;72;1;59;1,0
11;0,005;1;shortest;73;1;59;1,0
11;0,005;1;shortest;74;1;59;1,0
11;0,005;1;shortest;75;1;59;1,0
11;0,005;1;shortest;76;1;59;1,0
11;0,005;1;shortest;77;1;59;1,0
11;0,005;1;shortest;78;1;59;1,0
11;0,005;1;shortest;79;1;59;1,0
11;0,005;1;shortest;80;1;59;1,0
11;0,005;1;shortest;81;1;59;1,0
11;0,005;1;shortest;82;1;59;1,0
11;0,005;1;shortest;83;1;59;1,0
11;0,005;1;shortest;84;1;59;1,0
11;0,005;1;shortest;85;1;59;1,0
11;0,005;1;shortest;86;1;59;1,0
11;0,005;1;shortest;87;1;59;1,0
11;0,005;1;shortest;88;1;59;1,0
11;0,005;1;shortest;89;1;59;1,0
11;0,005;1;shortest;90;1;59;1,0
11;0,005;1;shortest;91;1;59;1,0
11;0,005;1;shortest;92;0;56;
11;0,005;1;shortest;93;1;59;1,0
11;0,005;1;shortest;94;1;59;1,0
11;0,005;1;shortest;95;1;59;1,0
11;0,005;1;shortest;96;1;59;1,0
11;0,005;1;shortest;97;1;59;1,0
11;0,005;1;shortest;98;1;59;1,0
11;0,005;1;shortest;99;1;59;1,0
11;0,005;1;shortest;100;1;59;1,0
11;0,005;1;safe;1;0;19;
11;0,005;1;safe;2;1;59;1,0
11;0,005;1;safe;3;1;59;1,0
11;0,005;1;safe;4;1;59;1,0
11;0,005;1;safe;5;1;59;1,0
11;0,005;1;safe;6;1;59;1,0
11;0,005;1;safe;7;1;59;1,0
11;0,005;1;safe;8;1;59;1,0
11;0,005;1;safe;9;1;59;1,0
11;0,005;1;safe;10;1;59;1,0
11;0,005;1;safe;11;1;59;1,0
11;0,005;1;safe;12;1;59;1,0
11;0,005;1;safe;13;1;59;1,0
11;0,005;1;safe;14;1;59;1,0
11;0,005;1;safe;15;1;59;1,0
11;0,005;1;safe;16;1;59;1,0
11;0,005;1;safe;17;1;59;1,0
11;0,005;1;safe;18;1;59;1,0
11;0,005;1;safe;19;1;59;1,0
11;0,005;1;safe;20;1;59;1,0
11;0,005;1;safe;21;1;59;1,0
11;0,005;1;safe;22;1;59;1,0
11;0,005;1;safe;23;1;59;1,0
11;0,005;1;safe;24;1;59;1,0
11;0,005;1;safe;25;1;59;1,0
11;0,005;1;safe;26;1;59;1,0
11;0,005;1;safe;27;1;59;1,0
11;0,005;1;safe;28;1;59;1,0
11;0,005;1;safe;29;1;59;1,0
11;0,005;1;safe;30;1;59;1,0
11;0,005;1;safe;31;1;59;1,0
11;0,005;1;safe;32;1;59;1,0
11;0,005;1;safe;33;1;59;1,0
11;0,005;1;safe;34;1;59;1,0
11;0,005;1;safe;35;1;59;1,0
11;0,005;1;safe;36;1;59;1,0
11;0,005;1;safe;37;1;59;1,0
11;0,005;1;safe;38;1;59;1,0
11;0,005;1;safe;39;1;59;1,0
11;0,005;1;safe;40;1;59;1,0
11;0,005;1;safe;41;1;59;1,0
11;0,005;1;safe;42;1;59;1,0
11;0,005;1;safe;43;1;59;1,0
11;0,005;1;safe;44;1;59;1,0
11;0,005;1;safe;45;1;59;1,0
11;0,005;1;safe;46;1;59;1,0
11;0,005;1;safe;47;1;59;1,0
11;0,005;1;safe;48;0;57;
11;0,005;1;safe;49;1;59;1,0
11;0,005;1;safe;50;1;59;1,0
11;0,005;1;safe;51;1;59;1,0
11;0,005;1;safe;52;1;59;1,0
11;0,005;1;safe;53;1;59;1,0
11;0,005;1;safe;54;1;59;1,0
11;0,005;1;safe;55;1;59;1,0
11;0,005;1;safe;56;0;15;
11;0,005;1;safe;57;1;59;1,0
11;0,005;1;safe;58;1;59;1,0
11;0,005;1;safe;59;1;59;1,0
11;0,005;1;safe;60;1;59;1,0
11;0,005;1;safe;61;1;59;1,0
11;0,005;1;safe;62;1;59;1,0
11;0,005;1;safe;63;1;59;1,0
11;0,005;1;safe;64;1;59;1,0
11;0,005;1;safe;65;1;59;1,0
11;0,005;1;safe;66;1;59;1,0
11;0,005;1;safe;67;1;59;1,0
11;0,005;1;safe;68;1;59;1,0
11;0,005;1;safe;69;1;59;1,0
11;0,005;1;safe;70;1;59;1,0
11;0,005;1;safe;71;1;59;1,0
11;0,005;1;safe;72;1;59;1,0
11;0,005;1;safe;73;1;59;1,0
11;0,005;1;safe;74;1;59;1,0
11;0,005;1;safe;75;1;59;1,0
11;0,005;1;safe;76;1;59;1,0
11;0,005;1;safe;77;1;59;1,0
11;0,005;1;safe;78;1;59;1,0
11;0,005;1;safe;79;1;59;1,0
11;0,005;1;safe;80;1;59;1,0
11;0,005;1;safe;81;1;59;1,0
11;0,005;1;safe;82;1;59;1,0
11;0,005;1;safe;83;1;59;1,0
11;0,005;1;safe;84;1;59;1,0
11;0,005;1;safe;85;1;59;1,0
11;0,005;1;safe;86;1;59;1,0
11;0,005;1;safe;87;1;59;1,0
11;0,005;1;safe;88;1;59;1,0
11;0,005;1;safe;89;1;59;1,0
11;0,005;1;safe;90;1;59;1,0
11;0,005;1;safe;91;1;59;1,0
11;0,005;1;safe;92;0;56;
11;0,005;1;safe;93;1;59;1,0
11;0,005;1;safe;94;1;59;1,0
11;0,005;1;safe;95;1;59;1,0
11;0,005;1;safe;96;1;59;1,0
11;0,005;1;safe;97;1;59;1,0
11;0,005;1;safe;98;1;59;1,0
11;0,005;1;safe;99;1;59;1,0
11;0,005;1;safe;100;1;59;1,0
11;0,005;1;predictive;1;1;70;0,8428571428571429
11;0,005;1;predictive;2;1;59;1,0
11;0,005;1;predictive;3;1;59;1,0
11;0,005;1;predictive;4;1;59;1,0
11;0,005;1;predictive;5;1;59;1,0
11;0,005;1;predictive;6;1;59;1,0
11;0,005;1;predictive;7;1;59;1,0
11;0,005;1;predictive;8;1;59;1,0
11;0,005;1;predictive;9;1;59;1,0
11;0,005;1;predictive;10;1;59;1,0
11;0,005;1;predictive;11;1;59;1,0
11;0,005;1;predictive;12;1;59;1,0
11;0,005;1;predictive;13;1;59;1,0
11;0,005;1;predictive;14;1;59;1,0
11;0,005;1;predictive;15;1;59;1,0
11;0,005;1;predictive;16;1;59;1,0
11;0,005;1;predictive;17;1;59;1,0
11;0,005;1;predictive;18;1;59;1,0
11;0,005;1;predictive;19;1;59;1,0
11;0,005;1;predictive;20;1;59;1,0
11;0,005;1;predictive;21;1;59;1,0
11;0,005;1;predictive;22;1;59;1,0
11;0,005;1;predictive;23;1;59;1,0
11;0,005;1;predictive;24;1;59;1,0
11;0,005;1;predictive;25;1;60;0,9833333333333333
11;0,005;1;predictive;26;1;59;1,0
11;0,005;1;predictive;27;1;59;1,0
11;0,005;1;predictive;28;1;59;1,0
11;0,005;1;predictive;29;1;59;1,0
11;0,005;1;predictive;30;1;59;1,0
11;0,005;1;predictive;31;1;59;1,0
11;0,005;1;predictive;32;1;59;1,0
11;0,005;1;predictive;33;1;59;1,0
11;0,005;1;predictive;34;1;59;1,0
11;0,005;1;predictive;35;1;59;1,0
11;0,005;1;predictive;36;1;59;1,0
11;0,005;1;predictive;37;1;59;1,0
11;0,005;1;predictive;38;1;59;1,0
11;0,005;1;predictive;39;1;59;1,0
11;0,005;1;predictive;40;1;59;1,0
11;0,005;1;predictive;41;1;59;1,0
11;0,005;1;predictive;42;1;59;1,0
11;0,005;1;predictive;43;1;59;1,0
11;0,005;1;predictive;44;1;59;1,0
11;0,005;1;predictive;45;1;59;1,0
11;0,005;1;predictive;46;1;59;1,0
11;0,005;1;predictive;47;1;59;1,0
11;0,005;1;predictive;48;1;59;1,0
11;0,005;1;predictive;49;1;59;1,0
11;0,005;1;predictive;50;1;59;1,0
11;0,005;1;predictive;51;1;59;1,0
11;0,005;1;predictive;52;1;59;1,0
11;0,005;1;predictive;53;1;59;1,0
11;0,005;1;predictive;54;1;59;1,0
11;0,005;1;predictive;55;1;59;1,0
11;0,005;1;predictive;56;1;59;1,0
11;0,005;1;predictive;57;1;59;1,0
11;0,005;1;predictive;58;1;59;1,0
11;0,005;1;predictive;59;1;59;1,0
11;0,005;1;predictive;60;1;59;1,0
11;0,005;1;predictive;61;1;59;1,0
11;0,005;1;predictive;62;1;59;1,0
11;0,005;1;predictive;63;1;59;1,0
11;0,005;1;predictive;64;1;59;1,0
11;0,005;1;predictive;65;1;59;1,0
11;0,005;1;predictive;66;1;59;1,0
11;0,005;1;predictive;67;1;59;1,0
11;0,005;1;predictive;68;1;59;1,0
11;0,005;1;predictive;69;1;59;1,0
11;0,005;1;predictive;70;1;59;1,0
11;0,005;1;predictive;71;1;59;1,0
11;0,005;1;predictive;72;1;59;1,0
11;0,005;1;predictive;73;1;59;1,0
11;0,005;1;predictive;74;1;59;1,0
11;0,005;1;predictive;75;1;59;1,0
11;0,005;1;predictive;76;1;59;1,0
11;0,005;1;predictive;77;1;59;1,0
11;0,005;1;predictive;78;1;59;1,0
11;0,005;1;predictive;79;1;59;1,0
11;0,005;1;predictive;80;1;59;1,0
11;0,005;1;predictive;81;1;70;0,8428571428571429
11;0,005;1;predictive;82;1;59;1,0
11;0,005;1;predictive;83;1;59;1,0
11;0,005;1;predictive;84;1;59;1,0
11;0,005;1;predictive;85;1;59;1,0
11;0,005;1;predictive;86;1;59;1,0
11;0,005;1;predictive;87;1;59;1,0
11;0,005;1;predictive;88;1;66;0,8939393939393939
11;0,005;1;predictive;89;1;59;1,0
11;0,005;1;predictive;90;1;59;1,0
11;0,005;1;predictive;91;1;59;1,0
11;0,005;1;predictive;92;1;59;1,0
11;0,005;1;predictive;93;1;59;1,0
11;0,005;1;predictive;94;1;59;1,0
11;0,005;1;predictive;95;1;59;1,0
11;0,005;1;predictive;96;1;59;1,0
11;0,005;1;predictive;97;1;59;1,0
11;0,005;1;predictive;98;1;59;1,0
11;0,005;1;predictive;99;1;59;1,0
11;0,005;1;predictive;100;1;59;1,0
11;0,005;2;shortest;1;1;55;1,0
11;0,005;2;shortest;2;1;55;1,0
11;0,005;2;shortest;3;1;55;1,0
11;0,005;2;shortest;4;1;55;1,0
11;0,005;2;shortest;5;1;55;1,0
11;0,005;2;shortest;6;1;55;1,0
11;0,005;2;shortest;7;1;55;1,0
11;0,005;2;shortest;8;1;55;1,0
11;0,005;2;shortest;9;1;55;1,0
11;0,005;2;shortest;10;1;55;1,0
11;0,005;2;shortest;11;1;55;1,0
11;0,005;2;shortest;12;1;55;1,0
11;0,005;2;shortest;13;1;55;1,0
11;0,005;2;shortest;14;1;55;1,0
11;0,005;2;shortest;15;1;55;1,0
11;0,005;2;shortest;16;1;55;1,0
11;0,005;2;shortest;17;1;55;1,0
11;0,005;2;shortest;18;1;55;1,0
11;0,005;2;shortest;19;1;55;1,0
11;0,005;2;shortest;20;1;55;1,0
11;0,005;2;shortest;21;1;55;1,0
11;0,005;2;shortest;22;1;55;1,0
11;0,005;2;shortest;23;1;55;1,0
11;0,005;2;shortest;24;1;55;1,0
11;0,005;2;shortest;25;1;55;1,0
11;0,005;2;shortest;26;1;55;1,0
11;0,005;2;shortest;27;1;55;1,0
11;0,005;2;shortest;28;1;55;1,0
11;0,005;2;shortest;29;1;55;1,0
11;0,005;2;shortest;30;1;55;1,0
11;0,005;2;shortest;31;1;55;1,0
11;0,005;2;shortest;32;1;55;1,0
11;0,005;2;shortest;33;1;55;1,0
11;0,005;2;shortest;34;1;55;1,0
11;0,005;2;shortest;35;1;55;1,0
11;0,005;2;shortest;36;1;55;1,0
11;0,005;2;shortest;37;1;55;1,0
11;0,005;2;shortest;38;1;55;1,0
11;0,005;2;shortest;39;0;54;
11;0,005;2;shortest;40;1;55;1,0
11;0,005;2;shortest;41;1;55;1,0
11;0,005;2;shortest;42;1;55;1,0
11;0,005;2;shortest;43;1;55;1,0
11;0,005;2;shortest;44;1;55;1,0
11;0,005;2;shortest;45;1;55;1,0
11;0,005;2;shortest;46;1;55;1,0
11;0,005;2;shortest;47;1;55;1,0
11;0,005;2;shortest;48;1;55;1,0
11;0,005;2;shortest;49;1;55;1,0
11;0,005;2;shortest;50;1;55;1,0
11;0,005;2;shortest;51;1;55;1,0
11;0,005;2;shortest;52;1;55;1,0
11;0,005;2;shortest;53;0;44;
11;0,005;2;shortest;54;1;55;1,0
11;0,005;2;shortest;55;1;55;1,0
11;0,005;2;shortest;56;1;55;1,0
11;0,005;2;shortest;57;1;55;1,0
11;0,005;2;shortest;58;1;55;1,0
11;0,005;2;shortest;59;1;55;1,0
11;0,005;2;shortest;60;1;55;1,0
11;0,005;2;shortest;61;1;55;1,0
11;0,005;2;shortest;62;1;55;1,0
11;0,005;2;shortest;63;1;55;1,0
11;0,005;2;shortest;64;1;55;1,0
11;0,005;2;shortest;65;1;55;1,0
11;0,005;2;shortest;66;1;55;1,0
11;0,005;2;shortest;67;1;55;1,0
11;0,005;2;shortest;68;1;55;1,0
11;0,005;2;shortest;69;1;55;1,0
11;0,005;2;shortest;70;1;55;1,0
11;0,005;2;shortest;71;1;55;1,0
11;0,005;2;shortest;72;1;55;1,0
11;0,005;2;shortest;73;1;55;1,0
11;0,005;2;shortest;74;1;55;1,0
11;0,005;2;shortest;75;1;55;1,0
11;0,005;2;shortest;76;1;55;1,0
11;0,005;2;shortest;77;0;49;
11;0,005;2;shortest;78;1;55;1,0
11;0,005;2;shortest;79;1;55;1,0
11;0,005;2;shortest;80;1;55;1,0
11;0,005;2;shortest;81;1;55;1,0
11;0,005;2;shortest;82;1;55;1,0
11;0,005;2;shortest;83;1;55;1,0
11;0,005;2;shortest;84;1;55;1,0
11;0,005;2;shortest;85;0;53;
11;0,005;2;shortest;86;1;55;1,0
11;0,005;2;shortest;87;1;55;1,0
11;0,005;2;shortest;88;1;55;1,0
11;0,005;2;shortest;89;1;55;1,0
11;0,005;2;shortest;90;1;55;1,0
11;0,005;2;shortest;91;1;55;1,0
11;0,005;2;shortest;92;1;55;1,0
11;0,005;2;shortest;93;1;55;1,0
11;0,005;2;shortest;94;1;55;1,0
11;0,005;2;shortest;95;1;55;1,0
11;0,005;2;shortest;96;1;55;1,0
11;0,005;2;shortest;97;1;55;1,0
11;0,005;2;shortest;98;1;55;1,0
11;0,005;2;shortest;99;1;55;1,0
11;0,005;2;shortest;100;1;55;1,0
11;0,005;2;safe;1;1;55;1,0
11;0,005;2;safe;2;1;55;1,0
11;0,005;2;safe;3;1;55;1,0
11;0,005;2;safe;4;1;55;1,0
11;0,005;2;safe;5;1;55;1,0
11;0,005;2;safe;6;1;55;1,0
11;0,005;2;safe;7;1;55;1,0
11;0,005;2;safe;8;1;55;1,0
11;0,005;2;safe;9;1;55;1,0
11;0,005;2;safe;10;1;55;1,0
11;0,005;2;safe;11;1;55;1,0
11;0,005;2;safe;12;1;55;1,0
11;0,005;2;safe;13;1;55;1,0
11;0,005;2;safe;14;1;55;1,0
11;0,005;2;safe;15;1;55;1,0
11;0,005;2;safe;16;1;55;1,0
11;0,005;2;safe;17;1;55;1,0
11;0,005;2;safe;18;1;55;1,0
11;0,005;2;safe;19;1;55;1,0
11;0,005;2;safe;20;1;55;1,0
11;0,005;2;safe;21;1;55;1,0
11;0,005;2;safe;22;1;55;1,0
11;0,005;2;safe;23;1;55;1,0
11;0,005;2;safe;24;1;55;1,0
11;0,005;2;safe;25;1;55;1,0
11;0,005;2;safe;26;1;55;1,0
11;0,005;2;safe;27;1;55;1,0
11;0,005;2;safe;28;1;55;1,0
11;0,005;2;safe;29;1;55;1,0
11;0,005;2;safe;30;1;55;1,0
11;0,005;2;safe;31;1;55;1,0
11;0,005;2;safe;32;1;55;1,0
11;0,005;2;safe;33;1;55;1,0
11;0,005;2;safe;34;1;55;1,0
11;0,005;2;safe;35;1;55;1,0
11;0,005;2;safe;36;1;55;1,0
11;0,005;2;safe;37;1;55;1,0
11;0,005;2;safe;38;1;55;1,0
11;0,005;2;safe;39;0;54;
11;0,005;2;safe;40;1;55;1,0
11;0,005;2;safe;41;1;55;1,0
11;0,005;2;safe;42;1;55;1,0
11;0,005;2;safe;43;1;55;1,0
11;0,005;2;safe;44;1;55;1,0
11;0,005;2;safe;45;1;55;1,0
11;0,005;2;safe;46;1;55;1,0
11;0,005;2;safe;47;1;55;1,0
11;0,005;2;safe;48;1;55;1,0
11;0,005;2;safe;49;1;55;1,0
11;0,005;2;safe;50;1;55;1,0
11;0,005;2;safe;51;1;55;1,0
11;0,005;2;safe;52;1;55;1,0
11;0,005;2;safe;53;0;44;
11;0,005;2;safe;54;1;55;1,0
11;0,005;2;safe;55;1;55;1,0
11;0,005;2;safe;56;1;55;1,0
11;0,005;2;safe;57;1;55;1,0
11;0,005;2;safe;58;1;55;1,0
11;0,005;2;safe;59;1;55;1,0
11;0,005;2;safe;60;1;55;1,0
11;0,005;2;safe;61;1;55;1,0
11;0,005;2;safe;62;1;55;1,0
11;0,005;2;safe;63;1;55;1,0
11;0,005;2;safe;64;1;55;1,0
11;0,005;2;safe;65;1;55;1,0
11;0,005;2;safe;66;1;55;1,0
11;0,005;2;safe;67;1;55;1,0
11;0,005;2;safe;68;1;55;1,0
11;0,005;2;safe;69;1;55;1,0
11;0,005;2;safe;70;1;55;1,0
11;0,005;2;safe;71;1;55;1,0
11;0,005;2;safe;72;1;55;1,0
11;0,005;2;safe;73;1;55;1,0
11;0,005;2;safe;74;1;55;1,0
11;0,005;2;safe;75;1;55;1,0
11;0,005;2;safe;76;1;55;1,0
11;0,005;2;safe;77;0;49;
11;0,005;2;safe;78;1;55;1,0
11;0,005;2;safe;79;1;55;1,0
11;0,005;2;safe;80;1;55;1,0
11;0,005;2;safe;81;1;55;1,0
11;0,005;2;safe;82;1;55;1,0
11;0,005;2;safe;83;1;55;1,0
11;0,005;2;safe;84;1;55;1,0
11;0,005;2;safe;85;0;53;
11;0,005;2;safe;86;1;55;1,0
11;0,005;2;safe;87;1;55;1,0
11;0,005;2;safe;88;1;55;1,0
11;0,005;2;safe;89;1;55;1,0
11;0,005;2;safe;90;0;54;
11;0,005;2;safe;91;1;55;1,0
11;0,005;2;safe;92;1;55;1,0
11;0,005;2;safe;93;1;55;1,0
11;0,005;2;safe;94;1;55;1,0
11;0,005;2;safe;95;1;55;1,0
11;0,005;2;safe;96;1;55;1,0
11;0,005;2;safe;97;1;55;1,0
11;0,005;2;safe;98;1;55;1,0
11;0,005;2;safe;99;0;50;
11;0,005;2;safe;100;1;55;1,0
11;0,005;2;predictive;1;1;55;1,0
11;0,005;2;predictive;2;1;55;1,0
11;0,005;2;predictive;3;1;55;1,0
11;0,005;2;predictive;4;1;55;1,0
11;0,005;2;predictive;5;1;55;1,0
11;0,005;2;predictive;6;1;55;1,0
11;0,005;2;predictive;7;1;55;1,0
11;0,005;2;predictive;8;1;55;1,0
11;0,005;2;predictive;9;1;55;1,0
11;0,005;2;predictive;10;1;55;1,0
11;0,005;2;predictive;11;1;55;1,0
11;0,005;2;predictive;12;1;55;1,0
11;0,005;2;predictive;13;1;55;1,0
11;0,005;2;predictive;14;1;55;1,0
11;0,005;2;predictive;15;1;55;1,0
11;0,005;2;predictive;16;1;55;1,0
11;0,005;2;predictive;17;1;55;1,0
11;0,005;2;predictive;18;1;55;1,0
11;0,005;2;predictive;19;1;55;1,0
11;0,005;2;predictive;20;1;55;1,0
11;0,005;2;predictive;21;1;55;1,0
11;0,005;2;predictive;22;1;55;1,0
11;0,005;2;predictive;23;1;55;1,0
11;0,005;2;predictive;24;1;55;1,0
11;0,005;2;predictive;25;1;55;1,0
11;0,005;2;predictive;26;1;55;1,0
11;0,005;2;predictive;27;1;55;1,0
11;0,005;2;predictive;28;1;55;1,0
11;0,005;2;predictive;29;1;55;1,0
11;0,005;2;predictive;30;1;55;1,0
11;0,005;2;predictive;31;1;55;1,0
11;0,005;2;predictive;32;1;55;1,0
11;0,005;2;predictive;33;1;55;1,0
11;0,005;2;predictive;34;1;55;1,0
11;0,005;2;predictive;35;1;55;1,0
11;0,005;2;predictive;36;1;55;1,0
11;0,005;2;predictive;37;1;55;1,0
11;0,005;2;predictive;38;1;55;1,0
11;0,005;2;predictive;39;1;69;0,7971014492753623
11;0,005;2;predictive;40;1;55;1,0
11;0,005;2;predictive;41;1;55;1,0
11;0,005;2;predictive;42;1;55;1,0
11;0,005;2;predictive;43;1;55;1,0
11;0,005;2;predictive;44;1;56;0,9821428571428571
11;0,005;2;predictive;45;1;55;1,0
11;0,005;2;predictive;46;1;55;1,0
11;0,005;2;predictive;47;1;55;1,0
11;0,005;2;predictive;48;1;55;1,0
11;0,005;2;predictive;49;1;55;1,0
11;0,005;2;predictive;50;1;55;1,0
11;0,005;2;predictive;51;1;55;1,0
11;0,005;2;predictive;52;1;55;1,0
11;0,005;2;predictive;53;1;55;1,0
11;0,005;2;predictive;54;1;55;1,0
11;0,005;2;predictive;55;1;55;1,0
11;0,005;2;predictive;56;1;55;1,0
11;0,005;2;predictive;57;1;55;1,0
11;0,005;2;predictive;58;1;55;1,0
11;0,005;2;predictive;59;1;55;1,0
11;0,005;2;predictive;60;1;55;1,0
11;0,005;2;predictive;61;1;55;1,0
11;0,005;2;predictive;62;1;55;1,0
11;0,005;2;predictive;63;1;55;1,0
11;0,005;2;predictive;64;1;55;1,0
11;0,005;2;predictive;65;1;55;1,0
11;0,005;2;predictive;66;1;55;1,0
11;0,005;2;predictive;67;1;55;1,0
11;0,005;2;predictive;68;1;55;1,0
11;0,005;2;predictive;69;1;55;1,0
11;0,005;2;predictive;70;1;55;1,0
11;0,005;2;predictive;71;1;55;1,0
11;0,005;2;predictive;72;1;55;1,0
11;0,005;2;predictive;73;1;55;1,0
11;0,005;2;predictive;74;1;55;1,0
11;0,005;2;predictive;75;1;55;1,0
11;0,005;2;predictive;76;1;55;1,0
11;0,005;2;predictive;77;1;55;1,0
11;0,005;2;predictive;78;1;55;1,0
11;0,005;2;predictive;79;1;55;1,0
11;0,005;2;predictive;80;1;55;1,0
11;0,005;2;predictive;81;1;55;1,0
11;0,005;2;predictive;82;1;55;1,0
11;0,005;2;predictive;83;1;55;1,0
11;0,005;2;predictive;84;1;55;1,0
11;0,005;2;predictive;85;1;55;1,0
11;0,005;2;predictive;86;1;55;1,0
11;0,005;2;predictive;87;1;55;1,0
11;0,005;2;predictive;88;1;55;1,0
11;0,005;2;predictive;89;1;55;1,0
11;0,005;2;predictive;90;1;55;1,0
11;0,005;2;predictive;91;1;55;1,0
11;0,005;2;predictive;92;1;55;1,0
11;0,005;2;predictive;93;1;111;0,4954954954954955
11;0,005;2;predictive;94;1;55;1,0
11;0,005;2;predictive;95;1;55;1,0
11;0,005;2;predictive;96;1;55;1,0
11;0,005;2;predictive;97;1;55;1,0
11;0,005;2;predictive;98;1;55;1,0
11;0,005;2;predictive;99;1;55;1,0
11;0,005;2;predictive;100;1;55;1,0
11;0,005;3;shortest;1;1;41;1,0
11;0,005;3;shortest;2;1;41;1,0
11;0,005;3;shortest;3;1;41;1,0
11;0,005;3;shortest;4;1;41;1,0
11;0,005;3;shortest;5;1;41;1,0
11;0,005;3;shortest;6;1;41;1,0
11;0,005;3;shortest;7;1;41;1,0
11;0,005;3;shortest;8;1;41;1,0
11;0,005;3;shortest;9;1;41;1,0
11;0,005;3;shortest;10;1;41;1,0
11;0,005;3;shortest;11;1;41;1,0
11;0,005;3;shortest;12;1;41;1,0
11;0,005;3;shortest;13;1;41;1,0
11;0,005;3;shortest;14;1;41;1,0
11;0,005;3;shortest;15;1;41;1,0
11;0,005;3;shortest;16;1;41;1,0
11;0,005;3;shortest;17;1;41;1,0
11;0,005;3;shortest;18;1;41;1,0
11;0,005;3;shortest;19;1;41;1,0
11;0,005;3;shortest;20;1;41;1,0
11;0,005;3;shortest;21;1;41;1,0
11;0,005;3;shortest;22;1;41;1,0
11;0,005;3;shortest;23;1;41;1,0
11;0,005;3;shortest;24;1;41;1,0
11;0,005;3;shortest;25;1;41;1,0
11;0,005;3;shortest;26;1;41;1,0
11;0,005;3;shortest;27;1;41;1,0
11;0,005;3;shortest;28;1;41;1,0
11;0,005;3;shortest;29;0;38;
11;0,005;3;shortest;30;1;41;1,0
11;0,005;3;shortest;31;1;41;1,0
11;0,005;3;shortest;32;1;41;1,0
11;0,005;3;shortest;33;1;41;1,0
11;0,005;3;shortest;34;1;41;1,0
11;0,005;3;shortest;35;1;41;1,0
11;0,005;3;shortest;36;1;41;1,0
11;0,005;3;shortest;37;1;41;1,0
11;0,005;3;shortest;38;1;41;1,0
11;0,005;3;shortest;39;1;41;1,0
11;0,005;3;shortest;40;1;41;1,0
11;0,005;3;shortest;41;1;41;1,0
11;0,005;3;shortest;42;1;41;1,0
11;0,005;3;shortest;43;1;41;1,0
11;0,005;3;shortest;44;1;41;1,0
11;0,005;3;shortest;45;1;41;1,0
11;0,005;3;shortest;46;1;41;1,0
11;0,005;3;shortest;47;1;41;1,0
11;0,005;3;shortest;48;1;41;1,0
11;0,005;3;shortest;49;1;41;1,0
11;0,005;3;shortest;50;1;41;1,0
11;0,005;3;shortest;51;1;41;1,0
11;0,005;3;shortest;52;1;41;1,0
11;0,005;3;shortest;53;1;41;1,0
11;0,005;3;shortest;54;1;41;1,0
11;0,005;3;shortest;55;0;40;
11;0,005;3;shortest;56;1;41;1,0
11;0,005;3;shortest;57;1;41;1,0
11;0,005;3;shortest;58;1;41;1,0
11;0,005;3;shortest;59;1;41;1,0
11;0,005;3;shortest;60;1;41;1,0
11;0,005;3;shortest;61;1;41;1,0
11;0,005;3;shortest;62;1;41;1,0
11;0,005;3;shortest;63;1;41;1,0
11;0,005;3;shortest;64;1;41;1,0
11;0,005;3;shortest;65;1;41;1,0
11;0,005;3;shortest;66;1;41;1,0
11;0,005;3;shortest;67;1;41;1,0
11;0,005;3;shortest;68;1;41;1,0
11;0,005;3;shortest;69;1;41;1,0
11;0,005;3;shortest;70;1;41;1,0
11;0,005;3;shortest;71;1;41;1,0
11;0,005;3;shortest;72;1;41;1,0
11;0,005;3;shortest;73;1;41;1,0
11;0,005;3;shortest;74;1;41;1,0
11;0,005;3;shortest;75;1;41;1,0
11;0,005;3;shortest;76;1;41;1,0
11;0,005;3;shortest;77;1;41;1,0
11;0,005;3;shortest;78;0;38;
11;0,005;3;shortest;79;1;41;1,0
11;0,005;3;shortest;80;1;41;1,0
11;0,005;3;shortest;81;1;41;1,0
11;0,005;3;shortest;82;1;41;1,0
11;0,005;3;shortest;83;1;41;1,0
11;0,005;3;shortest;84;1;41;1,0
11;0,005;3;shortest;85;1;41;1,0
11;0,005;3;shortest;86;1;41;1,0
11;0,005;3;shortest;87;1;41;1,0
11;0,005;3;shortest;88;1;41;1,0
11;0,005;3;shortest;89;1;41;1,0
11;0,005;3;shortest;90;1;41;1,0
11;0,005;3;shortest;91;1;41;1,0
11;0,005;3;shortest;92;1;41;1,0
11;0,005;3;shortest;93;1;41;1,0
11;0,005;3;shortest;94;1;41;1,0
11;0,005;3;shortest;95;1;41;1,0
11;0,005;3;shortest;96;1;41;1,0
11;0,005;3;shortest;97;1;41;1,0
11;0,005;3;shortest;98;1;41;1,0
11;0,005;3;shortest;99;1;41;1,0
11;0,005;3;shortest;100;1;41;1,0
11;0,005;3;safe;1;1;41;1,0
11;0,005;3;safe;2;1;41;1,0
11;0,005;3;safe;3;1;41;1,0
11;0,005;3;safe;4;1;41;1,0
11;0,005;3;safe;5;1;41;1,0
11;0,005;3;safe;6;1;41;1,0
11;0,005;3;safe;7;1;41;1,0
11;0,005;3;safe;8;1;41;1,0
11;0,005;3;safe;9;1;41;1,0
11;0,005;3;safe;10;1;41;1,0
11;0,005;3;safe;11;1;41;1,0
11;0,005;3;safe;12;1;41;1,0
11;0,005;3;safe;13;1;41;1,0
11;0,005;3;safe;14;1;41;1,0
11;0,005;3;safe;15;1;41;1,0
11;0,005;3;safe;16;1;41;1,0
11;0,005;3;safe;17;1;41;1,0
11;0,005;3;safe;18;1;41;1,0
11;0,005;3;safe;19;1;41;1,0
11;0,005;3;safe;20;1;41;1,0
11;0,005;3;safe;21;1;41;1,0
11;0,005;3;safe;22;1;41;1,0
11;0,005;3;safe;23;1;41;1,0
11;0,005;3;safe;24;1;41;1,0
11;0,005;3;safe;25;1;41;1,0
11;0,005;3;safe;26;1;41;1,0
11;0,005;3;safe;27;1;41;1,0
11;0,005;3;safe;28;1;41;1,0
11;0,005;3;safe;29;0;38;
11;0,005;3;safe;30;1;41;1,0
11;0,005;3;safe;31;1;41;1,0
11;0,005;3;safe;32;1;41;1,0
11;0,005;3;safe;33;1;41;1,0
11;0,005;3;safe;34;1;41;1,0
11;0,005;3;safe;35;1;41;1,0
11;0,005;3;safe;36;1;41;1,0
11;0,005;3;safe;37;1;41;1,0
11;0,005;3;safe;38;1;41;1,0
11;0,005;3;safe;39;1;41;1,0
11;0,005;3;safe;40;1;41;1,0
11;0,005;3;safe;41;1;41;1,0
11;0,005;3;safe;42;1;41;1,0
11;0,005;3;safe;43;1;41;1,0
11;0,005;3;safe;44;1;41;1,0
11;0,005;3;safe;45;1;41;1,0
11;0,005;3;safe;46;1;41;1,0
11;0,005;3;safe;47;1;41;1,0
11;0,005;3;safe;48;1;41;1,0
11;0,005;3;safe;49;1;41;1,0
11;0,005;3;safe;50;1;41;1,0
11;0,005;3;safe;51;1;41;1,0
11;0,005;3;safe;52;1;41;1,0
11;0,005;3;safe;53;1;41;1,0
11;0,005;3;safe;54;1;41;1,0
11;0,005;3;safe;55;0;40;
11;0,005;3;safe;56;1;41;1,0
11;0,005;3;safe;57;1;41;1,0
11;0,005;3;safe;58;1;41;1,0
11;0,005;3;safe;59;1;41;1,0
11;0,005;3;safe;60;1;41;1,0
11;0,005;3;safe;61;1;41;1,0
11;0,005;3;safe;62;1;41;1,0
11;0,005;3;safe;63;1;41;1,0
11;0,005;3;safe;64;1;41;1,0
11;0,005;3;safe;65;1;41;1,0
11;0,005;3;safe;66;1;41;1,0
11;0,005;3;safe;67;1;41;1,0
11;0,005;3;safe;68;1;41;1,0
11;0,005;3;safe;69;1;41;1,0
11;0,005;3;safe;70;1;41;1,0
11;0,005;3;safe;71;1;41;1,0
11;0,005;3;safe;72;1;41;1,0
11;0,005;3;safe;73;1;41;1,0
11;0,005;3;safe;74;1;41;1,0
11;0,005;3;safe;75;1;41;1,0
11;0,005;3;safe;76;1;41;1,0
11;0,005;3;safe;77;1;41;1,0
11;0,005;3;safe;78;0;39;
11;0,005;3;safe;79;1;41;1,0
11;0,005;3;safe;80;1;41;1,0
11;0,005;3;safe;81;1;41;1,0
11;0,005;3;safe;82;1;41;1,0
11;0,005;3;safe;83;1;41;1,0
11;0,005;3;safe;84;1;41;1,0
11;0,005;3;safe;85;1;41;1,0
11;0,005;3;safe;86;1;41;1,0
11;0,005;3;safe;87;1;41;1,0
11;0,005;3;safe;88;1;41;1,0
11;0,005;3;safe;89;1;41;1,0
11;0,005;3;safe;90;1;41;1,0
11;0,005;3;safe;91;1;41;1,0
11;0,005;3;safe;92;1;41;1,0
11;0,005;3;safe;93;1;41;1,0
11;0,005;3;safe;94;1;41;1,0
11;0,005;3;safe;95;1;41;1,0
11;0,005;3;safe;96;1;41;1,0
11;0,005;3;safe;97;1;41;1,0
11;0,005;3;safe;98;1;41;1,0
11;0,005;3;safe;99;1;41;1,0
11;0,005;3;safe;100;1;41;1,0
11;0,005;3;predictive;1;1;41;1,0
11;0,005;3;predictive;2;1;41;1,0
11;0,005;3;predictive;3;1;41;1,0
11;0,005;3;predictive;4;1;41;1,0
11;0,005;3;predictive;5;1;41;1,0
11;0,005;3;predictive;6;1;41;1,0
11;0,005;3;predictive;7;1;41;1,0
11;0,005;3;predictive;8;1;41;1,0
11;0,005;3;predictive;9;1;41;1,0
11;0,005;3;predictive;10;1;41;1,0
11;0,005;3;predictive;11;1;41;1,0
11;0,005;3;predictive;12;1;41;1,0
11;0,005;3;predictive;13;1;41;1,0
11;0,005;3;predictive;14;1;41;1,0
11;0,005;3;predictive;15;1;41;1,0
11;0,005;3;predictive;16;1;41;1,0
11;0,005;3;predictive;17;1;41;1,0
11;0,005;3;predictive;18;1;41;1,0
11;0,005;3;predictive;19;1;41;1,0
11;0,005;3;predictive;20;1;41;1,0
11;0,005;3;predictive;21;1;41;1,0
11;0,005;3;predictive;22;1;41;1,0
11;0,005;3;predictive;23;1;41;1,0
11;0,005;3;predictive;24;1;41;1,0
11;0,005;3;predictive;25;1;41;1,0
11;0,005;3;predictive;26;1;41;1,0
11;0,005;3;predictive;27;1;41;1,0
11;0,005;3;predictive;28;1;41;1,0
11;0,005;3;predictive;29;1;50;0,82
11;0,005;3;predictive;30;1;41;1,0
11;0,005;3;predictive;31;1;41;1,0
11;0,005;3;predictive;32;1;41;1,0
11;0,005;3;predictive;33;1;41;1,0
11;0,005;3;predictive;34;1;41;1,0
11;0,005;3;predictive;35;1;41;1,0
11;0,005;3;predictive;36;1;41;1,0
11;0,005;3;predictive;37;1;41;1,0
11;0,005;3;predictive;38;1;41;1,0
11;0,005;3;predictive;39;1;41;1,0
11;0,005;3;predictive;40;1;41;1,0
11;0,005;3;predictive;41;1;41;1,0
11;0,005;3;predictive;42;1;41;1,0
11;0,005;3;predictive;43;1;41;1,0
11;0,005;3;predictive;44;1;41;1,0
11;0,005;3;predictive;45;1;41;1,0
11;0,005;3;predictive;46;1;41;1,0
11;0,005;3;predictive;47;1;41;1,0
11;0,005;3;predictive;48;1;41;1,0
11;0,005;3;predictive;49;1;41;1,0
11;0,005;3;predictive;50;1;41;1,0
11;0,005;3;predictive;51;1;41;1,0
11;0,005;3;predictive;52;1;41;1,0
11;0,005;3;predictive;53;1;41;1,0
11;0,005;3;predictive;54;1;41;1,0
11;0,005;3;predictive;55;1;41;1,0
11;0,005;3;predictive;56;1;42;0,9761904761904762
11;0,005;3;predictive;57;1;41;1,0
11;0,005;3;predictive;58;1;41;1,0
11;0,005;3;predictive;59;1;41;1,0
11;0,005;3;predictive;60;1;41;1,0
11;0,005;3;predictive;61;1;41;1,0
11;0,005;3;predictive;62;1;41;1,0
11;0,005;3;predictive;63;1;41;1,0
11;0,005;3;predictive;64;1;41;1,0
11;0,005;3;predictive;65;1;41;1,0
11;0,005;3;predictive;66;1;41;1,0
11;0,005;3;predictive;67;1;41;1,0
11;0,005;3;predictive;68;1;41;1,0
11;0,005;3;predictive;69;1;41;1,0
11;0,005;3;predictive;70;1;41;1,0
11;0,005;3;predictive;71;1;41;1,0
11;0,005;3;predictive;72;1;41;1,0
11;0,005;3;predictive;73;1;41;1,0
11;0,005;3;predictive;74;1;41;1,0
11;0,005;3;predictive;75;1;41;1,0
11;0,005;3;predictive;76;1;41;1,0
11;0,005;3;predictive;77;1;41;1,0
11;0,005;3;predictive;78;1;41;1,0
11;0,005;3;predictive;79;1;41;1,0
11;0,005;3;predictive;80;1;41;1,0
11;0,005;3;predictive;81;1;41;1,0
11;0,005;3;predictive;82;1;41;1,0
11;0,005;3;predictive;83;1;41;1,0
11;0,005;3;predictive;84;1;41;1,0
11;0,005;3;predictive;85;1;41;1,0
11;0,005;3;predictive;86;1;41;1,0
11;0,005;3;predictive;87;1;41;1,0
11;0,005;3;predictive;88;1;41;1,0
11;0,005;3;predictive;89;1;41;1,0
11;0,005;3;predictive;90;1;41;1,0
11;0,005;3;predictive;91;1;41;1,0
11;0,005;3;predictive;92;1;41;1,0
11;0,005;3;predictive;93;1;41;1,0
11;0,005;3;predictive;94;1;41;1,0
11;0,005;3;predictive;95;1;41;1,0
11;0,005;3;predictive;96;1;41;1,0
11;0,005;3;predictive;97;1;41;1,0
11;0,005;3;predictive;98;1;41;1,0
11;0,005;3;predictive;99;1;41;1,0
11;0,005;3;predictive;100;1;41;1,0
11;0,01;1;shortest;1;0;19;
11;0,01;1;shortest;2;1;59;1,0
11;0,01;1;shortest;3;1;59;1,0
11;0,01;1;shortest;4;1;59;1,0
11;0,01;1;shortest;5;1;59;1,0
11;0,01;1;shortest;6;1;59;1,0
11;0,01;1;shortest;7;1;59;1,0
11;0,01;1;shortest;8;1;59;1,0
11;0,01;1;shortest;9;0;56;
11;0,01;1;shortest;10;1;59;1,0
11;0,01;1;shortest;11;1;59;1,0
11;0,01;1;shortest;12;1;59;1,0
11;0,01;1;shortest;13;1;59;1,0
11;0,01;1;shortest;14;1;59;1,0
11;0,01;1;shortest;15;1;59;1,0
11;0,01;1;shortest;16;0;16;
11;0,01;1;shortest;17;1;59;1,0
11;0,01;1;shortest;18;1;59;1,0
11;0,01;1;shortest;19;1;59;1,0
11;0,01;1;shortest;20;1;59;1,0
11;0,01;1;shortest;21;1;59;1,0
11;0,01;1;shortest;22;1;59;1,0
11;0,01;1;shortest;23;1;59;1,0
11;0,01;1;shortest;24;1;59;1,0
11;0,01;1;shortest;25;1;59;1,0
11;0,01;1;shortest;26;1;59;1,0
11;0,01;1;shortest;27;1;59;1,0
11;0,01;1;shortest;28;1;59;1,0
11;0,01;1;shortest;29;1;59;1,0
11;0,01;1;shortest;30;1;59;1,0
11;0,01;1;shortest;31;1;59;1,0
11;0,01;1;shortest;32;1;59;1,0
11;0,01;1;shortest;33;1;59;1,0
11;0,01;1;shortest;34;0;55;
11;0,01;1;shortest;35;0;53;
11;0,01;1;shortest;36;1;59;1,0
11;0,01;1;shortest;37;1;59;1,0
11;0,01;1;shortest;38;1;59;1,0
11;0,01;1;shortest;39;0;50;
11;0,01;1;shortest;40;1;59;1,0
11;0,01;1;shortest;41;1;59;1,0
11;0,01;1;shortest;42;1;59;1,0
11;0,01;1;shortest;43;1;59;1,0
11;0,01;1;shortest;44;1;59;1,0
11;0,01;1;shortest;45;1;59;1,0
11;0,01;1;shortest;46;0;47;
11;0,01;1;shortest;47;1;59;1,0
11;0,01;1;shortest;48;1;59;1,0
11;0,01;1;shortest;49;1;59;1,0
11;0,01;1;shortest;50;1;59;1,0
11;0,01;1;shortest;51;1;59;1,0
11;0,01;1;shortest;52;1;59;1,0
11;0,01;1;shortest;53;1;59;1,0
11;0,01;1;shortest;54;1;59;1,0
11;0,01;1;shortest;55;1;59;1,0
11;0,01;1;shortest;56;0;48;
11;0,01;1;shortest;57;0;51;
11;0,01;1;shortest;58;1;59;1,0
11;0,01;1;shortest;59;1;59;1,0
11;0,01;1;shortest;60;0;15;
11;0,01;1;shortest;61;1;59;1,0
11;0,01;1;shortest;62;1;59;1,0
11;0,01;1;shortest;63;1;59;1,0
11;0,01;1;shortest;64;1;59;1,0
11;0,01;1;shortest;65;1;59;1,0
11;0,01;1;shortest;66;1;59;1,0
11;0,01;1;shortest;67;1;59;1,0
11;0,01;1;shortest;68;1;59;1,0
11;0,01;1;shortest;69;1;59;1,0
11;0,01;1;shortest;70;1;59;1,0
11;0,01;1;shortest;71;1;59;1,0
11;0,01;1;shortest;72;1;59;1,0
11;0,01;1;shortest;73;1;59;1,0
11;0,01;1;shortest;74;1;59;1,0
11;0,01;1;shortest;75;1;59;1,0
11;0,01;1;shortest;76;1;59;1,0
11;0,01;1;shortest;77;1;59;1,0
11;0,01;1;shortest;78;1;59;1,0
11;0,01;1;shortest;79;1;59;1,0
11;0,01;1;shortest;80;1;59;1,0
11;0,01;1;shortest;81;0;53;
11;0,01;1;shortest;82;1;59;1,0
11;0,01;1;shortest;83;0;22;
11;0,01;1;shortest;84;1;59;1,0
11;0,01;1;shortest;85;1;59;1,0
11;0,01;1;shortest;86;1;59;1,0
11;0,01;1;shortest;87;1;59;1,0
11;0,01;1;shortest;88;0;57;
11;0,01;1;shortest;89;0;50;
11;0,01;1;shortest;90;1;59;1,0
11;0,01;1;shortest;91;1;59;1,0
11;0,01;1;shortest;92;1;59;1,0
11;0,01;1;shortest;93;1;59;1,0
11;0,01;1;shortest;94;1;59;1,0
11;0,01;1;shortest;95;1;59;1,0
11;0,01;1;shortest;96;0;16;
11;0,01;1;shortest;97;1;59;1,0
11;0,01;1;shortest;98;1;59;1,0
11;0,01;1;shortest;99;0;54;
11;0,01;1;shortest;100;1;59;1,0
11;0,01;1;safe;1;0;19;
11;0,01;1;safe;2;1;59;1,0
11;0,01;1;safe;3;1;59;1,0
11;0,01;1;safe;4;1;59;1,0
11;0,01;1;safe;5;1;59;1,0
11;0,01;1;safe;6;1;59;1,0
11;0,01;1;safe;7;1;59;1,0
11;0,01;1;safe;8;1;59;1,0
11;0,01;1;safe;9;0;56;
11;0,01;1;safe;10;1;59;1,0
11;0,01;1;safe;11;1;59;1,0
11;0,01;1;safe;12;1;59;1,0
11;0,01;1;safe;13;1;59;1,0
11;0,01;1;safe;14;1;59;1,0
11;0,01;1;safe;15;1;59;1,0
11;0,01;1;safe;16;0;16;
11;0,01;1;safe;17;1;59;1,0
11;0,01;1;safe;18;1;59;1,0
11;0,01;1;safe;19;1;59;1,0
11;0,01;1;safe;20;1;59;1,0
11;0,01;1;safe;21;1;59;1,0
11;0,01;1;safe;22;1;59;1,0
11;0,01;1;safe;23;1;59;1,0
11;0,01;1;safe;24;1;59;1,0
11;0,01;1;safe;25;1;59;1,0
11;0,01;1;safe;26;1;59;1,0
11;0,01;1;safe;27;1;59;1,0
11;0,01;1;safe;28;1;59;1,0
11;0,01;1;safe;29;1;59;1,0
11;0,01;1;safe;30;1;59;1,0
11;0,01;1;safe;31;1;59;1,0
11;0,01;1;safe;32;1;59;1,0
11;0,01;1;safe;33;1;59;1,0
11;0,01;1;safe;34;0;55;
11;0,01;1;safe;35;0;52;
11;0,01;1;safe;36;1;59;1,0
11;0,01;1;safe;37;1;59;1,0
11;0,01;1;safe;38;1;59;1,0
11;0,01;1;safe;39;1;59;1,0
11;0,01;1;safe;40;1;59;1,0
11;0,01;1;safe;41;0;50;
11;0,01;1;safe;42;1;59;1,0
11;0,01;1;safe;43;1;59;1,0
11;0,01;1;safe;44;1;59;1,0
11;0,01;1;safe;45;1;59;1,0
11;0,01;1;safe;46;1;59;1,0
11;0,01;1;safe;47;1;59;1,0
11;0,01;1;safe;48;1;59;1,0
11;0,01;1;safe;49;1;59;1,0
11;0,01;1;safe;50;1;59;1,0
11;0,01;1;safe;51;1;59;1,0
11;0,01;1;safe;52;1;59;1,0
11;0,01;1;safe;53;1;59;1,0
11;0,01;1;safe;54;1;59;1,0
11;0,01;1;safe;55;1;59;1,0
11;0,01;1;safe;56;1;59;1,0
11;0,01;1;safe;57;1;59;1,0
11;0,01;1;safe;58;0;15;
11;0,01;1;safe;59;1;59;1,0
11;0,01;1;safe;60;1;59;1,0
11;0,01;1;safe;61;1;59;1,0
11;0,01;1;safe;62;1;59;1,0
11;0,01;1;safe;63;1;59;1,0
11;0,01;1;safe;64;1;59;1,0
11;0,01;1;safe;65;1;59;1,0
11;0,01;1;safe;66;1;59;1,0
11;0,01;1;safe;67;1;59;1,0
11;0,01;1;safe;68;1;59;1,0
11;0,01;1;safe;69;1;59;1,0
11;0,01;1;safe;70;1;59;1,0
11;0,01;1;safe;71;1;59;1,0
11;0,01;1;safe;72;1;59;1,0
11;0,01;1;safe;73;1;59;1,0
11;0,01;1;safe;74;1;59;1,0
11;0,01;1;safe;75;1;59;1,0
11;0,01;1;safe;76;1;59;1,0
11;0,01;1;safe;77;1;59;1,0
11;0,01;1;safe;78;1;59;1,0
11;0,01;1;safe;79;1;59;1,0
11;0,01;1;safe;80;1;59;1,0
11;0,01;1;safe;81;1;59;1,0
11;0,01;1;safe;82;1;59;1,0
11;0,01;1;safe;83;1;59;1,0
11;0,01;1;safe;84;1;59;1,0
11;0,01;1;safe;85;1;59;1,0
11;0,01;1;safe;86;1;59;1,0
11;0,01;1;safe;87;1;59;1,0
11;0,01;1;safe;88;1;59;1,0
11;0,01;1;safe;89;1;59;1,0
11;0,01;1;safe;90;1;59;1,0
11;0,01;1;safe;91;1;59;1,0
11;0,01;1;safe;92;1;59;1,0
11;0,01;1;safe;93;1;59;1,0
11;0,01;1;safe;94;1;59;1,0
11;0,01;1;safe;95;1;59;1,0
11;0,01;1;safe;96;1;59;1,0
11;0,01;1;safe;97;1;59;1,0
11;0,01;1;safe;98;1;59;1,0
11;0,01;1;safe;99;1;59;1,0
11;0,01;1;safe;100;1;59;1,0
11;0,01;1;predictive;1;1;70;0,8428571428571429
11;0,01;1;predictive;2;1;59;1,0
11;0,01;1;predictive;3;1;59;1,0
11;0,01;1;predictive;4;1;59;1,0
11;0,01;1;predictive;5;1;59;1,0
11;0,01;1;predictive;6;1;59;1,0
11;0,01;1;predictive;7;1;59;1,0
11;0,01;1;predictive;8;1;59;1,0
11;0,01;1;predictive;9;1;59;1,0
11;0,01;1;predictive;10;1;59;1,0
11;0,01;1;predictive;11;1;83;0,7108433734939759
11;0,01;1;predictive;12;1;59;1,0
11;0,01;1;predictive;13;1;59;1,0
11;0,01;1;predictive;14;1;59;1,0
11;0,01;1;predictive;15;1;59;1,0
11;0,01;1;predictive;16;1;59;1,0
11;0,01;1;predictive;17;1;59;1,0
11;0,01;1;predictive;18;1;59;1,0
11;0,01;1;predictive;19;1;59;1,0
11;0,01;1;predictive;20;1;59;1,0
11;0,01;1;predictive;21;1;59;1,0
11;0,01;1;predictive;22;1;59;1,0
11;0,01;1;predictive;23;1;59;1,0
11;0,01;1;predictive;24;1;59;1,0
11;0,01;1;predictive;25;1;59;1,0
11;0,01;1;predictive;26;1;59;1,0
11;0,01;1;predictive;27;1;59;1,0
11;0,01;1;predictive;28;1;59;1,0
11;0,01;1;predictive;29;1;59;1,0
11;0,01;1;predictive;30;1;59;1,0
11;0,01;1;predictive;31;1;59;1,0
11;0,01;1;predictive;32;1;59;1,0
11;0,01;1;predictive;33;1;59;1,0
11;0,01;1;predictive;34;1;59;1,0
11;0,01;1;predictive;35;1;59;1,0
11;0,01;1;predictive;36;1;59;1,0
11;0,01;1;predictive;37;1;59;1,0
11;0,01;1;predictive;38;1;60;0,9833333333333333
11;0,01;1;predictive;39;1;59;1,0
11;0,01;1;predictive;40;1;59;1,0
11;0,01;1;predictive;41;1;59;1,0
11;0,01;1;predictive;42;1;59;1,0
11;0,01;1;predictive;43;1;59;1,0
11;0,01;1;predictive;44;1;59;1,0
11;0,01;1;predictive;45;1;59;1,0
11;0,01;1;predictive;46;1;59;1,0
11;0,01;1;predictive;47;1;59;1,0
11;0,01;1;predictive;48;1;59;1,0
11;0,01;1;predictive;49;1;63;0,9365079365079365
11;0,01;1;predictive;50;0;74;
11;0,01;1;predictive;51;1;59;1,0
11;0,01;1;predictive;52;1;59;1,0
11;0,01;1;predictive;53;1;59;1,0
11;0,01;1;predictive;54;1;59;1,0
11;0,01;1;predictive;55;1;59;1,0
11;0,01;1;predictive;56;1;59;1,0
11;0,01;1;predictive;57;1;59;1,0
11;0,01;1;predictive;58;1;59;1,0
11;0,01;1;predictive;59;1;59;1,0
11;0,01;1;predictive;60;1;70;0,8428571428571429
11;0,01;1;predictive;61;1;59;1,0
11;0,01;1;predictive;62;1;59;1,0
11;0,01;1;predictive;63;1;59;1,0
11;0,01;1;predictive;64;1;59;1,0
11;0,01;1;predictive;65;1;59;1,0
11;0,01;1;predictive;66;1;59;1,0
11;0,01;1;predictive;67;1;59;1,0
11;0,01;1;predictive;68;1;59;1,0
11;0,01;1;predictive;69;1;59;1,0
11;0,01;1;predictive;70;1;59;1,0
11;0,01;1;predictive;71;1;59;1,0
11;0,01;1;predictive;72;1;59;1,0
11;0,01;1;predictive;73;1;59;1,0
11;0,01;1;predictive;74;1;59;1,0
11;0,01;1;predictive;75;1;59;1,0
11;0,01;1;predictive;76;1;59;1,0
11;0,01;1;predictive;77;1;59;1,0
11;0,01;1;predictive;78;1;59;1,0
11;0,01;1;predictive;79;1;59;1,0
11;0,01;1;predictive;80;1;59;1,0
11;0,01;1;predictive;81;1;59;1,0
11;0,01;1;predictive;82;1;59;1,0
11;0,01;1;predictive;83;1;60;0,9833333333333333
11;0,01;1;predictive;84;1;59;1,0
11;0,01;1;predictive;85;1;59;1,0
11;0,01;1;predictive;86;1;59;1,0
11;0,01;1;predictive;87;1;59;1,0
11;0,01;1;predictive;88;1;59;1,0
11;0,01;1;predictive;89;1;59;1,0
11;0,01;1;predictive;90;1;59;1,0
11;0,01;1;predictive;91;1;59;1,0
11;0,01;1;predictive;92;1;59;1,0
11;0,01;1;predictive;93;1;59;1,0
11;0,01;1;predictive;94;1;59;1,0
11;0,01;1;predictive;95;1;59;1,0
11;0,01;1;predictive;96;1;59;1,0
11;0,01;1;predictive;97;1;68;0,8676470588235294
11;0,01;1;predictive;98;1;84;0,7023809523809523
11;0,01;1;predictive;99;1;60;0,9833333333333333
11;0,01;1;predictive;100;1;59;1,0
11;0,01;2;shortest;1;1;55;1,0
11;0,01;2;shortest;2;1;55;1,0
11;0,01;2;shortest;3;1;55;1,0
11;0,01;2;shortest;4;1;55;1,0
11;0,01;2;shortest;5;1;55;1,0
11;0,01;2;shortest;6;1;55;1,0
11;0,01;2;shortest;7;1;55;1,0
11;0,01;2;shortest;8;1;55;1,0
11;0,01;2;shortest;9;1;55;1,0
11;0,01;2;shortest;10;1;55;1,0
11;0,01;2;shortest;11;1;55;1,0
11;0,01;2;shortest;12;1;55;1,0
11;0,01;2;shortest;13;1;55;1,0
11;0,01;2;shortest;14;1;55;1,0
11;0,01;2;shortest;15;1;55;1,0
11;0,01;2;shortest;16;1;55;1,0
11;0,01;2;shortest;17;1;55;1,0
11;0,01;2;shortest;18;1;55;1,0
11;0,01;2;shortest;19;1;55;1,0
11;0,01;2;shortest;20;1;55;1,0
11;0,01;2;shortest;21;1;55;1,0
11;0,01;2;shortest;22;1;55;1,0
11;0,01;2;shortest;23;1;55;1,0
11;0,01;2;shortest;24;1;55;1,0
11;0,01;2;shortest;25;1;55;1,0
11;0,01;2;shortest;26;1;55;1,0
11;0,01;2;shortest;27;0;52;
11;0,01;2;shortest;28;1;55;1,0
11;0,01;2;shortest;29;1;55;1,0
11;0,01;2;shortest;30;0;51;
11;0,01;2;shortest;31;1;55;1,0
11;0,01;2;shortest;32;1;55;1,0
11;0,01;2;shortest;33;1;55;1,0
11;0,01;2;shortest;34;1;55;1,0
11;0,01;2;shortest;35;1;55;1,0
11;0,01;2;shortest;36;0;52;
11;0,01;2;shortest;37;1;55;1,0
11;0,01;2;shortest;38;1;55;1,0
11;0,01;2;shortest;39;1;55;1,0
11;0,01;2;shortest;40;1;55;1,0
11;0,01;2;shortest;41;1;55;1,0
11;0,01;2;shortest;42;1;55;1,0
11;0,01;2;shortest;43;1;55;1,0
11;0,01;2;shortest;44;1;55;1,0
11;0,01;2;shortest;45;1;55;1,0
11;0,01;2;shortest;46;1;55;1,0
11;0,01;2;shortest;47;1;55;1,0
11;0,01;2;shortest;48;1;55;1,0
11;0,01;2;shortest;49;0;54;
11;0,01;2;shortest;50;1;55;1,0
11;0,01;2;shortest;51;1;55;1,0
11;0,01;2;shortest;52;1;55;1,0
11;0,01;2;shortest;53;1;55;1,0
11;0,01;2;shortest;54;1;55;1,0
11;0,01;2;shortest;55;1;55;1,0
11;0,01;2;shortest;56;1;55;1,0
11;0,01;2;shortest;57;1;55;1,0
11;0,01;2;shortest;58;1;55;1,0
11;0,01;2;shortest;59;1;55;1,0
11;0,01;2;shortest;60;1;55;1,0
11;0,01;2;shortest;61;1;55;1,0
11;0,01;2;shortest;62;1;55;1,0
11;0,01;2;shortest;63;1;55;1,0
11;0,01;2;shortest;64;1;55;1,0
11;0,01;2;shortest;65;1;55;1,0
11;0,01;2;shortest;66;1;55;1,0
11;0,01;2;shortest;67;1;55;1,0
11;0,01;2;shortest;68;1;55;1,0
11;0,01;2;shortest;69;1;55;1,0
11;0,01;2;shortest;70;1;55;1,0
11;0,01;2;shortest;71;1;55;1,0
11;0,01;2;shortest;72;1;55;1,0
11;0,01;2;shortest;73;1;55;1,0
11;0,01;2;shortest;74;1;55;1,0
11;0,01;2;shortest;75;1;55;1,0
11;0,01;2;shortest;76;1;55;1,0
11;0,01;2;shortest;77;1;55;1,0
11;0,01;2;shortest;78;1;55;1,0
11;0,01;2;shortest;79;1;55;1,0
11;0,01;2;shortest;80;1;55;1,0
11;0,01;2;shortest;81;1;55;1,0
11;0,01;2;shortest;82;1;55;1,0
11;0,01;2;shortest;83;1;55;1,0
11;0,01;2;shortest;84;1;55;1,0
11;0,01;2;shortest;85;1;55;1,0
11;0,01;2;shortest;86;1;55;1,0
11;0,01;2;shortest;87;1;55;1,0
11;0,01;2;shortest;88;1;55;1,0
11;0,01;2;shortest;89;1;55;1,0
11;0,01;2;shortest;90;1;55;1,0
11;0,01;2;shortest;91;1;55;1,0
11;0,01;2;shortest;92;1;55;1,0
11;0,01;2;shortest;93;1;55;1,0
11;0,01;2;shortest;94;1;55;1,0
11;0,01;2;shortest;95;1;55;1,0
11;0,01;2;shortest;96;1;55;1,0
11;0,01;2;shortest;97;1;55;1,0
11;0,01;2;shortest;98;1;55;1,0
11;0,01;2;shortest;99;1;55;1,0
11;0,01;2;shortest;100;1;55;1,0
11;0,01;2;safe;1;1;55;1,0
11;0,01;2;safe;2;1;55;1,0
11;0,01;2;safe;3;1;55;1,0
11;0,01;2;safe;4;1;55;1,0
11;0,01;2;safe;5;1;55;1,0
11;0,01;2;safe;6;1;55;1,0
11;0,01;2;safe;7;1;55;1,0
11;0,01;2;safe;8;1;55;1,0
11;0,01;2;safe;9;1;55;1,0
11;0,01;2;safe;10;1;55;1,0
11;0,01;2;safe;11;1;55;1,0
11;0,01;2;safe;12;1;55;1,0
11;0,01;2;safe;13;1;55;1,0
11;0,01;2;safe;14;1;55;1,0
11;0,01;2;safe;15;1;55;1,0
11;0,01;2;safe;16;1;55;1,0
11;0,01;2;safe;17;1;55;1,0
11;0,01;2;safe;18;1;55;1,0
11;0,01;2;safe;19;1;55;1,0
11;0,01;2;safe;20;1;55;1,0
11;0,01;2;safe;21;1;55;1,0
11;0,01;2;safe;22;1;55;1,0
11;0,01;2;safe;23;1;55;1,0
11;0,01;2;safe;24;1;55;1,0
11;0,01;2;safe;25;1;55;1,0
11;0,01;2;safe;26;1;55;1,0
11;0,01;2;safe;27;0;52;
11;0,01;2;safe;28;1;55;1,0
11;0,01;2;safe;29;1;55;1,0
11;0,01;2;safe;30;0;51;
11;0,01;2;safe;31;1;55;1,0
11;0,01;2;safe;32;1;55;1,0
11;0,01;2;safe;33;1;55;1,0
11;0,01;2;safe;34;1;55;1,0
11;0,01;2;safe;35;1;55;1,0
11;0,01;2;safe;36;0;52;
11;0,01;2;safe;37;1;55;1,0
11;0,01;2;safe;38;1;55;1,0
11;0,01;2;safe;39;1;55;1,0
11;0,01;2;safe;40;1;55;1,0
11;0,01;2;safe;41;1;55;1,0
11;0,01;2;safe;42;1;55;1,0
11;0,01;2;safe;43;1;55;1,0
11;0,01;2;safe;44;1;55;1,0
11;0,01;2;safe;45;1;55;1,0
11;0,01;2;safe;46;1;55;1,0
11;0,01;2;safe;47;1;55;1,0
11;0,01;2;safe;48;1;55;1,0
11;0,01;2;safe;49;1;55;1,0
11;0,01;2;safe;50;1;55;1,0
11;0,01;2;safe;51;1;55;1,0
11;0,01;2;safe;52;1;55;1,0
11;0,01;2;safe;53;1;55;1,0
11;0,01;2;safe;54;0;49;
11;0,01;2;safe;55;1;55;1,0
11;0,01;2;safe;56;1;55;1,0
11;0,01;2;safe;57;0;43;
11;0,01;2;safe;58;1;55;1,0
11;0,01;2;safe;59;1;55;1,0
11;0,01;2;safe;60;1;55;1,0
11;0,01;2;safe;61;1;55;1,0
11;0,01;2;safe;62;1;55;1,0
11;0,01;2;safe;63;1;55;1,0
11;0,01;2;safe;64;1;55;1,0
11;0,01;2;safe;65;1;55;1,0
11;0,01;2;safe;66;1;55;1,0
11;0,01;2;safe;67;1;55;1,0
11;0,01;2;safe;68;1;55;1,0
11;0,01;2;safe;69;1;55;1,0
11;0,01;2;safe;70;1;55;1,0
11;0,01;2;safe;71;1;55;1,0
11;0,01;2;safe;72;1;55;1,0
11;0,01;2;safe;73;1;55;1,0
11;0,01;2;safe;74;1;55;1,0
11;0,01;2;safe;75;0;50;
11;0,01;2;safe;76;1;55;1,0
11;0,01;2;safe;77;1;55;1,0
11;0,01;2;safe;78;1;55;1,0
11;0,01;2;safe;79;1;55;1,0
11;0,01;2;safe;80;1;55;1,0
11;0,01;2;safe;81;0;53;
11;0,01;2;safe;82;1;55;1,0
11;0,01;2;safe;83;1;55;1,0
11;0,01;2;safe;84;1;55;1,0
11;0,01;2;safe;85;1;55;1,0
11;0,01;2;safe;86;1;55;1,0
11;0,01;2;safe;87;1;55;1,0
11;0,01;2;safe;88;1;55;1,0
11;0,01;2;safe;89;1;55;1,0
11;0,01;2;safe;90;0;44;
11;0,01;2;safe;91;1;55;1,0
11;0,01;2;safe;92;1;55;1,0
11;0,01;2;safe;93;1;55;1,0
11;0,01;2;safe;94;1;55;1,0
11;0,01;2;safe;95;1;55;1,0
11;0,01;2;safe;96;1;55;1,0
11;0,01;2;safe;97;1;55;1,0
11;0,01;2;safe;98;1;55;1,0
11;0,01;2;safe;99;1;55;1,0
11;0,01;2;safe;100;1;55;1,0
11;0,01;2;predictive;1;1;55;1,0
11;0,01;2;predictive;2;1;55;1,0
11;0,01;2;predictive;3;1;55;1,0
11;0,01;2;predictive;4;1;55;1,0
11;0,01;2;predictive;5;1;55;1,0
11;0,01;2;predictive;6;1;55;1,0
11;0,01;2;predictive;7;1;55;1,0
11;0,01;2;predictive;8;1;55;1,0
11;0,01;2;predictive;9;1;55;1,0
11;0,01;2;predictive;10;1;55;1,0
11;0,01;2;predictive;11;1;55;1,0
11;0,01;2;predictive;12;1;55;1,0
11;0,01;2;predictive;13;1;55;1,0
11;0,01;2;predictive;14;1;55;1,0
11;0,01;2;predictive;15;1;55;1,0
11;0,01;2;predictive;16;1;55;1,0
11;0,01;2;predictive;17;1;55;1,0
11;0,01;2;predictive;18;1;55;1,0
11;0,01;2;predictive;19;1;55;1,0
11;0,01;2;predictive;20;1;55;1,0
11;0,01;2;predictive;21;1;55;1,0
11;0,01;2;predictive;22;1;55;1,0
11;0,01;2;predictive;23;1;55;1,0
11;0,01;2;predictive;24;1;55;1,0
11;0,01;2;predictive;25;1;55;1,0
11;0,01;2;predictive;26;1;55;1,0
11;0,01;2;predictive;27;1;152;0,3618421052631579
11;0,01;2;predictive;28;1;55;1,0
11;0,01;2;predictive;29;1;55;1,0
11;0,01;2;predictive;30;1;55;1,0
11;0,01;2;predictive;31;1;55;1,0
11;0,01;2;predictive;32;1;117;0,4700854700854701
11;0,01;2;predictive;33;1;55;1,0
11;0,01;2;predictive;34;1;55;1,0
11;0,01;2;predictive;35;1;55;1,0
11;0,01;2;predictive;36;1;55;1,0
11;0,01;2;predictive;37;1;55;1,0
11;0,01;2;predictive;38;1;94;0,5851063829787234
11;0,01;2;predictive;39;1;55;1,0
11;0,01;2;predictive;40;1;55;1,0
11;0,01;2;predictive;41;1;64;0,859375
11;0,01;2;predictive;42;1;55;1,0
11;0,01;2;predictive;43;1;55;1,0
11;0,01;2;predictive;44;1;55;1,0
11;0,01;2;predictive;45;1;55;1,0
11;0,01;2;predictive;46;1;55;1,0
11;0,01;2;predictive;47;1;55;1,0
11;0,01;2;predictive;48;1;55;1,0
11;0,01;2;predictive;49;1;55;1,0
11;0,01;2;predictive;50;1;55;1,0
11;0,01;2;predictive;51;1;55;1,0
11;0,01;2;predictive;52;1;55;1,0
11;0,01;2;predictive;53;1;55;1,0
11;0,01;2;predictive;54;1;55;1,0
11;0,01;2;predictive;55;1;55;1,0
11;0,01;2;predictive;56;1;55;1,0
11;0,01;2;predictive;57;1;55;1,0
11;0,01;2;predictive;58;1;55;1,0
11;0,01;2;predictive;59;1;55;1,0
11;0,01;2;predictive;60;1;55;1,0
11;0,01;2;predictive;61;1;55;1,0
11;0,01;2;predictive;62;1;56;0,9821428571428571
11;0,01;2;predictive;63;1;55;1,0
11;0,01;2;predictive;64;1;55;1,0
11;0,01;2;predictive;65;1;55;1,0
11;0,01;2;predictive;66;1;55;1,0
11;0,01;2;predictive;67;1;55;1,0
11;0,01;2;predictive;68;1;55;1,0
11;0,01;2;predictive;69;1;55;1,0
11;0,01;2;predictive;70;1;55;1,0
11;0,01;2;predictive;71;1;55;1,0
11;0,01;2;predictive;72;1;55;1,0
11;0,01;2;predictive;73;1;55;1,0
11;0,01;2;predictive;74;1;55;1,0
11;0,01;2;predictive;75;1;55;1,0
11;0,01;2;predictive;76;1;55;1,0
11;0,01;2;predictive;77;1;55;1,0
11;0,01;2;predictive;78;1;55;1,0
11;0,01;2;predictive;79;1;55;1,0
11;0,01;2;predictive;80;1;55;1,0
11;0,01;2;predictive;81;1;55;1,0
11;0,01;2;predictive;82;1;58;0,9482758620689655
11;0,01;2;predictive;83;1;55;1,0
11;0,01;2;predictive;84;1;55;1,0
11;0,01;2;predictive;85;1;55;1,0
11;0,01;2;predictive;86;1;59;0,9322033898305084
11;0,01;2;predictive;87;1;55;1,0
11;0,01;2;predictive;88;1;55;1,0
11;0,01;2;predictive;89;1;55;1,0
11;0,01;2;predictive;90;1;55;1,0
11;0,01;2;predictive;91;1;55;1,0
11;0,01;2;predictive;92;1;55;1,0
11;0,01;2;predictive;93;1;55;1,0
11;0,01;2;predictive;94;1;55;1,0
11;0,01;2;predictive;95;1;55;1,0
11;0,01;2;predictive;96;1;55;1,0
11;0,01;2;predictive;97;1;55;1,0
11;0,01;2;predictive;98;1;55;1,0
11;0,01;2;predictive;99;1;55;1,0
11;0,01;2;predictive;100;1;55;1,0
11;0,01;3;shortest;1;1;41;1,0
11;0,01;3;shortest;2;1;41;1,0
11;0,01;3;shortest;3;1;41;1,0
11;0,01;3;shortest;4;1;41;1,0
11;0,01;3;shortest;5;1;41;1,0
11;0,01;3;shortest;6;1;41;1,0
11;0,01;3;shortest;7;1;41;1,0
11;0,01;3;shortest;8;1;41;1,0
11;0,01;3;shortest;9;1;41;1,0
11;0,01;3;shortest;10;1;41;1,0
11;0,01;3;shortest;11;1;41;1,0
11;0,01;3;shortest;12;1;41;1,0
11;0,01;3;shortest;13;0;38;
11;0,01;3;shortest;14;0;36;
11;0,01;3;shortest;15;1;41;1,0
11;0,01;3;shortest;16;1;41;1,0
11;0,01;3;shortest;17;1;41;1,0
11;0,01;3;shortest;18;1;41;1,0
11;0,01;3;shortest;19;1;41;1,0
11;0,01;3;shortest;20;1;41;1,0
11;0,01;3;shortest;21;1;41;1,0
11;0,01;3;shortest;22;0;34;
11;0,01;3;shortest;23;1;41;1,0
11;0,01;3;shortest;24;1;41;1,0
11;0,01;3;shortest;25;1;41;1,0
11;0,01;3;shortest;26;1;41;1,0
11;0,01;3;shortest;27;1;41;1,0
11;0,01;3;shortest;28;1;41;1,0
11;0,01;3;shortest;29;1;41;1,0
11;0,01;3;shortest;30;1;41;1,0
11;0,01;3;shortest;31;1;41;1,0
11;0,01;3;shortest;32;1;41;1,0
11;0,01;3;shortest;33;1;41;1,0
11;0,01;3;shortest;34;1;41;1,0
11;0,01;3;shortest;35;1;41;1,0
11;0,01;3;shortest;36;1;41;1,0
11;0,01;3;shortest;37;1;41;1,0
11;0,01;3;shortest;38;1;41;1,0
11;0,01;3;shortest;39;1;41;1,0
11;0,01;3;shortest;40;1;41;1,0
11;0,01;3;shortest;41;1;41;1,0
11;0,01;3;shortest;42;0;39;
11;0,01;3;shortest;43;1;41;1,0
11;0,01;3;shortest;44;1;41;1,0
11;0,01;3;shortest;45;1;41;1,0
11;0,01;3;shortest;46;1;41;1,0
11;0,01;3;shortest;47;1;41;1,0
11;0,01;3;shortest;48;1;41;1,0
11;0,01;3;shortest;49;1;41;1,0
11;0,01;3;shortest;50;1;41;1,0
11;0,01;3;shortest;51;1;41;1,0
11;0,01;3;shortest;52;1;41;1,0
11;0,01;3;shortest;53;1;41;1,0
11;0,01;3;shortest;54;1;41;1,0
11;0,01;3;shortest;55;1;41;1,0
11;0,01;3;shortest;56;1;41;1,0
11;0,01;3;shortest;57;0;39;
11;0,01;3;shortest;58;1;41;1,0
11;0,01;3;shortest;59;1;41;1,0
11;0,01;3;shortest;60;1;41;1,0
11;0,01;3;shortest;61;1;41;1,0
11;0,01;3;shortest;62;1;41;1,0
11;0,01;3;shortest;63;1;41;1,0
11;0,01;3;shortest;64;1;41;1,0
11;0,01;3;shortest;65;1;41;1,0
11;0,01;3;shortest;66;1;41;1,0
11;0,01;3;shortest;67;1;41;1,0
11;0,01;3;shortest;68;1;41;1,0
11;0,01;3;shortest;69;1;41;1,0
11;0,01;3;shortest;70;1;41;1,0
11;0,01;3;shortest;71;1;41;1,0
11;0,01;3;shortest;72;1;41;1,0
11;0,01;3;shortest;73;1;41;1,0
11;0,01;3;shortest;74;1;41;1,0
11;0,01;3;shortest;75;1;41;1,0
11;0,01;3;shortest;76;1;41;1,0
11;0,01;3;shortest;77;1;41;1,0
11;0,01;3;shortest;78;1;41;1,0
11;0,01;3;shortest;79;1;41;1,0
11;0,01;3;shortest;80;1;41;1,0
11;0,01;3;shortest;81;1;41;1,0
11;0,01;3;shortest;82;1;41;1,0
11;0,01;3;shortest;83;1;41;1,0
11;0,01;3;shortest;84;1;41;1,0
11;0,01;3;shortest;85;1;41;1,0
11;0,01;3;shortest;86;1;41;1,0
11;0,01;3;shortest;87;1;41;1,0
11;0,01;3;shortest;88;1;41;1,0
11;0,01;3;shortest;89;1;41;1,0
11;0,01;3;shortest;90;1;41;1,0
11;0,01;3;shortest;91;1;41;1,0
11;0,01;3;shortest;92;1;41;1,0
11;0,01;3;shortest;93;1;41;1,0
11;0,01;3;shortest;94;1;41;1,0
11;0,01;3;shortest;95;1;41;1,0
11;0,01;3;shortest;96;1;41;1,0
11;0,01;3;shortest;97;1;41;1,0
11;0,01;3;shortest;98;1;41;1,0
11;0,01;3;shortest;99;1;41;1,0
11;0,01;3;shortest;100;1;41;1,0
11;0,01;3;safe;1;1;41;1,0
11;0,01;3;safe;2;1;41;1,0
11;0,01;3;safe;3;1;41;1,0
11;0,01;3;safe;4;1;41;1,0
11;0,01;3;safe;5;1;41;1,0
11;0,01;3;safe;6;1;41;1,0
11;0,01;3;safe;7;1;41;1,0
11;0,01;3;safe;8;1;41;1,0
11;0,01;3;safe;9;1;41;1,0
11;0,01;3;safe;10;1;41;1,0
11;0,01;3;safe;11;1;41;1,0
11;0,01;3;safe;12;1;41;1,0
11;0,01;3;safe;13;1;42;0,9761904761904762
11;0,01;3;safe;14;1;41;1,0
11;0,01;3;safe;15;1;41;1,0
11;0,01;3;safe;16;1;41;1,0
11;0,01;3;safe;17;1;41;1,0
11;0,01;3;safe;18;1;41;1,0
11;0,01;3;safe;19;1;41;1,0
11;0,01;3;safe;20;1;41;1,0
11;0,01;3;safe;21;1;41;1,0
11;0,01;3;safe;22;1;41;1,0
11;0,01;3;safe;23;1;41;1,0
11;0,01;3;safe;24;1;41;1,0
11;0,01;3;safe;25;1;41;1,0
11;0,01;3;safe;26;1;41;1,0
11;0,01;3;safe;27;1;41;1,0
11;0,01;3;safe;28;1;41;1,0
11;0,01;3;safe;29;1;41;1,0
11;0,01;3;safe;30;1;41;1,0
11;0,01;3;safe;31;1;41;1,0
11;0,01;3;safe;32;1;41;1,0
11;0,01;3;safe;33;1;41;1,0
11;0,01;3;safe;34;1;41;1,0
11;0,01;3;safe;35;1;41;1,0
11;0,01;3;safe;36;1;41;1,0
11;0,01;3;safe;37;1;41;1,0
11;0,01;3;safe;38;0;40;
11;0,01;3;safe;39;1;41;1,0
11;0,01;3;safe;40;1;41;1,0
11;0,01;3;safe;41;1;41;1,0
11;0,01;3;safe;42;1;41;1,0
11;0,01;3;safe;43;1;41;1,0
11;0,01;3;safe;44;1;41;1,0
11;0,01;3;safe;45;1;41;1,0
11;0,01;3;safe;46;1;41;1,0
11;0,01;3;safe;47;1;41;1,0
11;0,01;3;safe;48;1;41;1,0
11;0,01;3;safe;49;1;41;1,0
11;0,01;3;safe;50;1;41;1,0
11;0,01;3;safe;51;1;41;1,0
11;0,01;3;safe;52;1;41;1,0
11;0,01;3;safe;53;1;41;1,0
11;0,01;3;safe;54;1;41;1,0
11;0,01;3;safe;55;1;41;1,0
11;0,01;3;safe;56;1;41;1,0
11;0,01;3;safe;57;0;39;
11;0,01;3;safe;58;1;41;1,0
11;0,01;3;safe;59;1;41;1,0
11;0,01;3;safe;60;1;41;1,0
11;0,01;3;safe;61;1;41;1,0
11;0,01;3;safe;62;1;41;1,0
11;0,01;3;safe;63;1;41;1,0
11;0,01;3;safe;64;1;41;1,0
11;0,01;3;safe;65;1;41;1,0
11;0,01;3;safe;66;1;41;1,0
11;0,01;3;safe;67;1;41;1,0
11;0,01;3;safe;68;1;41;1,0
11;0,01;3;safe;69;1;41;1,0
11;0,01;3;safe;70;1;41;1,0
11;0,01;3;safe;71;1;41;1,0
11;0,01;3;safe;72;1;41;1,0
11;0,01;3;safe;73;1;41;1,0
11;0,01;3;safe;74;1;41;1,0
11;0,01;3;safe;75;1;41;1,0
11;0,01;3;safe;76;1;41;1,0
11;0,01;3;safe;77;1;41;1,0
11;0,01;3;safe;78;1;41;1,0
11;0,01;3;safe;79;1;41;1,0
11;0,01;3;safe;80;1;41;1,0
11;0,01;3;safe;81;1;41;1,0
11;0,01;3;safe;82;1;41;1,0
11;0,01;3;safe;83;1;41;1,0
11;0,01;3;safe;84;1;41;1,0
11;0,01;3;safe;85;1;41;1,0
11;0,01;3;safe;86;1;41;1,0
11;0,01;3;safe;87;1;41;1,0
11;0,01;3;safe;88;1;41;1,0
11;0,01;3;safe;89;1;41;1,0
11;0,01;3;safe;90;1;41;1,0
11;0,01;3;safe;91;1;41;1,0
11;0,01;3;safe;92;1;41;1,0
11;0,01;3;safe;93;1;41;1,0
11;0,01;3;safe;94;1;41;1,0
11;0,01;3;safe;95;1;41;1,0
11;0,01;3;safe;96;1;41;1,0
11;0,01;3;safe;97;1;41;1,0
11;0,01;3;safe;98;1;41;1,0
11;0,01;3;safe;99;1;41;1,0
11;0,01;3;safe;100;1;41;1,0
11;0,01;3;predictive;1;1;41;1,0
11;0,01;3;predictive;2;1;41;1,0
11;0,01;3;predictive;3;1;41;1,0
11;0,01;3;predictive;4;1;41;1,0
11;0,01;3;predictive;5;1;41;1,0
11;0,01;3;predictive;6;1;41;1,0
11;0,01;3;predictive;7;1;41;1,0
11;0,01;3;predictive;8;1;41;1,0
11;0,01;3;predictive;9;1;41;1,0
11;0,01;3;predictive;10;1;41;1,0
11;0,01;3;predictive;11;1;41;1,0
11;0,01;3;predictive;12;1;42;0,9761904761904762
11;0,01;3;predictive;13;1;41;1,0
11;0,01;3;predictive;14;1;41;1,0
11;0,01;3;predictive;15;1;41;1,0
11;0,01;3;predictive;16;1;41;1,0
11;0,01;3;predictive;17;1;41;1,0
11;0,01;3;predictive;18;1;41;1,0
11;0,01;3;predictive;19;1;41;1,0
11;0,01;3;predictive;20;1;47;0,8723404255319149
11;0,01;3;predictive;21;1;41;1,0
11;0,01;3;predictive;22;1;41;1,0
11;0,01;3;predictive;23;1;41;1,0
11;0,01;3;predictive;24;1;41;1,0
11;0,01;3;predictive;25;1;41;1,0
11;0,01;3;predictive;26;1;41;1,0
11;0,01;3;predictive;27;1;41;1,0
11;0,01;3;predictive;28;1;41;1,0
11;0,01;3;predictive;29;1;41;1,0
11;0,01;3;predictive;30;1;41;1,0
11;0,01;3;predictive;31;1;41;1,0
11;0,01;3;predictive;32;1;41;1,0
11;0,01;3;predictive;33;1;41;1,0
11;0,01;3;predictive;34;1;41;1,0
11;0,01;3;predictive;35;1;41;1,0
11;0,01;3;predictive;36;1;41;1,0
11;0,01;3;predictive;37;1;41;1,0
11;0,01;3;predictive;38;1;41;1,0
11;0,01;3;predictive;39;1;41;1,0
11;0,01;3;predictive;40;1;41;1,0
11;0,01;3;predictive;41;1;41;1,0
11;0,01;3;predictive;42;1;41;1,0
11;0,01;3;predictive;43;1;41;1,0
11;0,01;3;predictive;44;1;41;1,0
11;0,01;3;predictive;45;1;41;1,0
11;0,01;3;predictive;46;1;41;1,0
11;0,01;3;predictive;47;1;41;1,0
11;0,01;3;predictive;48;1;41;1,0
11;0,01;3;predictive;49;1;41;1,0
11;0,01;3;predictive;50;1;41;1,0
11;0,01;3;predictive;51;1;41;1,0
11;0,01;3;predictive;52;1;41;1,0
11;0,01;3;predictive;53;1;41;1,0
11;0,01;3;predictive;54;1;41;1,0
11;0,01;3;predictive;55;1;41;1,0
11;0,01;3;predictive;56;1;41;1,0
11;0,01;3;predictive;57;1;41;1,0
11;0,01;3;predictive;58;1;41;1,0
11;0,01;3;predictive;59;1;41;1,0
11;0,01;3;predictive;60;1;41;1,0
11;0,01;3;predictive;61;1;41;1,0
11;0,01;3;predictive;62;1;41;1,0
11;0,01;3;predictive;63;1;41;1,0
11;0,01;3;predictive;64;1;41;1,0
11;0,01;3;predictive;65;1;41;1,0
11;0,01;3;predictive;66;1;41;1,0
11;0,01;3;predictive;67;1;41;1,0
11;0,01;3;predictive;68;1;41;1,0
11;0,01;3;predictive;69;1;41;1,0
11;0,01;3;predictive;70;1;41;1,0
11;0,01;3;predictive;71;1;41;1,0
11;0,01;3;predictive;72;1;41;1,0
11;0,01;3;predictive;73;1;41;1,0
11;0,01;3;predictive;74;1;41;1,0
11;0,01;3;predictive;75;1;41;1,0
11;0,01;3;predictive;76;1;41;1,0
11;0,01;3;predictive;77;1;41;1,0
11;0,01;3;predictive;78;1;41;1,0
11;0,01;3;predictive;79;1;41;1,0
11;0,01;3;predictive;80;1;41;1,0
11;0,01;3;predictive;81;1;41;1,0
11;0,01;3;predictive;82;1;48;0,8541666666666666
11;0,01;3;predictive;83;1;41;1,0
11;0,01;3;predictive;84;1;41;1,0
11;0,01;3;predictive;85;1;41;1,0
11;0,01;3;predictive;86;1;41;1,0
11;0,01;3;predictive;87;1;41;1,0
11;0,01;3;predictive;88;1;41;1,0
11;0,01;3;predictive;89;1;46;0,8913043478260869
11;0,01;3;predictive;90;1;41;1,0
11;0,01;3;predictive;91;1;41;1,0
11;0,01;3;predictive;92;1;41;1,0
11;0,01;3;predictive;93;1;41;1,0
11;0,01;3;predictive;94;1;41;1,0
11;0,01;3;predictive;95;1;41;1,0
11;0,01;3;predictive;96;1;41;1,0
11;0,01;3;predictive;97;1;41;1,0
11;0,01;3;predictive;98;1;41;1,0
11;0,01;3;predictive;99;1;41;1,0
11;0,01;3;predictive;100;1;41;1,0
11;0,02;1;shortest;1;1;59;1,0
11;0,02;1;shortest;2;1;59;1,0
11;0,02;1;shortest;3;1;59;1,0
11;0,02;1;shortest;4;1;59;1,0
11;0,02;1;shortest;5;1;59;1,0
11;0,02;1;shortest;6;1;59;1,0
11;0,02;1;shortest;7;1;59;1,0
11;0,02;1;shortest;8;1;59;1,0
11;0,02;1;shortest;9;1;59;1,0
11;0,02;1;shortest;10;1;59;1,0
11;0,02;1;shortest;11;1;59;1,0
11;0,02;1;shortest;12;1;59;1,0
11;0,02;1;shortest;13;1;59;1,0
11;0,02;1;shortest;14;0;55;
11;0,02;1;shortest;15;1;59;1,0
11;0,02;1;shortest;16;1;59;1,0
11;0,02;1;shortest;17;1;59;1,0
11;0,02;1;shortest;18;1;59;1,0
11;0,02;1;shortest;19;1;59;1,0
11;0,02;1;shortest;20;0;16;
11;0,02;1;shortest;21;1;59;1,0
11;0,02;1;shortest;22;1;59;1,0
11;0,02;1;shortest;23;1;59;1,0
11;0,02;1;shortest;24;1;59;1,0
11;0,02;1;shortest;25;1;59;1,0
11;0,02;1;shortest;26;1;59;1,0
11;0,02;1;shortest;27;1;59;1,0
11;0,02;1;shortest;28;1;59;1,0
11;0,02;1;shortest;29;1;59;1,0
11;0,02;1;shortest;30;1;59;1,0
11;0,02;1;shortest;31;1;59;1,0
11;0,02;1;shortest;32;1;59;1,0
11;0,02;1;shortest;33;1;59;1,0
11;0,02;1;shortest;34;1;59;1,0
11;0,02;1;shortest;35;1;59;1,0
11;0,02;1;shortest;36;1;59;1,0
11;0,02;1;shortest;37;1;59;1,0
11;0,02;1;shortest;38;1;59;1,0
11;0,02;1;shortest;39;1;59;1,0
11;0,02;1;shortest;40;1;59;1,0
11;0,02;1;shortest;41;0;16;
11;0,02;1;shortest;42;0;18;
11;0,02;1;shortest;43;1;59;1,0
11;0,02;1;shortest;44;1;59;1,0
11;0,02;1;shortest;45;1;59;1,0
11;0,02;1;shortest;46;1;59;1,0
11;0,02;1;shortest;47;1;59;1,0
11;0,02;1;shortest;48;1;59;1,0
11;0,02;1;shortest;49;0;54;
11;0,02;1;shortest;50;1;59;1,0
11;0,02;1;shortest;51;0;48;
11;0,02;1;shortest;52;0;56;
11;0,02;1;shortest;53;1;59;1,0
11;0,02;1;shortest;54;1;59;1,0
11;0,02;1;shortest;55;1;59;1,0
11;0,02;1;shortest;56;1;59;1,0
11;0,02;1;shortest;57;1;59;1,0
11;0,02;1;shortest;58;1;59;1,0
11;0,02;1;shortest;59;1;59;1,0
11;0,02;1;shortest;60;1;59;1,0
11;0,02;1;shortest;61;1;59;1,0
11;0,02;1;shortest;62;1;59;1,0
11;0,02;1;shortest;63;0;58;
11;0,02;1;shortest;64;1;59;1,0
11;0,02;1;shortest;65;1;59;1,0
11;0,02;1;shortest;66;1;59;1,0
11;0,02;1;shortest;67;0;15;
11;0,02;1;shortest;68;1;59;1,0
11;0,02;1;shortest;69;1;59;1,0
11;0,02;1;shortest;70;1;59;1,0
11;0,02;1;shortest;71;1;59;1,0
11;0,02;1;shortest;72;1;59;1,0
11;0,02;1;shortest;73;1;59;1,0
11;0,02;1;shortest;74;1;59;1,0
11;0,02;1;shortest;75;1;59;1,0
11;0,02;1;shortest;76;1;59;1,0
11;0,02;1;shortest;77;1;59;1,0
11;0,02;1;shortest;78;1;59;1,0
11;0,02;1;shortest;79;1;59;1,0
11;0,02;1;shortest;80;1;59;1,0
11;0,02;1;shortest;81;1;59;1,0
11;0,02;1;shortest;82;1;59;1,0
11;0,02;1;shortest;83;0;15;
11;0,02;1;shortest;84;1;59;1,0
11;0,02;1;shortest;85;0;57;
11;0,02;1;shortest;86;1;59;1,0
11;0,02;1;shortest;87;0;51;
11;0,02;1;shortest;88;0;58;
11;0,02;1;shortest;89;1;59;1,0
11;0,02;1;shortest;90;1;59;1,0
11;0,02;1;shortest;91;1;59;1,0
11;0,02;1;shortest;92;1;59;1,0
11;0,02;1;shortest;93;0;16;
11;0,02;1;shortest;94;1;59;1,0
11;0,02;1;shortest;95;0;52;
11;0,02;1;shortest;96;1;59;1,0
11;0,02;1;shortest;97;1;59;1,0
11;0,02;1;shortest;98;1;59;1,0
11;0,02;1;shortest;99;1;59;1,0
11;0,02;1;shortest;100;1;59;1,0
11;0,02;1;safe;1;1;59;1,0
11;0,02;1;safe;2;1;59;1,0
11;0,02;1;safe;3;1;59;1,0
11;0,02;1;safe;4;1;59;1,0
11;0,02;1;safe;5;1;59;1,0
11;0,02;1;safe;6;1;59;1,0
11;0,02;1;safe;7;1;59;1,0
11;0,02;1;safe;8;1;59;1,0
11;0,02;1;safe;9;1;59;1,0
11;0,02;1;safe;10;1;59;1,0
11;0,02;1;safe;11;1;59;1,0
11;0,02;1;safe;12;1;59;1,0
11;0,02;1;safe;13;1;59;1,0
11;0,02;1;safe;14;0;55;
11;0,02;1;safe;15;1;59;1,0
11;0,02;1;safe;16;1;59;1,0
11;0,02;1;safe;17;1;59;1,0
11;0,02;1;safe;18;1;59;1,0
11;0,02;1;safe;19;1;59;1,0
11;0,02;1;safe;20;0;16;
11;0,02;1;safe;21;1;59;1,0
11;0,02;1;safe;22;1;59;1,0
11;0,02;1;safe;23;0;16;
11;0,02;1;safe;24;1;59;1,0
11;0,02;1;safe;25;1;59;1,0
11;0,02;1;safe;26;1;59;1,0
11;0,02;1;safe;27;1;59;1,0
11;0,02;1;safe;28;1;59;1,0
11;0,02;1;safe;29;1;59;1,0
11;0,02;1;safe;30;1;59;1,0
11;0,02;1;safe;31;1;59;1,0
11;0,02;1;safe;32;1;59;1,0
11;0,02;1;safe;33;1;59;1,0
11;0,02;1;safe;34;1;59;1,0
11;0,02;1;safe;35;0;57;
11;0,02;1;safe;36;1;59;1,0
11;0,02;1;safe;37;1;59;1,0
11;0,02;1;safe;38;1;59;1,0
11;0,02;1;safe;39;1;59;1,0
11;0,02;1;safe;40;1;59;1,0
11;0,02;1;safe;41;1;59;1,0
11;0,02;1;safe;42;1;59;1,0
11;0,02;1;safe;43;0;55;
11;0,02;1;safe;44;1;59;1,0
11;0,02;1;safe;45;1;59;1,0
11;0,02;1;safe;46;1;59;1,0
11;0,02;1;safe;47;1;60;0,9833333333333333
11;0,02;1;safe;48;0;14;
11;0,02;1;safe;49;1;59;1,0
11;0,02;1;safe;50;1;59;1,0
11;0,02;1;safe;51;1;59;1,0
11;0,02;1;safe;52;1;59;1,0
11;0,02;1;safe;53;1;59;1,0
11;0,02;1;safe;54;1;59;1,0
11;0,02;1;safe;55;1;59;1,0
11;0,02;1;safe;56;1;59;1,0
11;0,02;1;safe;57;1;59;1,0
11;0,02;1;safe;58;1;59;1,0
11;0,02;1;safe;59;1;59;1,0
11;0,02;1;safe;60;1;59;1,0
11;0,02;1;safe;61;1;59;1,0
11;0,02;1;safe;62;1;59;1,0
11;0,02;1;safe;63;1;59;1,0
11;0,02;1;safe;64;0;56;
11;0,02;1;safe;65;1;59;1,0
11;0,02;1;safe;66;1;59;1,0
11;0,02;1;safe;67;1;59;1,0
11;0,02;1;safe;68;1;59;1,0
11;0,02;1;safe;69;0;16;
11;0,02;1;safe;70;1;59;1,0
11;0,02;1;safe;71;1;59;1,0
11;0,02;1;safe;72;1;59;1,0
11;0,02;1;safe;73;1;59;1,0
11;0,02;1;safe;74;1;59;1,0
11;0,02;1;safe;75;1;59;1,0
11;0,02;1;safe;76;1;59;1,0
11;0,02;1;safe;77;1;59;1,0
11;0,02;1;safe;78;1;59;1,0
11;0,02;1;safe;79;1;59;1,0
11;0,02;1;safe;80;1;59;1,0
11;0,02;1;safe;81;0;55;
11;0,02;1;safe;82;1;59;1,0
11;0,02;1;safe;83;1;59;1,0
11;0,02;1;safe;84;0;13;
11;0,02;1;safe;85;1;59;1,0
11;0,02;1;safe;86;1;59;1,0
11;0,02;1;safe;87;1;59;1,0
11;0,02;1;safe;88;1;59;1,0
11;0,02;1;safe;89;1;59;1,0
11;0,02;1;safe;90;1;59;1,0
11;0,02;1;safe;91;1;59;1,0
11;0,02;1;safe;92;1;59;1,0
11;0,02;1;safe;93;1;59;1,0
11;0,02;1;safe;94;1;59;1,0
11;0,02;1;safe;95;1;59;1,0
11;0,02;1;safe;96;1;60;0,9833333333333333
11;0,02;1;safe;97;0;52;
11;0,02;1;safe;98;0;15;
11;0,02;1;safe;99;1;59;1,0
11;0,02;1;safe;100;1;59;1,0
11;0,02;1;predictive;1;1;59;1,0
11;0,02;1;predictive;2;1;59;1,0
11;0,02;1;predictive;3;1;59;1,0
11;0,02;1;predictive;4;1;59;1,0
11;0,02;1;predictive;5;1;59;1,0
11;0,02;1;predictive;6;1;59;1,0
11;0,02;1;predictive;7;1;59;1,0
11;0,02;1;predictive;8;1;59;1,0
11;0,02;1;predictive;9;1;59;1,0
11;0,02;1;predictive;10;1;59;1,0
11;0,02;1;predictive;11;1;59;1,0
11;0,02;1;predictive;12;1;59;1,0
11;0,02;1;predictive;13;1;59;1,0
11;0,02;1;predictive;14;1;74;0,7972972972972973
11;0,02;1;predictive;15;1;59;1,0
11;0,02;1;predictive;16;1;59;1,0
11;0,02;1;predictive;17;1;59;1,0
11;0,02;1;predictive;18;1;110;0,5363636363636364
11;0,02;1;predictive;19;1;59;1,0
11;0,02;1;predictive;20;1;59;1,0
11;0,02;1;predictive;21;0;107;
11;0,02;1;predictive;22;1;60;0,9833333333333333
11;0,02;1;predictive;23;1;60;0,9833333333333333
11;0,02;1;predictive;24;1;59;1,0
11;0,02;1;predictive;25;1;59;1,0
11;0,02;1;predictive;26;1;59;1,0
11;0,02;1;predictive;27;1;116;0,5086206896551724
11;0,02;1;predictive;28;1;59;1,0
11;0,02;1;predictive;29;1;59;1,0
11;0,02;1;predictive;30;1;59;1,0
11;0,02;1;predictive;31;1;59;1,0
11;0,02;1;predictive;32;1;59;1,0
11;0,02;1;predictive;33;1;62;0,9516129032258065
11;0,02;1;predictive;34;1;66;0,8939393939393939
11;0,02;1;predictive;35;1;59;1,0
11;0,02;1;predictive;36;1;59;1,0
11;0,02;1;predictive;37;1;59;1,0
11;0,02;1;predictive;38;1;59;1,0
11;0,02;1;predictive;39;1;59;1,0
11;0,02;1;predictive;40;1;59;1,0
11;0,02;1;predictive;41;1;86;0,686046511627907
11;0,02;1;predictive;42;1;59;1,0
11;0,02;1;predictive;43;1;75;0,7866666666666666
11;0,02;1;predictive;44;1;59;1,0
11;0,02;1;predictive;45;1;59;1,0
11;0,02;1;predictive;46;1;59;1,0
11;0,02;1;predictive;47;1;59;1,0
11;0,02;1;predictive;48;1;59;1,0
11;0,02;1;predictive;49;1;59;1,0
11;0,02;1;predictive;50;1;59;1,0
11;0,02;1;predictive;51;1;59;1,0
11;0,02;1;predictive;52;1;61;0,9672131147540983
11;0,02;1;predictive;53;1;59;1,0
11;0,02;1;predictive;54;1;59;1,0
11;0,02;1;predictive;55;1;59;1,0
11;0,02;1;predictive;56;1;71;0,8309859154929577
11;0,02;1;predictive;57;1;128;0,4609375
11;0,02;1;predictive;58;1;59;1,0
11;0,02;1;predictive;59;1;125;0,472
11;0,02;1;predictive;60;1;59;1,0
11;0,02;1;predictive;61;1;59;1,0
11;0,02;1;predictive;62;1;59;1,0
11;0,02;1;predictive;63;1;59;1,0
11;0,02;1;predictive;64;1;59;1,0
11;0,02;1;predictive;65;1;59;1,0
11;0,02;1;predictive;66;1;59;1,0
11;0,02;1;predictive;67;1;94;0,6276595744680851
11;0,02;1;predictive;68;1;84;0,7023809523809523
11;0,02;1;predictive;69;1;69;0,855072463768116
11;0,02;1;predictive;70;1;59;1,0
11;0,02;1;predictive;71;1;59;1,0
11;0,02;1;predictive;72;1;59;1,0
11;0,02;1;predictive;73;1;59;1,0
11;0,02;1;predictive;74;1;59;1,0
11;0,02;1;predictive;75;1;59;1,0
11;0,02;1;predictive;76;1;67;0,8805970149253731
11;0,02;1;predictive;77;1;59;1,0
11;0,02;1;predictive;78;1;66;0,8939393939393939
11;0,02;1;predictive;79;1;63;0,9365079365079365
11;0,02;1;predictive;80;1;59;1,0
11;0,02;1;predictive;81;1;81;0,7283950617283951
11;0,02;1;predictive;82;1;59;1,0
11;0,02;1;predictive;83;1;59;1,0
11;0,02;1;predictive;84;1;59;1,0
11;0,02;1;predictive;85;1;120;0,49166666666666664
11;0,02;1;predictive;86;1;59;1,0
11;0,02;1;predictive;87;1;59;1,0
11;0,02;1;predictive;88;1;61;0,9672131147540983
11;0,02;1;predictive;89;1;85;0,6941176470588235
11;0,02;1;predictive;90;1;59;1,0
11;0,02;1;predictive;91;1;64;0,921875
11;0,02;1;predictive;92;1;59;1,0
11;0,02;1;predictive;93;1;59;1,0
11;0,02;1;predictive;94;1;59;1,0
11;0,02;1;predictive;95;1;59;1,0
11;0,02;1;predictive;96;1;59;1,0
11;0,02;1;predictive;97;1;59;1,0
11;0,02;1;predictive;98;1;59;1,0
11;0,02;1;predictive;99;1;59;1,0
11;0,02;1;predictive;100;1;59;1,0
11;0,02;2;shortest;1;1;55;1,0
11;0,02;2;shortest;2;1;55;1,0
11;0,02;2;shortest;3;1;55;1,0
11;0,02;2;shortest;4;0;53;
11;0,02;2;shortest;5;0;52;
11;0,02;2;shortest;6;1;55;1,0
11;0,02;2;shortest;7;1;55;1,0
11;0,02;2;shortest;8;1;55;1,0
11;0,02;2;shortest;9;1;55;1,0
11;0,02;2;shortest;10;0;48;
11;0,02;2;shortest;11;1;55;1,0
11;0,02;2;shortest;12;1;55;1,0
11;0,02;2;shortest;13;1;55;1,0
11;0,02;2;shortest;14;1;55;1,0
11;0,02;2;shortest;15;1;55;1,0
11;0,02;2;shortest;16;1;55;1,0
11;0,02;2;shortest;17;1;55;1,0
11;0,02;2;shortest;18;1;55;1,0
11;0,02;2;shortest;19;1;55;1,0
11;0,02;2;shortest;20;1;55;1,0
11;0,02;2;shortest;21;1;55;1,0
11;0,02;2;shortest;22;1;55;1,0
11;0,02;2;shortest;23;1;55;1,0
11;0,02;2;shortest;24;1;55;1,0
11;0,02;2;shortest;25;1;55;1,0
11;0,02;2;shortest;26;1;55;1,0
11;0,02;2;shortest;27;1;55;1,0
11;0,02;2;shortest;28;1;55;1,0
11;0,02;2;shortest;29;0;44;
11;0,02;2;shortest;30;0;45;
11;0,02;2;shortest;31;1;55;1,0
11;0,02;2;shortest;32;1;55;1,0
11;0,02;2;shortest;33;1;55;1,0
11;0,02;2;shortest;34;1;55;1,0
11;0,02;2;shortest;35;1;55;1,0
11;0,02;2;shortest;36;1;55;1,0
11;0,02;2;shortest;37;1;55;1,0
11;0,02;2;shortest;38;1;55;1,0
11;0,02;2;shortest;39;1;55;1,0
11;0,02;2;shortest;40;1;55;1,0
11;0,02;2;shortest;41;0;53;
11;0,02;2;shortest;42;1;55;1,0
11;0,02;2;shortest;43;0;53;
11;0,02;2;shortest;44;1;55;1,0
11;0,02;2;shortest;45;1;55;1,0
11;0,02;2;shortest;46;1;55;1,0
11;0,02;2;shortest;47;1;55;1,0
11;0,02;2;shortest;48;1;55;1,0
11;0,02;2;shortest;49;0;54;
11;0,02;2;shortest;50;1;55;1,0
11;0,02;2;shortest;51;1;55;1,0
11;0,02;2;shortest;52;1;55;1,0
11;0,02;2;shortest;53;1;55;1,0
11;0,02;2;shortest;54;1;55;1,0
11;0,02;2;shortest;55;1;55;1,0
11;0,02;2;shortest;56;0;52;
11;0,02;2;shortest;57;1;55;1,0
11;0,02;2;shortest;58;1;55;1,0
11;0,02;2;shortest;59;1;55;1,0
11;0,02;2;shortest;60;1;55;1,0
11;0,02;2;shortest;61;1;55;1,0
11;0,02;2;shortest;62;1;55;1,0
11;0,02;2;shortest;63;1;55;1,0
11;0,02;2;shortest;64;1;55;1,0
11;0,02;2;shortest;65;1;55;1,0
11;0,02;2;shortest;66;1;55;1,0
11;0,02;2;shortest;67;1;55;1,0
11;0,02;2;shortest;68;1;55;1,0
11;0,02;2;shortest;69;1;55;1,0
11;0,02;2;shortest;70;0;53;
11;0,02;2;shortest;71;1;55;1,0
11;0,02;2;shortest;72;1;55;1,0
11;0,02;2;shortest;73;1;55;1,0
11;0,02;2;shortest;74;1;55;1,0
11;0,02;2;shortest;75;1;55;1,0
11;0,02;2;shortest;76;1;55;1,0
11;0,02;2;shortest;77;1;55;1,0
11;0,02;2;shortest;78;1;55;1,0
11;0,02;2;shortest;79;1;55;1,0
11;0,02;2;shortest;80;1;55;1,0
11;0,02;2;shortest;81;1;55;1,0
11;0,02;2;shortest;82;1;55;1,0
11;0,02;2;shortest;83;1;55;1,0
11;0,02;2;shortest;84;1;55;1,0
11;0,02;2;shortest;85;0;44;
11;0,02;2;shortest;86;1;55;1,0
11;0,02;2;shortest;87;1;55;1,0
11;0,02;2;shortest;88;1;55;1,0
11;0,02;2;shortest;89;1;55;1,0
11;0,02;2;shortest;90;0;46;
11;0,02;2;shortest;91;1;55;1,0
11;0,02;2;shortest;92;1;55;1,0
11;0,02;2;shortest;93;1;55;1,0
11;0,02;2;shortest;94;0;48;
11;0,02;2;shortest;95;0;53;
11;0,02;2;shortest;96;1;55;1,0
11;0,02;2;shortest;97;1;55;1,0
11;0,02;2;shortest;98;1;55;1,0
11;0,02;2;shortest;99;1;55;1,0
11;0,02;2;shortest;100;0;43;
11;0,02;2;safe;1;1;55;1,0
11;0,02;2;safe;2;1;55;1,0
11;0,02;2;safe;3;1;55;1,0
11;0,02;2;safe;4;0;53;
11;0,02;2;safe;5;0;52;
11;0,02;2;safe;6;1;55;1,0
11;0,02;2;safe;7;1;55;1,0
11;0,02;2;safe;8;1;55;1,0
11;0,02;2;safe;9;1;55;1,0
11;0,02;2;safe;10;0;48;
11;0,02;2;safe;11;1;55;1,0
11;0,02;2;safe;12;1;55;1,0
11;0,02;2;safe;13;0;52;
11;0,02;2;safe;14;1;55;1,0
11;0,02;2;safe;15;1;55;1,0
11;0,02;2;safe;16;1;55;1,0
11;0,02;2;safe;17;1;55;1,0
11;0,02;2;safe;18;1;55;1,0
11;0,02;2;safe;19;1;55;1,0
11;0,02;2;safe;20;1;55;1,0
11;0,02;2;safe;21;1;55;1,0
11;0,02;2;safe;22;1;55;1,0
11;0,02;2;safe;23;1;55;1,0
11;0,02;2;safe;24;1;55;1,0
11;0,02;2;safe;25;0;53;
11;0,02;2;safe;26;1;55;1,0
11;0,02;2;safe;27;1;55;1,0
11;0,02;2;safe;28;1;55;1,0
11;0,02;2;safe;29;1;55;1,0
11;0,02;2;safe;30;1;55;1,0
11;0,02;2;safe;31;1;55;1,0
11;0,02;2;safe;32;1;55;1,0
11;0,02;2;safe;33;1;55;1,0
11;0,02;2;safe;34;1;55;1,0
11;0,02;2;safe;35;1;55;1,0
11;0,02;2;safe;36;0;49;
11;0,02;2;safe;37;1;55;1,0
11;0,02;2;safe;38;1;55;1,0
11;0,02;2;safe;39;1;55;1,0
11;0,02;2;safe;40;0;54;
11;0,02;2;safe;41;1;55;1,0
11;0,02;2;safe;42;0;53;
11;0,02;2;safe;43;0;48;
11;0,02;2;safe;44;1;55;1,0
11;0,02;2;safe;45;1;55;1,0
11;0,02;2;safe;46;0;45;
11;0,02;2;safe;47;1;55;1,0
11;0,02;2;safe;48;0;50;
11;0,02;2;safe;49;1;55;1,0
11;0,02;2;safe;50;1;55;1,0
11;0,02;2;safe;51;0;52;
11;0,02;2;safe;52;1;55;1,0
11;0,02;2;safe;53;1;55;1,0
11;0,02;2;safe;54;1;55;1,0
11;0,02;2;safe;55;1;55;1,0
11;0,02;2;safe;56;1;55;1,0
11;0,02;2;safe;57;1;55;1,0
11;0,02;2;safe;58;1;55;1,0
11;0,02;2;safe;59;1;55;1,0
11;0,02;2;safe;60;0;50;
11;0,02;2;safe;61;1;55;1,0
11;0,02;2;safe;62;1;55;1,0
11;0,02;2;safe;63;1;55;1,0
11;0,02;2;safe;64;1;55;1,0
11;0,02;2;safe;65;1;55;1,0
11;0,02;2;safe;66;1;55;1,0
11;0,02;2;safe;67;1;55;1,0
11;0,02;2;safe;68;1;55;1,0
11;0,02;2;safe;69;1;55;1,0
11;0,02;2;safe;70;0;52;
11;0,02;2;safe;71;1;55;1,0
11;0,02;2;safe;72;0;52;
11;0,02;2;safe;73;1;55;1,0
11;0,02;2;safe;74;1;55;1,0
11;0,02;2;safe;75;1;55;1,0
11;0,02;2;safe;76;0;54;
11;0,02;2;safe;77;1;55;1,0
11;0,02;2;safe;78;1;55;1,0
11;0,02;2;safe;79;0;49;
11;0,02;2;safe;80;1;55;1,0
11;0,02;2;safe;81;1;55;1,0
11;0,02;2;safe;82;1;55;1,0
11;0,02;2;safe;83;1;55;1,0
11;0,02;2;safe;84;1;55;1,0
11;0,02;2;safe;85;1;55;1,0
11;0,02;2;safe;86;0;49;
11;0,02;2;safe;87;1;55;1,0
11;0,02;2;safe;88;1;55;1,0
11;0,02;2;safe;89;1;55;1,0
11;0,02;2;safe;90;1;55;1,0
11;0,02;2;safe;91;1;55;1,0
11;0,02;2;safe;92;1;55;1,0
11;0,02;2;safe;93;1;55;1,0
11;0,02;2;safe;94;1;55;1,0
11;0,02;2;safe;95;1;55;1,0
11;0,02;2;safe;96;1;55;1,0
11;0,02;2;safe;97;1;55;1,0
11;0,02;2;safe;98;1;55;1,0
11;0,02;2;safe;99;1;55;1,0
11;0,02;2;safe;100;1;55;1,0
11;0,02;2;predictive;1;1;55;1,0
11;0,02;2;predictive;2;1;55;1,0
11;0,02;2;predictive;3;1;55;1,0
11;0,02;2;predictive;4;1;60;0,9166666666666666
11;0,02;2;predictive;5;1;55;1,0
11;0,02;2;predictive;6;1;55;1,0
11;0,02;2;predictive;7;1;55;1,0
11;0,02;2;predictive;8;1;55;1,0
11;0,02;2;predictive;9;1;55;1,0
11;0,02;2;predictive;10;1;55;1,0
11;0,02;2;predictive;11;1;55;1,0
11;0,02;2;predictive;12;1;55;1,0
11;0,02;2;predictive;13;1;55;1,0
11;0,02;2;predictive;14;1;55;1,0
11;0,02;2;predictive;15;1;55;1,0
11;0,02;2;predictive;16;1;55;1,0
11;0,02;2;predictive;17;1;57;0,9649122807017544
11;0,02;2;predictive;18;1;55;1,0
11;0,02;2;predictive;19;1;55;1,0
11;0,02;2;predictive;20;1;55;1,0
11;0,02;2;predictive;21;1;55;1,0
11;0,02;2;predictive;22;1;55;1,0
11;0,02;2;predictive;23;1;55;1,0
11;0,02;2;predictive;24;1;55;1,0
11;0,02;2;predictive;25;1;55;1,0
11;0,02;2;predictive;26;1;55;1,0
11;0,02;2;predictive;27;1;66;0,8333333333333334
11;0,02;2;predictive;28;1;55;1,0
11;0,02;2;predictive;29;1;55;1,0
11;0,02;2;predictive;30;1;55;1,0
11;0,02;2;predictive;31;1;59;0,9322033898305084
11;0,02;2;predictive;32;1;55;1,0
11;0,02;2;predictive;33;1;55;1,0
11;0,02;2;predictive;34;1;55;1,0
11;0,02;2;predictive;35;1;55;1,0
11;0,02;2;predictive;36;1;55;1,0
11;0,02;2;predictive;37;1;55;1,0
11;0,02;2;predictive;38;1;55;1,0
11;0,02;2;predictive;39;1;56;0,9821428571428571
11;0,02;2;predictive;40;1;55;1,0
11;0,02;2;predictive;41;1;55;1,0
11;0,02;2;predictive;42;1;62;0,8870967741935484
11;0,02;2;predictive;43;1;55;1,0
11;0,02;2;predictive;44;1;55;1,0
11;0,02;2;predictive;45;1;55;1,0
11;0,02;2;predictive;46;1;55;1,0
11;0,02;2;predictive;47;1;55;1,0
11;0,02;2;predictive;48;1;55;1,0
11;0,02;2;predictive;49;1;55;1,0
11;0,02;2;predictive;50;1;55;1,0
11;0,02;2;predictive;51;1;55;1,0
11;0,02;2;predictive;52;1;55;1,0
11;0,02;2;predictive;53;1;55;1,0
11;0,02;2;predictive;54;1;55;1,0
11;0,02;2;predictive;55;1;59;0,9322033898305084
11;0,02;2;predictive;56;1;55;1,0
11;0,02;2;predictive;57;1;55;1,0
11;0,02;2;predictive;58;1;65;0,8461538461538461
11;0,02;2;predictive;59;1;55;1,0
11;0,02;2;predictive;60;1;55;1,0
11;0,02;2;predictive;61;1;55;1,0
11;0,02;2;predictive;62;1;55;1,0
11;0,02;2;predictive;63;1;55;1,0
11;0,02;2;predictive;64;1;55;1,0
11;0,02;2;predictive;65;1;55;1,0
11;0,02;2;predictive;66;1;55;1,0
11;0,02;2;predictive;67;1;62;0,8870967741935484
11;0,02;2;predictive;68;1;55;1,0
11;0,02;2;predictive;69;1;55;1,0
11;0,02;2;predictive;70;1;55;1,0
11;0,02;2;predictive;71;1;55;1,0
11;0,02;2;predictive;72;1;55;1,0
11;0,02;2;predictive;73;1;55;1,0
11;0,02;2;predictive;74;1;139;0,39568345323741005
11;0,02;2;predictive;75;1;55;1,0
11;0,02;2;predictive;76;1;55;1,0
11;0,02;2;predictive;77;1;55;1,0
11;0,02;2;predictive;78;1;55;1,0
11;0,02;2;predictive;79;1;55;1,0
11;0,02;2;predictive;80;1;55;1,0
11;0,02;2;predictive;81;1;55;1,0
11;0,02;2;predictive;82;1;55;1,0
11;0,02;2;predictive;83;1;55;1,0
11;0,02;2;predictive;84;1;55;1,0
11;0,02;2;predictive;85;1;65;0,8461538461538461
11;0,02;2;predictive;86;1;55;1,0
11;0,02;2;predictive;87;1;71;0,7746478873239436
11;0,02;2;predictive;88;1;55;1,0
11;0,02;2;predictive;89;1;55;1,0
11;0,02;2;predictive;90;1;55;1,0
11;0,02;2;predictive;91;1;104;0,5288461538461539
11;0,02;2;predictive;92;1;55;1,0
11;0,02;2;predictive;93;1;55;1,0
11;0,02;2;predictive;94;1;55;1,0
11;0,02;2;predictive;95;1;55;1,0
11;0,02;2;predictive;96;1;55;1,0
11;0,02;2;predictive;97;1;55;1,0
11;0,02;2;predictive;98;1;55;1,0
11;0,02;2;predictive;99;1;55;1,0
11;0,02;2;predictive;100;1;55;1,0
11;0,02;3;shortest;1;1;41;1,0
11;0,02;3;shortest;2;1;41;1,0
11;0,02;3;shortest;3;1;41;1,0
11;0,02;3;shortest;4;1;41;1,0
11;0,02;3;shortest;5;1;41;1,0
11;0,02;3;shortest;6;1;41;1,0
11;0,02;3;shortest;7;1;41;1,0
11;0,02;3;shortest;8;0;38;
11;0,02;3;shortest;9;1;41;1,0
11;0,02;3;shortest;10;1;41;1,0
11;0,02;3;shortest;11;1;41;1,0
11;0,02;3;shortest;12;1;41;1,0
11;0,02;3;shortest;13;1;41;1,0
11;0,02;3;shortest;14;1;41;1,0
11;0,02;3;shortest;15;1;41;1,0
11;0,02;3;shortest;16;1;41;1,0
11;0,02;3;shortest;17;1;41;1,0
11;0,02;3;shortest;18;1;41;1,0
11;0,02;3;shortest;19;1;41;1,0
11;0,02;3;shortest;20;1;41;1,0
11;0,02;3;shortest;21;1;41;1,0
11;0,02;3;shortest;22;1;41;1,0
11;0,02;3;shortest;23;1;41;1,0
11;0,02;3;shortest;24;1;41;1,0
11;0,02;3;shortest;25;1;41;1,0
11;0,02;3;shortest;26;1;41;1,0
11;0,02;3;shortest;27;1;41;1,0
11;0,02;3;shortest;28;1;41;1,0
11;0,02;3;shortest;29;1;41;1,0
11;0,02;3;shortest;30;1;41;1,0
11;0,02;3;shortest;31;1;41;1,0
11;0,02;3;shortest;32;1;41;1,0
11;0,02;3;shortest;33;0;38;
11;0,02;3;shortest;34;1;41;1,0
11;0,02;3;shortest;35;1;41;1,0
11;0,02;3;shortest;36;1;41;1,0
11;0,02;3;shortest;37;1;41;1,0
11;0,02;3;shortest;38;1;41;1,0
11;0,02;3;shortest;39;1;41;1,0
11;0,02;3;shortest;40;1;41;1,0
11;0,02;3;shortest;41;1;41;1,0
11;0,02;3;shortest;42;1;41;1,0
11;0,02;3;shortest;43;1;41;1,0
11;0,02;3;shortest;44;1;41;1,0
11;0,02;3;shortest;45;1;41;1,0
11;0,02;3;shortest;46;1;41;1,0
11;0,02;3;shortest;47;1;41;1,0
11;0,02;3;shortest;48;1;41;1,0
11;0,02;3;shortest;49;1;41;1,0
11;0,02;3;shortest;50;1;41;1,0
11;0,02;3;shortest;51;1;41;1,0
11;0,02;3;shortest;52;1;41;1,0
11;0,02;3;shortest;53;1;41;1,0
11;0,02;3;shortest;54;1;41;1,0
11;0,02;3;shortest;55;1;41;1,0
11;0,02;3;shortest;56;1;41;1,0
11;0,02;3;shortest;57;1;41;1,0
11;0,02;3;shortest;58;1;41;1,0
11;0,02;3;shortest;59;1;41;1,0
11;0,02;3;shortest;60;1;41;1,0
11;0,02;3;shortest;61;1;41;1,0
11;0,02;3;shortest;62;1;41;1,0
11;0,02;3;shortest;63;1;41;1,0
11;0,02;3;shortest;64;1;41;1,0
11;0,02;3;shortest;65;1;41;1,0
11;0,02;3;shortest;66;0;38;
11;0,02;3;shortest;67;1;41;1,0
11;0,02;3;shortest;68;0;36;
11;0,02;3;shortest;69;1;41;1,0
11;0,02;3;shortest;70;0;38;
11;0,02;3;shortest;71;1;41;1,0
11;0,02;3;shortest;72;1;41;1,0
11;0,02;3;shortest;73;1;41;1,0
11;0,02;3;shortest;74;1;41;1,0
11;0,02;3;shortest;75;1;41;1,0
11;0,02;3;shortest;76;1;41;1,0
11;0,02;3;shortest;77;1;41;1,0
11;0,02;3;shortest;78;1;41;1,0
11;0,02;3;shortest;79;1;41;1,0
11;0,02;3;shortest;80;1;41;1,0
11;0,02;3;shortest;81;1;41;1,0
11;0,02;3;shortest;82;1;41;1,0
11;0,02;3;shortest;83;1;41;1,0
11;0,02;3;shortest;84;1;41;1,0
11;0,02;3;shortest;85;1;41;1,0
11;0,02;3;shortest;86;1;41;1,0
11;0,02;3;shortest;87;1;41;1,0
11;0,02;3;shortest;88;1;41;1,0
11;0,02;3;shortest;89;1;41;1,0
11;0,02;3;shortest;90;1;41;1,0
11;0,02;3;shortest;91;1;41;1,0
11;0,02;3;shortest;92;1;41;1,0
11;0,02;3;shortest;93;1;41;1,0
11;0,02;3;shortest;94;0;38;
11;0,02;3;shortest;95;1;41;1,0
11;0,02;3;shortest;96;1;41;1,0
11;0,02;3;shortest;97;0;37;
11;0,02;3;shortest;98;1;41;1,0
11;0,02;3;shortest;99;1;41;1,0
11;0,02;3;shortest;100;1;41;1,0
11;0,02;3;safe;1;1;41;1,0
11;0,02;3;safe;2;1;41;1,0
11;0,02;3;safe;3;1;41;1,0
11;0,02;3;safe;4;1;41;1,0
11;0,02;3;safe;5;1;41;1,0
11;0,02;3;safe;6;1;41;1,0
11;0,02;3;safe;7;1;41;1,0
11;0,02;3;safe;8;0;38;
11;0,02;3;safe;9;1;41;1,0
11;0,02;3;safe;10;1;41;1,0
11;0,02;3;safe;11;1;41;1,0
11;0,02;3;safe;12;1;42;0,9761904761904762
11;0,02;3;safe;13;1;41;1,0
11;0,02;3;safe;14;1;41;1,0
11;0,02;3;safe;15;1;41;1,0
11;0,02;3;safe;16;1;41;1,0
11;0,02;3;safe;17;1;41;1,0
11;0,02;3;safe;18;1;41;1,0
11;0,02;3;safe;19;1;41;1,0
11;0,02;3;safe;20;1;41;1,0
11;0,02;3;safe;21;1;41;1,0
11;0,02;3;safe;22;1;41;1,0
11;0,02;3;safe;23;1;41;1,0
11;0,02;3;safe;24;1;41;1,0
11;0,02;3;safe;25;1;41;1,0
11;0,02;3;safe;26;1;41;1,0
11;0,02;3;safe;27;1;41;1,0
11;0,02;3;safe;28;1;41;1,0
11;0,02;3;safe;29;1;41;1,0
11;0,02;3;safe;30;0;34;
11;0,02;3;safe;31;1;41;1,0
11;0,02;3;safe;32;1;41;1,0
11;0,02;3;safe;33;1;41;1,0
11;0,02;3;safe;34;0;34;
11;0,02;3;safe;35;1;41;1,0
11;0,02;3;safe;36;1;41;1,0
11;0,02;3;safe;37;0;37;
11;0,02;3;safe;38;0;40;
11;0,02;3;safe;39;0;40;
11;0,02;3;safe;40;1;41;1,0
11;0,02;3;safe;41;1;41;1,0
11;0,02;3;safe;42;0;38;
11;0,02;3;safe;43;1;41;1,0
11;0,02;3;safe;44;1;41;1,0
11;0,02;3;safe;45;1;41;1,0
11;0,02;3;safe;46;1;41;1,0
11;0,02;3;safe;47;1;41;1,0
11;0,02;3;safe;48;1;41;1,0
11;0,02;3;safe;49;1;41;1,0
11;0,02;3;safe;50;1;41;1,0
11;0,02;3;safe;51;1;41;1,0
11;0,02;3;safe;52;1;41;1,0
11;0,02;3;safe;53;1;41;1,0
11;0,02;3;safe;54;1;41;1,0
11;0,02;3;safe;55;1;41;1,0
11;0,02;3;safe;56;1;41;1,0
11;0,02;3;safe;57;1;41;1,0
11;0,02;3;safe;58;1;41;1,0
11;0,02;3;safe;59;1;41;1,0
11;0,02;3;safe;60;1;41;1,0
11;0,02;3;safe;61;1;41;1,0
11;0,02;3;safe;62;1;41;1,0
11;0,02;3;safe;63;1;41;1,0
11;0,02;3;safe;64;1;41;1,0
11;0,02;3;safe;65;1;41;1,0
11;0,02;3;safe;66;1;41;1,0
11;0,02;3;safe;67;1;41;1,0
11;0,02;3;safe;68;1;41;1,0
11;0,02;3;safe;69;1;41;1,0
11;0,02;3;safe;70;1;41;1,0
11;0,02;3;safe;71;1;41;1,0
11;0,02;3;safe;72;1;41;1,0
11;0,02;3;safe;73;1;41;1,0
11;0,02;3;safe;74;1;41;1,0
11;0,02;3;safe;75;1;41;1,0
11;0,02;3;safe;76;1;41;1,0
11;0,02;3;safe;77;1;41;1,0
11;0,02;3;safe;78;1;41;1,0
11;0,02;3;safe;79;1;41;1,0
11;0,02;3;safe;80;1;41;1,0
11;0,02;3;safe;81;1;41;1,0
11;0,02;3;safe;82;1;41;1,0
11;0,02;3;safe;83;1;41;1,0
11;0,02;3;safe;84;1;41;1,0
11;0,02;3;safe;85;1;41;1,0
11;0,02;3;safe;86;1;41;1,0
11;0,02;3;safe;87;1;41;1,0
11;0,02;3;safe;88;0;39;
11;0,02;3;safe;89;1;41;1,0
11;0,02;3;safe;90;1;41;1,0
11;0,02;3;safe;91;1;41;1,0
11;0,02;3;safe;92;1;41;1,0
11;0,02;3;safe;93;1;41;1,0
11;0,02;3;safe;94;1;41;1,0
11;0,02;3;safe;95;1;41;1,0
11;0,02;3;safe;96;1;41;1,0
11;0,02;3;safe;97;1;41;1,0
11;0,02;3;safe;98;1;41;1,0
11;0,02;3;safe;99;1;41;1,0
11;0,02;3;safe;100;1;41;1,0
11;0,02;3;predictive;1;1;41;1,0
11;0,02;3;predictive;2;1;41;1,0
11;0,02;3;predictive;3;1;41;1,0
11;0,02;3;predictive;4;1;41;1,0
11;0,02;3;predictive;5;1;41;1,0
11;0,02;3;predictive;6;1;42;0,9761904761904762
11;0,02;3;predictive;7;1;41;1,0
11;0,02;3;predictive;8;1;41;1,0
11;0,02;3;predictive;9;1;41;1,0
11;0,02;3;predictive;10;1;41;1,0
11;0,02;3;predictive;11;1;41;1,0
11;0,02;3;predictive;12;1;53;0,7735849056603774
11;0,02;3;predictive;13;1;41;1,0
11;0,02;3;predictive;14;1;41;1,0
11;0,02;3;predictive;15;1;41;1,0
11;0,02;3;predictive;16;1;113;0,36283185840707965
11;0,02;3;predictive;17;1;41;1,0
11;0,02;3;predictive;18;1;41;1,0
11;0,02;3;predictive;19;1;41;1,0
11;0,02;3;predictive;20;1;41;1,0
11;0,02;3;predictive;21;1;41;1,0
11;0,02;3;predictive;22;1;41;1,0
11;0,02;3;predictive;23;1;41;1,0
11;0,02;3;predictive;24;1;41;1,0
11;0,02;3;predictive;25;1;41;1,0
11;0,02;3;predictive;26;1;41;1,0
11;0,02;3;predictive;27;1;41;1,0
11;0,02;3;predictive;28;1;41;1,0
11;0,02;3;predictive;29;1;41;1,0
11;0,02;3;predictive;30;1;41;1,0
11;0,02;3;predictive;31;1;41;1,0
11;0,02;3;predictive;32;1;41;1,0
11;0,02;3;predictive;33;1;41;1,0
11;0,02;3;predictive;34;1;41;1,0
11;0,02;3;predictive;35;1;41;1,0
11;0,02;3;predictive;36;1;41;1,0
11;0,02;3;predictive;37;1;41;1,0
11;0,02;3;predictive;38;1;41;1,0
11;0,02;3;predictive;39;1;41;1,0
11;0,02;3;predictive;40;1;41;1,0
11;0,02;3;predictive;41;1;41;1,0
11;0,02;3;predictive;42;1;41;1,0
11;0,02;3;predictive;43;1;41;1,0
11;0,02;3;predictive;44;1;41;1,0
11;0,02;3;predictive;45;1;41;1,0
11;0,02;3;predictive;46;1;62;0,6612903225806451
11;0,02;3;predictive;47;1;41;1,0
11;0,02;3;predictive;48;1;41;1,0
11;0,02;3;predictive;49;1;41;1,0
11;0,02;3;predictive;50;1;41;1,0
11;0,02;3;predictive;51;1;41;1,0
11;0,02;3;predictive;52;1;41;1,0
11;0,02;3;predictive;53;1;41;1,0
11;0,02;3;predictive;54;1;41;1,0
11;0,02;3;predictive;55;1;41;1,0
11;0,02;3;predictive;56;1;41;1,0
11;0,02;3;predictive;57;1;41;1,0
11;0,02;3;predictive;58;1;50;0,82
11;0,02;3;predictive;59;1;41;1,0
11;0,02;3;predictive;60;1;41;1,0
11;0,02;3;predictive;61;1;41;1,0
11;0,02;3;predictive;62;1;41;1,0
11;0,02;3;predictive;63;1;41;1,0
11;0,02;3;predictive;64;1;41;1,0
11;0,02;3;predictive;65;1;41;1,0
11;0,02;3;predictive;66;1;41;1,0
11;0,02;3;predictive;67;1;41;1,0
11;0,02;3;predictive;68;1;41;1,0
11;0,02;3;predictive;69;1;41;1,0
11;0,02;3;predictive;70;1;41;1,0
11;0,02;3;predictive;71;1;41;1,0
11;0,02;3;predictive;72;1;41;1,0
11;0,02;3;predictive;73;1;41;1,0
11;0,02;3;predictive;74;1;41;1,0
11;0,02;3;predictive;75;1;43;0,9534883720930233
11;0,02;3;predictive;76;1;41;1,0
11;0,02;3;predictive;77;1;41;1,0
11;0,02;3;predictive;78;1;41;1,0
11;0,02;3;predictive;79;1;41;1,0
11;0,02;3;predictive;80;1;41;1,0
11;0,02;3;predictive;81;1;41;1,0
11;0,02;3;predictive;82;1;41;1,0
11;0,02;3;predictive;83;1;41;1,0
11;0,02;3;predictive;84;1;41;1,0
11;0,02;3;predictive;85;1;41;1,0
11;0,02;3;predictive;86;1;41;1,0
11;0,02;3;predictive;87;1;41;1,0
11;0,02;3;predictive;88;1;46;0,8913043478260869
11;0,02;3;predictive;89;1;41;1,0
11;0,02;3;predictive;90;1;41;1,0
11;0,02;3;predictive;91;1;41;1,0
11;0,02;3;predictive;92;1;41;1,0
11;0,02;3;predictive;93;1;41;1,0
11;0,02;3;predictive;94;1;41;1,0
11;0,02;3;predictive;95;1;41;1,0
11;0,02;3;predictive;96;1;41;1,0
11;0,02;3;predictive;97;1;41;1,0
11;0,02;3;predictive;98;1;45;0,9111111111111111
11;0,02;3;predictive;99;1;41;1,0
11;0,02;3;predictive;100;1;41;1,0
11;0,03;1;shortest;1;1;59;1,0
11;0,03;1;shortest;2;0;16;
11;0,03;1;shortest;3;1;59;1,0
11;0,03;1;shortest;4;0;20;
11;0,03;1;shortest;5;1;59;1,0
11;0,03;1;shortest;6;0;58;
11;0,03;1;shortest;7;1;59;1,0
11;0,03;1;shortest;8;0;17;
11;0,03;1;shortest;9;0;23;
11;0,03;1;shortest;10;1;59;1,0
11;0,03;1;shortest;11;1;59;1,0
11;0,03;1;shortest;12;1;59;1,0
11;0,03;1;shortest;13;1;59;1,0
11;0,03;1;shortest;14;1;59;1,0
11;0,03;1;shortest;15;1;59;1,0
11;0,03;1;shortest;16;0;16;
11;0,03;1;shortest;17;1;59;1,0
11;0,03;1;shortest;18;0;14;
11;0,03;1;shortest;19;1;59;1,0
11;0,03;1;shortest;20;1;59;1,0
11;0,03;1;shortest;21;0;23;
11;0,03;1;shortest;22;1;59;1,0
11;0,03;1;shortest;23;1;59;1,0
11;0,03;1;shortest;24;1;59;1,0
11;0,03;1;shortest;25;1;59;1,0
11;0,03;1;shortest;26;0;55;
11;0,03;1;shortest;27;1;59;1,0
11;0,03;1;shortest;28;1;59;1,0
11;0,03;1;shortest;29;1;59;1,0
11;0,03;1;shortest;30;1;59;1,0
11;0,03;1;shortest;31;1;59;1,0
11;0,03;1;shortest;32;1;59;1,0
11;0,03;1;shortest;33;1;59;1,0
11;0,03;1;shortest;34;0;13;
11;0,03;1;shortest;35;1;59;1,0
11;0,03;1;shortest;36;1;59;1,0
11;0,03;1;shortest;37;1;59;1,0
11;0,03;1;shortest;38;0;57;
11;0,03;1;shortest;39;1;59;1,0
11;0,03;1;shortest;40;1;59;1,0
11;0,03;1;shortest;41;0;54;
11;0,03;1;shortest;42;0;16;
11;0,03;1;shortest;43;1;59;1,0
11;0,03;1;shortest;44;0;16;
11;0,03;1;shortest;45;0;50;
11;0,03;1;shortest;46;1;59;1,0
11;0,03;1;shortest;47;1;59;1,0
11;0,03;1;shortest;48;0;16;
11;0,03;1;shortest;49;1;59;1,0
11;0,03;1;shortest;50;1;59;1,0
11;0,03;1;shortest;51;1;59;1,0
11;0,03;1;shortest;52;0;57;
11;0,03;1;shortest;53;1;59;1,0
11;0,03;1;shortest;54;1;59;1,0
11;0,03;1;shortest;55;1;59;1,0
11;0,03;1;shortest;56;1;59;1,0
11;0,03;1;shortest;57;1;59;1,0
11;0,03;1;shortest;58;1;59;1,0
11;0,03;1;shortest;59;1;59;1,0
11;0,03;1;shortest;60;1;59;1,0
11;0,03;1;shortest;61;1;59;1,0
11;0,03;1;shortest;62;0;58;
11;0,03;1;shortest;63;0;16;
11;0,03;1;shortest;64;1;59;1,0
11;0,03;1;shortest;65;1;59;1,0
11;0,03;1;shortest;66;1;59;1,0
11;0,03;1;shortest;67;0;52;
11;0,03;1;shortest;68;0;53;
11;0,03;1;shortest;69;1;59;1,0
11;0,03;1;shortest;70;1;59;1,0
11;0,03;1;shortest;71;1;59;1,0
11;0,03;1;shortest;72;0;16;
11;0,03;1;shortest;73;1;59;1,0
11;0,03;1;shortest;74;0;53;
11;0,03;1;shortest;75;0;15;
11;0,03;1;shortest;76;1;59;1,0
11;0,03;1;shortest;77;1;59;1,0
11;0,03;1;shortest;78;1;59;1,0
11;0,03;1;shortest;79;0;16;
11;0,03;1;shortest;80;0;16;
11;0,03;1;shortest;81;1;59;1,0
11;0,03;1;shortest;82;1;59;1,0
11;0,03;1;shortest;83;1;59;1,0
11;0,03;1;shortest;84;1;59;1,0
11;0,03;1;shortest;85;0;48;
11;0,03;1;shortest;86;1;59;1,0
11;0,03;1;shortest;87;1;59;1,0
11;0,03;1;shortest;88;1;59;1,0
11;0,03;1;shortest;89;1;59;1,0
11;0,03;1;shortest;90;1;59;1,0
11;0,03;1;shortest;91;0;57;
11;0,03;1;shortest;92;1;59;1,0
11;0,03;1;shortest;93;1;59;1,0
11;0,03;1;shortest;94;1;59;1,0
11;0,03;1;shortest;95;0;51;
11;0,03;1;shortest;96;1;59;1,0
11;0,03;1;shortest;97;0;15;
11;0,03;1;shortest;98;1;59;1,0
11;0,03;1;shortest;99;1;59;1,0
11;0,03;1;shortest;100;0;56;
11;0,03;1;safe;1;1;59;1,0
11;0,03;1;safe;2;0;18;
11;0,03;1;safe;3;1;59;1,0
11;0,03;1;safe;4;1;59;1,0
11;0,03;1;safe;5;1;59;1,0
11;0,03;1;safe;6;1;59;1,0
11;0,03;1;safe;7;1;59;1,0
11;0,03;1;safe;8;1;59;1,0
11;0,03;1;safe;9;1;59;1,0
11;0,03;1;safe;10;0;58;
11;0,03;1;safe;11;1;59;1,0
11;0,03;1;safe;12;1;59;1,0
11;0,03;1;safe;13;1;59;1,0
11;0,03;1;safe;14;1;59;1,0
11;0,03;1;safe;15;1;59;1,0
11;0,03;1;safe;16;1;59;1,0
11;0,03;1;safe;17;0;23;
11;0,03;1;safe;18;1;59;1,0
11;0,03;1;safe;19;1;59;1,0
11;0,03;1;safe;20;1;59;1,0
11;0,03;1;safe;21;1;59;1,0
11;0,03;1;safe;22;1;59;1,0
11;0,03;1;safe;23;0;53;
11;0,03;1;safe;24;1;59;1,0
11;0,03;1;safe;25;0;57;
11;0,03;1;safe;26;1;59;1,0
11;0,03;1;safe;27;1;59;1,0
11;0,03;1;safe;28;1;59;1,0
11;0,03;1;safe;29;0;59;
11;0,03;1;safe;30;0;47;
11;0,03;1;safe;31;0;59;
11;0,03;1;safe;32;1;59;1,0
11;0,03;1;safe;33;1;59;1,0
11;0,03;1;safe;34;1;59;1,0
11;0,03;1;safe;35;1;59;1,0
11;0,03;1;safe;36;0;58;
11;0,03;1;safe;37;0;15;
11;0,03;1;safe;38;0;53;
11;0,03;1;safe;39;1;59;1,0
11;0,03;1;safe;40;1;59;1,0
11;0,03;1;safe;41;1;59;1,0
11;0,03;1;safe;42;1;59;1,0
11;0,03;1;safe;43;1;59;1,0
11;0,03;1;safe;44;1;59;1,0
11;0,03;1;safe;45;1;59;1,0
11;0,03;1;safe;46;0;58;
11;0,03;1;safe;47;1;59;1,0
11;0,03;1;safe;48;1;59;1,0
11;0,03;1;safe;49;0;57;
11;0,03;1;safe;50;1;60;0,9833333333333333
11;0,03;1;safe;51;1;59;1,0
11;0,03;1;safe;52;1;59;1,0
11;0,03;1;safe;53;1;59;1,0
11;0,03;1;safe;54;1;59;1,0
11;0,03;1;safe;55;1;59;1,0
11;0,03;1;safe;56;1;59;1,0
11;0,03;1;safe;57;1;59;1,0
11;0,03;1;safe;58;0;15;
11;0,03;1;safe;59;1;59;1,0
11;0,03;1;safe;60;0;15;
11;0,03;1;safe;61;0;51;
11;0,03;1;safe;62;1;59;1,0
11;0,03;1;safe;63;1;59;1,0
11;0,03;1;safe;64;1;59;1,0
11;0,03;1;safe;65;1;59;1,0
11;0,03;1;safe;66;0;52;
11;0,03;1;safe;67;1;59;1,0
11;0,03;1;safe;68;1;59;1,0
11;0,03;1;safe;69;0;56;
11;0,03;1;safe;70;0;57;
11;0,03;1;safe;71;0;50;
11;0,03;1;safe;72;1;59;1,0
11;0,03;1;safe;73;1;59;1,0
11;0,03;1;safe;74;1;59;1,0
11;0,03;1;safe;75;0;20;
11;0,03;1;safe;76;1;59;1,0
11;0,03;1;safe;77;0;56;
11;0,03;1;safe;78;0;19;
11;0,03;1;safe;79;1;59;1,0
11;0,03;1;safe;80;1;59;1,0
11;0,03;1;safe;81;1;59;1,0
11;0,03;1;safe;82;1;59;1,0
11;0,03;1;safe;83;1;59;1,0
11;0,03;1;safe;84;1;59;1,0
11;0,03;1;safe;85;0;26;
11;0,03;1;safe;86;1;59;1,0
11;0,03;1;safe;87;1;59;1,0
11;0,03;1;safe;88;1;59;1,0
11;0,03;1;safe;89;1;59;1,0
11;0,03;1;safe;90;0;14;
11;0,03;1;safe;91;1;59;1,0
11;0,03;1;safe;92;1;59;1,0
11;0,03;1;safe;93;1;59;1,0
11;0,03;1;safe;94;0;52;
11;0,03;1;safe;95;1;59;1,0
11;0,03;1;safe;96;1;59;1,0
11;0,03;1;safe;97;1;59;1,0
11;0,03;1;safe;98;1;59;1,0
11;0,03;1;safe;99;1;59;1,0
11;0,03;1;safe;100;1;59;1,0
11;0,03;1;predictive;1;1;59;1,0
11;0,03;1;predictive;2;1;140;0,42142857142857143
11;0,03;1;predictive;3;1;59;1,0
11;0,03;1;predictive;4;1;59;1,0
11;0,03;1;predictive;5;1;66;0,8939393939393939
11;0,03;1;predictive;6;1;74;0,7972972972972973
11;0,03;1;predictive;7;1;59;1,0
11;0,03;1;predictive;8;1;59;1,0
11;0,03;1;predictive;9;1;59;1,0
11;0,03;1;predictive;10;1;59;1,0
11;0,03;1;predictive;11;1;59;1,0
11;0,03;1;predictive;12;1;59;1,0
11;0,03;1;predictive;13;1;61;0,9672131147540983
11;0,03;1;predictive;14;1;59;1,0
11;0,03;1;predictive;15;1;59;1,0
11;0,03;1;predictive;16;1;59;1,0
11;0,03;1;predictive;17;1;59;1,0
11;0,03;1;predictive;18;1;59;1,0
11;0,03;1;predictive;19;0;57;
11;0,03;1;predictive;20;1;59;1,0
11;0,03;1;predictive;21;1;59;1,0
11;0,03;1;predictive;22;1;59;1,0
11;0,03;1;predictive;23;1;59;1,0
11;0,03;1;predictive;24;1;74;0,7972972972972973
11;0,03;1;predictive;25;1;59;1,0
11;0,03;1;predictive;26;1;59;1,0
11;0,03;1;predictive;27;1;59;1,0
11;0,03;1;predictive;28;1;59;1,0
11;0,03;1;predictive;29;0;60;
11;0,03;1;predictive;30;1;59;1,0
11;0,03;1;predictive;31;1;59;1,0
11;0,03;1;predictive;32;1;59;1,0
11;0,03;1;predictive;33;1;59;1,0
11;0,03;1;predictive;34;1;59;1,0
11;0,03;1;predictive;35;1;71;0,8309859154929577
11;0,03;1;predictive;36;1;59;1,0
11;0,03;1;predictive;37;1;146;0,4041095890410959
11;0,03;1;predictive;38;1;59;1,0
11;0,03;1;predictive;39;1;62;0,9516129032258065
11;0,03;1;predictive;40;1;59;1,0
11;0,03;1;predictive;41;1;59;1,0
11;0,03;1;predictive;42;1;59;1,0
11;0,03;1;predictive;43;1;59;1,0
11;0,03;1;predictive;44;1;59;1,0
11;0,03;1;predictive;45;1;67;0,8805970149253731
11;0,03;1;predictive;46;1;74;0,7972972972972973
11;0,03;1;predictive;47;1;59;1,0
11;0,03;1;predictive;48;1;59;1,0
11;0,03;1;predictive;49;1;59;1,0
11;0,03;1;predictive;50;1;59;1,0
11;0,03;1;predictive;51;1;59;1,0
11;0,03;1;predictive;52;1;81;0,7283950617283951
11;0,03;1;predictive;53;1;59;1,0
11;0,03;1;predictive;54;1;59;1,0
11;0,03;1;predictive;55;1;61;0,9672131147540983
11;0,03;1;predictive;56;1;59;1,0
11;0,03;1;predictive;57;1;59;1,0
11;0,03;1;predictive;58;1;77;0,7662337662337663
11;0,03;1;predictive;59;1;59;1,0
11;0,03;1;predictive;60;1;59;1,0
11;0,03;1;predictive;61;1;59;1,0
11;0,03;1;predictive;62;1;104;0,5673076923076923
11;0,03;1;predictive;63;1;59;1,0
11;0,03;1;predictive;64;1;59;1,0
11;0,03;1;predictive;65;1;59;1,0
11;0,03;1;predictive;66;1;60;0,9833333333333333
11;0,03;1;predictive;67;1;59;1,0
11;0,03;1;predictive;68;1;59;1,0
11;0,03;1;predictive;69;1;59;1,0
11;0,03;1;predictive;70;1;131;0,45038167938931295
11;0,03;1;predictive;71;1;71;0,8309859154929577
11;0,03;1;predictive;72;1;59;1,0
11;0,03;1;predictive;73;1;59;1,0
11;0,03;1;predictive;74;1;59;1,0
11;0,03;1;predictive;75;1;101;0,5841584158415841
11;0,03;1;predictive;76;1;59;1,0
11;0,03;1;predictive;77;1;59;1,0
11;0,03;1;predictive;78;1;61;0,9672131147540983
11;0,03;1;predictive;79;1;59;1,0
11;0,03;1;predictive;80;1;59;1,0
11;0,03;1;predictive;81;1;59;1,0
11;0,03;1;predictive;82;1;59;1,0
11;0,03;1;predictive;83;1;59;1,0
11;0,03;1;predictive;84;1;59;1,0
11;0,03;1;predictive;85;1;59;1,0
11;0,03;1;predictive;86;1;59;1,0
11;0,03;1;predictive;87;1;59;1,0
11;0,03;1;predictive;88;1;88;0,6704545454545454
11;0,03;1;predictive;89;1;59;1,0
11;0,03;1;predictive;90;1;74;0,7972972972972973
11;0,03;1;predictive;91;0;92;
11;0,03;1;predictive;92;1;59;1,0
11;0,03;1;predictive;93;1;59;1,0
11;0,03;1;predictive;94;1;59;1,0
11;0,03;1;predictive;95;1;59;1,0
11;0,03;1;predictive;96;1;59;1,0
11;0,03;1;predictive;97;1;66;0,8939393939393939
11;0,03;1;predictive;98;1;59;1,0
11;0,03;1;predictive;99;1;148;0,39864864864864863
11;0,03;1;predictive;100;1;59;1,0
11;0,03;2;shortest;1;1;55;1,0
11;0,03;2;shortest;2;1;55;1,0
11;0,03;2;shortest;3;0;54;
11;0,03;2;shortest;4;1;55;1,0
11;0,03;2;shortest;5;0;54;
11;0,03;2;shortest;6;1;55;1,0
11;0,03;2;shortest;7;0;52;
11;0,03;2;shortest;8;1;55;1,0
11;0,03;2;shortest;9;1;55;1,0
11;0,03;2;shortest;10;1;55;1,0
11;0,03;2;shortest;11;1;55;1,0
11;0,03;2;shortest;12;1;55;1,0
11;0,03;2;shortest;13;1;55;1,0
11;0,03;2;shortest;14;1;55;1,0
11;0,03;2;shortest;15;1;55;1,0
11;0,03;2;shortest;16;0;54;
11;0,03;2;shortest;17;1;55;1,0
11;0,03;2;shortest;18;1;55;1,0
11;0,03;2;shortest;19;1;55;1,0
11;0,03;2;shortest;20;1;55;1,0
11;0,03;2;shortest;21;1;55;1,0
11;0,03;2;shortest;22;1;55;1,0
11;0,03;2;shortest;23;1;55;1,0
11;0,03;2;shortest;24;1;55;1,0
11;0,03;2;shortest;25;0;49;
11;0,03;2;shortest;26;1;55;1,0
11;0,03;2;shortest;27;1;55;1,0
11;0,03;2;shortest;28;1;55;1,0
11;0,03;2;shortest;29;0;43;
11;0,03;2;shortest;30;1;55;1,0
11;0,03;2;shortest;31;1;55;1,0
11;0,03;2;shortest;32;0;49;
11;0,03;2;shortest;33;0;49;
11;0,03;2;shortest;34;1;55;1,0
11;0,03;2;shortest;35;1;55;1,0
11;0,03;2;shortest;36;1;55;1,0
11;0,03;2;shortest;37;1;55;1,0
11;0,03;2;shortest;38;1;55;1,0
11;0,03;2;shortest;39;1;55;1,0
11;0,03;2;shortest;40;1;55;1,0
11;0,03;2;shortest;41;1;55;1,0
11;0,03;2;shortest;42;1;55;1,0
11;0,03;2;shortest;43;0;54;
11;0,03;2;shortest;44;0;53;
11;0,03;2;shortest;45;0;53;
11;0,03;2;shortest;46;1;55;1,0
11;0,03;2;shortest;47;1;55;1,0
11;0,03;2;shortest;48;1;55;1,0
11;0,03;2;shortest;49;1;55;1,0
11;0,03;2;shortest;50;1;55;1,0
11;0,03;2;shortest;51;1;55;1,0
11;0,03;2;shortest;52;1;55;1,0
11;0,03;2;shortest;53;1;55;1,0
11;0,03;2;shortest;54;0;53;
11;0,03;2;shortest;55;1;55;1,0
11;0,03;2;shortest;56;1;55;1,0
11;0,03;2;shortest;57;1;55;1,0
11;0,03;2;shortest;58;1;55;1,0
11;0,03;2;shortest;59;0;52;
11;0,03;2;shortest;60;1;55;1,0
11;0,03;2;shortest;61;1;55;1,0
11;0,03;2;shortest;62;0;52;
11;0,03;2;shortest;63;1;55;1,0
11;0,03;2;shortest;64;1;55;1,0
11;0,03;2;shortest;65;1;55;1,0
11;0,03;2;shortest;66;1;55;1,0
11;0,03;2;shortest;67;0;54;
11;0,03;2;shortest;68;1;55;1,0
11;0,03;2;shortest;69;1;55;1,0
11;0,03;2;shortest;70;1;55;1,0
11;0,03;2;shortest;71;1;55;1,0
11;0,03;2;shortest;72;0;50;
11;0,03;2;shortest;73;1;55;1,0
11;0,03;2;shortest;74;1;55;1,0
11;0,03;2;shortest;75;1;55;1,0
11;0,03;2;shortest;76;1;55;1,0
11;0,03;2;shortest;77;1;55;1,0
11;0,03;2;shortest;78;1;55;1,0
11;0,03;2;shortest;79;1;55;1,0
11;0,03;2;shortest;80;1;55;1,0
11;0,03;2;shortest;81;1;55;1,0
11;0,03;2;shortest;82;0;50;
11;0,03;2;shortest;83;1;55;1,0
11;0,03;2;shortest;84;1;55;1,0
11;0,03;2;shortest;85;1;55;1,0
11;0,03;2;shortest;86;1;55;1,0
11;0,03;2;shortest;87;0;50;
11;0,03;2;shortest;88;1;55;1,0
11;0,03;2;shortest;89;1;55;1,0
11;0,03;2;shortest;90;1;55;1,0
11;0,03;2;shortest;91;1;55;1,0
11;0,03;2;shortest;92;1;55;1,0
11;0,03;2;shortest;93;0;49;
11;0,03;2;shortest;94;0;51;
11;0,03;2;shortest;95;1;55;1,0
11;0,03;2;shortest;96;1;55;1,0
11;0,03;2;shortest;97;1;55;1,0
11;0,03;2;shortest;98;1;55;1,0
11;0,03;2;shortest;99;1;55;1,0
11;0,03;2;shortest;100;1;55;1,0
11;0,03;2;safe;1;1;55;1,0
11;0,03;2;safe;2;1;55;1,0
11;0,03;2;safe;3;0;54;
11;0,03;2;safe;4;1;55;1,0
11;0,03;2;safe;5;0;19;
11;0,03;2;safe;6;0;48;
11;0,03;2;safe;7;1;55;1,0
11;0,03;2;safe;8;1;55;1,0
11;0,03;2;safe;9;1;55;1,0
11;0,03;2;safe;10;1;55;1,0
11;0,03;2;safe;11;1;55;1,0
11;0,03;2;safe;12;1;55;1,0
11;0,03;2;safe;13;1;55;1,0
11;0,03;2;safe;14;1;55;1,0
11;0,03;2;safe;15;1;55;1,0
11;0,03;2;safe;16;1;55;1,0
11;0,03;2;safe;17;1;55;1,0
11;0,03;2;safe;18;1;55;1,0
11;0,03;2;safe;19;1;55;1,0
11;0,03;2;safe;20;1;55;1,0
11;0,03;2;safe;21;1;55;1,0
11;0,03;2;safe;22;1;55;1,0
11;0,03;2;safe;23;1;55;1,0
11;0,03;2;safe;24;1;55;1,0
11;0,03;2;safe;25;1;55;1,0
11;0,03;2;safe;26;1;55;1,0
11;0,03;2;safe;27;0;49;
11;0,03;2;safe;28;1;55;1,0
11;0,03;2;safe;29;1;55;1,0
11;0,03;2;safe;30;1;55;1,0
11;0,03;2;safe;31;1;55;1,0
11;0,03;2;safe;32;1;55;1,0
11;0,03;2;safe;33;1;55;1,0
11;0,03;2;safe;34;1;55;1,0
11;0,03;2;safe;35;0;47;
11;0,03;2;safe;36;1;55;1,0
11;0,03;2;safe;37;0;44;
11;0,03;2;safe;38;1;55;1,0
11;0,03;2;safe;39;1;55;1,0
11;0,03;2;safe;40;0;52;
11;0,03;2;safe;41;1;55;1,0
11;0,03;2;safe;42;1;55;1,0
11;0,03;2;safe;43;1;55;1,0
11;0,03;2;safe;44;1;55;1,0
11;0,03;2;safe;45;1;55;1,0
11;0,03;2;safe;46;1;55;1,0
11;0,03;2;safe;47;0;46;
11;0,03;2;safe;48;1;55;1,0
11;0,03;2;safe;49;1;55;1,0
11;0,03;2;safe;50;1;55;1,0
11;0,03;2;safe;51;0;49;
11;0,03;2;safe;52;1;55;1,0
11;0,03;2;safe;53;1;55;1,0
11;0,03;2;safe;54;1;55;1,0
11;0,03;2;safe;55;1;55;1,0
11;0,03;2;safe;56;1;55;1,0
11;0,03;2;safe;57;1;55;1,0
11;0,03;2;safe;58;1;55;1,0
11;0,03;2;safe;59;1;55;1,0
11;0,03;2;safe;60;1;55;1,0
11;0,03;2;safe;61;1;55;1,0
11;0,03;2;safe;62;1;55;1,0
11;0,03;2;safe;63;1;55;1,0
11;0,03;2;safe;64;1;55;1,0
11;0,03;2;safe;65;1;55;1,0
11;0,03;2;safe;66;0;49;
11;0,03;2;safe;67;0;54;
11;0,03;2;safe;68;0;55;
11;0,03;2;safe;69;1;55;1,0
11;0,03;2;safe;70;1;55;1,0
11;0,03;2;safe;71;1;55;1,0
11;0,03;2;safe;72;1;55;1,0
11;0,03;2;safe;73;1;55;1,0
11;0,03;2;safe;74;1;55;1,0
11;0,03;2;safe;75;1;55;1,0
11;0,03;2;safe;76;1;55;1,0
11;0,03;2;safe;77;1;55;1,0
11;0,03;2;safe;78;1;55;1,0
11;0,03;2;safe;79;1;55;1,0
11;0,03;2;safe;80;1;55;1,0
11;0,03;2;safe;81;1;55;1,0
11;0,03;2;safe;82;1;55;1,0
11;0,03;2;safe;83;1;55;1,0
11;0,03;2;safe;84;1;55;1,0
11;0,03;2;safe;85;1;55;1,0
11;0,03;2;safe;86;1;55;1,0
11;0,03;2;safe;87;1;55;1,0
11;0,03;2;safe;88;0;52;
11;0,03;2;safe;89;1;55;1,0
11;0,03;2;safe;90;1;55;1,0
11;0,03;2;safe;91;1;55;1,0
11;0,03;2;safe;92;1;55;1,0
11;0,03;2;safe;93;0;54;
11;0,03;2;safe;94;1;55;1,0
11;0,03;2;safe;95;1;55;1,0
11;0,03;2;safe;96;1;55;1,0
11;0,03;2;safe;97;1;55;1,0
11;0,03;2;safe;98;0;53;
11;0,03;2;safe;99;0;51;
11;0,03;2;safe;100;1;55;1,0
11;0,03;2;predictive;1;1;55;1,0
11;0,03;2;predictive;2;1;55;1,0
11;0,03;2;predictive;3;1;61;0,9016393442622951
11;0,03;2;predictive;4;1;55;1,0
11;0,03;2;predictive;5;1;63;0,873015873015873
11;0,03;2;predictive;6;1;55;1,0
11;0,03;2;predictive;7;1;55;1,0
11;0,03;2;predictive;8;1;55;1,0
11;0,03;2;predictive;9;1;55;1,0
11;0,03;2;predictive;10;1;55;1,0
11;0,03;2;predictive;11;1;55;1,0
11;0,03;2;predictive;12;1;55;1,0
11;0,03;2;predictive;13;1;55;1,0
11;0,03;2;predictive;14;1;55;1,0
11;0,03;2;predictive;15;1;55;1,0
11;0,03;2;predictive;16;1;55;1,0
11;0,03;2;predictive;17;1;55;1,0
11;0,03;2;predictive;18;1;55;1,0
11;0,03;2;predictive;19;1;55;1,0
11;0,03;2;predictive;20;1;55;1,0
11;0,03;2;predictive;21;1;55;1,0
11;0,03;2;predictive;22;1;113;0,48672566371681414
11;0,03;2;predictive;23;1;55;1,0
11;0,03;2;predictive;24;1;55;1,0
11;0,03;2;predictive;25;1;55;1,0
11;0,03;2;predictive;26;1;55;1,0
11;0,03;2;predictive;27;1;91;0,6043956043956044
11;0,03;2;predictive;28;1;57;0,9649122807017544
11;0,03;2;predictive;29;1;55;1,0
11;0,03;2;predictive;30;1;55;1,0
11;0,03;2;predictive;31;1;55;1,0
11;0,03;2;predictive;32;1;55;1,0
11;0,03;2;predictive;33;1;55;1,0
11;0,03;2;predictive;34;1;55;1,0
11;0,03;2;predictive;35;1;92;0,5978260869565217
11;0,03;2;predictive;36;1;55;1,0
11;0,03;2;predictive;37;1;68;0,8088235294117647
11;0,03;2;predictive;38;1;59;0,9322033898305084
11;0,03;2;predictive;39;1;55;1,0
11;0,03;2;predictive;40;1;55;1,0
11;0,03;2;predictive;41;1;55;1,0
11;0,03;2;predictive;42;1;55;1,0
11;0,03;2;predictive;43;1;55;1,0
11;0,03;2;predictive;44;1;55;1,0
11;0,03;2;predictive;45;1;55;1,0
11;0,03;2;predictive;46;1;55;1,0
11;0,03;2;predictive;47;1;55;1,0
11;0,03;2;predictive;48;1;55;1,0
11;0,03;2;predictive;49;1;55;1,0
11;0,03;2;predictive;50;1;59;0,9322033898305084
11;0,03;2;predictive;51;1;55;1,0
11;0,03;2;predictive;52;1;55;1,0
11;0,03;2;predictive;53;1;116;0,47413793103448276
11;0,03;2;predictive;54;1;55;1,0
11;0,03;2;predictive;55;1;81;0,6790123456790124
11;0,03;2;predictive;56;1;55;1,0
11;0,03;2;predictive;57;1;55;1,0
11;0,03;2;predictive;58;1;66;0,8333333333333334
11;0,03;2;predictive;59;1;59;0,9322033898305084
11;0,03;2;predictive;60;1;55;1,0
11;0,03;2;predictive;61;1;55;1,0
11;0,03;2;predictive;62;1;55;1,0
11;0,03;2;predictive;63;1;55;1,0
11;0,03;2;predictive;64;1;55;1,0
11;0,03;2;predictive;65;0;80;
11;0,03;2;predictive;66;1;55;1,0
11;0,03;2;predictive;67;1;55;1,0
11;0,03;2;predictive;68;1;55;1,0
11;0,03;2;predictive;69;1;55;1,0
11;0,03;2;predictive;70;1;107;0,514018691588785
11;0,03;2;predictive;71;1;55;1,0
11;0,03;2;predictive;72;1;55;1,0
11;0,03;2;predictive;73;1;55;1,0
11;0,03;2;predictive;74;0;92;
11;0,03;2;predictive;75;1;72;0,7638888888888888
11;0,03;2;predictive;76;1;55;1,0
11;0,03;2;predictive;77;1;55;1,0
11;0,03;2;predictive;78;1;55;1,0
11;0,03;2;predictive;79;1;55;1,0
11;0,03;2;predictive;80;1;61;0,9016393442622951
11;0,03;2;predictive;81;1;55;1,0
11;0,03;2;predictive;82;1;108;0,5092592592592593
11;0,03;2;predictive;83;1;55;1,0
11;0,03;2;predictive;84;1;55;1,0
11;0,03;2;predictive;85;1;55;1,0
11;0,03;2;predictive;86;1;60;0,9166666666666666
11;0,03;2;predictive;87;1;55;1,0
11;0,03;2;predictive;88;1;55;1,0
11;0,03;2;predictive;89;1;55;1,0
11;0,03;2;predictive;90;1;65;0,8461538461538461
11;0,03;2;predictive;91;1;55;1,0
11;0,03;2;predictive;92;1;55;1,0
11;0,03;2;predictive;93;1;55;1,0
11;0,03;2;predictive;94;1;55;1,0
11;0,03;2;predictive;95;1;55;1,0
11;0,03;2;predictive;96;1;55;1,0
11;0,03;2;predictive;97;1;55;1,0
11;0,03;2;predictive;98;1;55;1,0
11;0,03;2;predictive;99;1;55;1,0
11;0,03;2;predictive;100;1;55;1,0
11;0,03;3;shortest;1;1;41;1,0
11;0,03;3;shortest;2;1;41;1,0
11;0,03;3;shortest;3;1;41;1,0
11;0,03;3;shortest;4;1;41;1,0
11;0,03;3;shortest;5;1;41;1,0
11;0,03;3;shortest;6;1;41;1,0
11;0,03;3;shortest;7;1;41;1,0
11;0,03;3;shortest;8;1;41;1,0
11;0,03;3;shortest;9;1;41;1,0
11;0,03;3;shortest;10;1;41;1,0
11;0,03;3;shortest;11;1;41;1,0
11;0,03;3;shortest;12;0;34;
11;0,03;3;shortest;13;1;41;1,0
11;0,03;3;shortest;14;1;41;1,0
11;0,03;3;shortest;15;1;41;1,0
11;0,03;3;shortest;16;1;41;1,0
11;0,03;3;shortest;17;1;41;1,0
11;0,03;3;shortest;18;1;41;1,0
11;0,03;3;shortest;19;1;41;1,0
11;0,03;3;shortest;20;1;41;1,0
11;0,03;3;shortest;21;1;41;1,0
11;0,03;3;shortest;22;1;41;1,0
11;0,03;3;shortest;23;1;41;1,0
11;0,03;3;shortest;24;1;41;1,0
11;0,03;3;shortest;25;1;41;1,0
11;0,03;3;shortest;26;1;41;1,0
11;0,03;3;shortest;27;1;41;1,0
11;0,03;3;shortest;28;1;41;1,0
11;0,03;3;shortest;29;0;39;
11;0,03;3;shortest;30;1;41;1,0
11;0,03;3;shortest;31;1;41;1,0
11;0,03;3;shortest;32;0;38;
11;0,03;3;shortest;33;1;41;1,0
11;0,03;3;shortest;34;1;41;1,0
11;0,03;3;shortest;35;1;41;1,0
11;0,03;3;shortest;36;1;41;1,0
11;0,03;3;shortest;37;1;41;1,0
11;0,03;3;shortest;38;0;38;
11;0,03;3;shortest;39;1;41;1,0
11;0,03;3;shortest;40;1;41;1,0
11;0,03;3;shortest;41;0;38;
11;0,03;3;shortest;42;1;41;1,0
11;0,03;3;shortest;43;1;41;1,0
11;0,03;3;shortest;44;1;41;1,0
11;0,03;3;shortest;45;1;41;1,0
11;0,03;3;shortest;46;1;41;1,0
11;0,03;3;shortest;47;1;41;1,0
11;0,03;3;shortest;48;1;41;1,0
11;0,03;3;shortest;49;1;41;1,0
11;0,03;3;shortest;50;1;41;1,0
11;0,03;3;shortest;51;1;41;1,0
11;0,03;3;shortest;52;1;41;1,0
11;0,03;3;shortest;53;1;41;1,0
11;0,03;3;shortest;54;1;41;1,0
11;0,03;3;shortest;55;1;41;1,0
11;0,03;3;shortest;56;1;41;1,0
11;0,03;3;shortest;57;1;41;1,0
11;0,03;3;shortest;58;1;41;1,0
11;0,03;3;shortest;59;1;41;1,0
11;0,03;3;shortest;60;1;41;1,0
11;0,03;3;shortest;61;1;41;1,0
11;0,03;3;shortest;62;0;34;
11;0,03;3;shortest;63;0;40;
11;0,03;3;shortest;64;1;41;1,0
11;0,03;3;shortest;65;1;41;1,0
11;0,03;3;shortest;66;1;41;1,0
11;0,03;3;shortest;67;1;41;1,0
11;0,03;3;shortest;68;1;41;1,0
11;0,03;3;shortest;69;1;41;1,0
11;0,03;3;shortest;70;1;41;1,0
11;0,03;3;shortest;71;0;40;
11;0,03;3;shortest;72;1;41;1,0
11;0,03;3;shortest;73;0;40;
11;0,03;3;shortest;74;1;41;1,0
11;0,03;3;shortest;75;1;41;1,0
11;0,03;3;shortest;76;1;41;1,0
11;0,03;3;shortest;77;1;41;1,0
11;0,03;3;shortest;78;1;41;1,0
11;0,03;3;shortest;79;1;41;1,0
11;0,03;3;shortest;80;1;41;1,0
11;0,03;3;shortest;81;1;41;1,0
11;0,03;3;shortest;82;0;40;
11;0,03;3;shortest;83;0;38;
11;0,03;3;shortest;84;1;41;1,0
11;0,03;3;shortest;85;0;40;
11;0,03;3;shortest;86;0;38;
11;0,03;3;shortest;87;1;41;1,0
11;0,03;3;shortest;88;1;41;1,0
11;0,03;3;shortest;89;0;39;
11;0,03;3;shortest;90;1;41;1,0
11;0,03;3;shortest;91;1;41;1,0
11;0,03;3;shortest;92;1;41;1,0
11;0,03;3;shortest;93;1;41;1,0
11;0,03;3;shortest;94;1;41;1,0
11;0,03;3;shortest;95;1;41;1,0
11;0,03;3;shortest;96;1;41;1,0
11;0,03;3;shortest;97;1;41;1,0
11;0,03;3;shortest;98;1;41;1,0
11;0,03;3;shortest;99;1;41;1,0
11;0,03;3;shortest;100;0;38;
11;0,03;3;safe;1;1;41;1,0
11;0,03;3;safe;2;1;41;1,0
11;0,03;3;safe;3;1;41;1,0
11;0,03;3;safe;4;1;41;1,0
11;0,03;3;safe;5;1;41;1,0
11;0,03;3;safe;6;1;41;1,0
11;0,03;3;safe;7;1;41;1,0
11;0,03;3;safe;8;1;41;1,0
11;0,03;3;safe;9;1;41;1,0
11;0,03;3;safe;10;1;41;1,0
11;0,03;3;safe;11;1;41;1,0
11;0,03;3;safe;12;0;34;
11;0,03;3;safe;13;0;36;
11;0,03;3;safe;14;1;41;1,0
11;0,03;3;safe;15;1;41;1,0
11;0,03;3;safe;16;1;41;1,0
11;0,03;3;safe;17;1;41;1,0
11;0,03;3;safe;18;1;41;1,0
11;0,03;3;safe;19;1;41;1,0
11;0,03;3;safe;20;1;41;1,0
11;0,03;3;safe;21;1;41;1,0
11;0,03;3;safe;22;1;41;1,0
11;0,03;3;safe;23;1;41;1,0
11;0,03;3;safe;24;1;41;1,0
11;0,03;3;safe;25;1;41;1,0
11;0,03;3;safe;26;1;41;1,0
11;0,03;3;safe;27;0;33;
11;0,03;3;safe;28;1;41;1,0
11;0,03;3;safe;29;1;41;1,0
11;0,03;3;safe;30;1;41;1,0
11;0,03;3;safe;31;1;41;1,0
11;0,03;3;safe;32;1;41;1,0
11;0,03;3;safe;33;0;40;
11;0,03;3;safe;34;1;41;1,0
11;0,03;3;safe;35;1;41;1,0
11;0,03;3;safe;36;1;41;1,0
11;0,03;3;safe;37;1;41;1,0
11;0,03;3;safe;38;1;41;1,0
11;0,03;3;safe;39;0;37;
11;0,03;3;safe;40;1;41;1,0
11;0,03;3;safe;41;1;41;1,0
11;0,03;3;safe;42;1;41;1,0
11;0,03;3;safe;43;1;41;1,0
11;0,03;3;safe;44;0;32;
11;0,03;3;safe;45;0;41;
11;0,03;3;safe;46;1;41;1,0
11;0,03;3;safe;47;0;39;
11;0,03;3;safe;48;1;41;1,0
11;0,03;3;safe;49;1;41;1,0
11;0,03;3;safe;50;1;41;1,0
11;0,03;3;safe;51;1;41;1,0
11;0,03;3;safe;52;1;41;1,0
11;0,03;3;safe;53;1;41;1,0
11;0,03;3;safe;54;1;41;1,0
11;0,03;3;safe;55;1;41;1,0
11;0,03;3;safe;56;1;41;1,0
11;0,03;3;safe;57;1;41;1,0
11;0,03;3;safe;58;1;41;1,0
11;0,03;3;safe;59;1;41;1,0
11;0,03;3;safe;60;1;41;1,0
11;0,03;3;safe;61;1;41;1,0
11;0,03;3;safe;62;1;41;1,0
11;0,03;3;safe;63;0;35;
11;0,03;3;safe;64;1;41;1,0
11;0,03;3;safe;65;1;41;1,0
11;0,03;3;safe;66;1;41;1,0
11;0,03;3;safe;67;1;41;1,0
11;0,03;3;safe;68;0;34;
11;0,03;3;safe;69;1;41;1,0
11;0,03;3;safe;70;0;40;
11;0,03;3;safe;71;1;41;1,0
11;0,03;3;safe;72;1;41;1,0
11;0,03;3;safe;73;1;41;1,0
11;0,03;3;safe;74;1;41;1,0
11;0,03;3;safe;75;1;41;1,0
11;0,03;3;safe;76;1;41;1,0
11;0,03;3;safe;77;1;41;1,0
11;0,03;3;safe;78;1;41;1,0
11;0,03;3;safe;79;1;41;1,0
11;0,03;3;safe;80;1;41;1,0
11;0,03;3;safe;81;1;41;1,0
11;0,03;3;safe;82;1;41;1,0
11;0,03;3;safe;83;1;41;1,0
11;0,03;3;safe;84;1;41;1,0
11;0,03;3;safe;85;0;39;
11;0,03;3;safe;86;1;41;1,0
11;0,03;3;safe;87;1;41;1,0
11;0,03;3;safe;88;1;41;1,0
11;0,03;3;safe;89;1;41;1,0
11;0,03;3;safe;90;1;41;1,0
11;0,03;3;safe;91;1;41;1,0
11;0,03;3;safe;92;1;41;1,0
11;0,03;3;safe;93;1;41;1,0
11;0,03;3;safe;94;1;41;1,0
11;0,03;3;safe;95;1;41;1,0
11;0,03;3;safe;96;1;41;1,0
11;0,03;3;safe;97;1;41;1,0
11;0,03;3;safe;98;1;41;1,0
11;0,03;3;safe;99;1;41;1,0
11;0,03;3;safe;100;1;41;1,0
11;0,03;3;predictive;1;1;41;1,0
11;0,03;3;predictive;2;1;41;1,0
11;0,03;3;predictive;3;1;41;1,0
11;0,03;3;predictive;4;1;41;1,0
11;0,03;3;predictive;5;1;41;1,0
11;0,03;3;predictive;6;1;41;1,0
11;0,03;3;predictive;7;1;41;1,0
11;0,03;3;predictive;8;1;41;1,0
11;0,03;3;predictive;9;1;41;1,0
11;0,03;3;predictive;10;1;41;1,0
11;0,03;3;predictive;11;1;41;1,0
11;0,03;3;predictive;12;1;143;0,2867132867132867
11;0,03;3;predictive;13;1;41;1,0
11;0,03;3;predictive;14;1;41;1,0
11;0,03;3;predictive;15;1;50;0,82
11;0,03;3;predictive;16;1;41;1,0
11;0,03;3;predictive;17;1;41;1,0
11;0,03;3;predictive;18;1;41;1,0
11;0,03;3;predictive;19;1;41;1,0
11;0,03;3;predictive;20;1;58;0,7068965517241379
11;0,03;3;predictive;21;1;41;1,0
11;0,03;3;predictive;22;1;41;1,0
11;0,03;3;predictive;23;1;41;1,0
11;0,03;3;predictive;24;1;41;1,0
11;0,03;3;predictive;25;1;41;1,0
11;0,03;3;predictive;26;1;41;1,0
11;0,03;3;predictive;27;1;41;1,0
11;0,03;3;predictive;28;1;98;0,41836734693877553
11;0,03;3;predictive;29;1;41;1,0
11;0,03;3;predictive;30;1;41;1,0
11;0,03;3;predictive;31;1;41;1,0
11;0,03;3;predictive;32;1;41;1,0
11;0,03;3;predictive;33;1;41;1,0
11;0,03;3;predictive;34;1;41;1,0
11;0,03;3;predictive;35;1;41;1,0
11;0,03;3;predictive;36;1;41;1,0
11;0,03;3;predictive;37;1;41;1,0
11;0,03;3;predictive;38;1;41;1,0
11;0,03;3;predictive;39;1;42;0,9761904761904762
11;0,03;3;predictive;40;1;41;1,0
11;0,03;3;predictive;41;1;41;1,0
11;0,03;3;predictive;42;1;41;1,0
11;0,03;3;predictive;43;1;41;1,0
11;0,03;3;predictive;44;1;41;1,0
11;0,03;3;predictive;45;1;94;0,43617021276595747
11;0,03;3;predictive;46;1;56;0,7321428571428571
11;0,03;3;predictive;47;1;41;1,0
11;0,03;3;predictive;48;1;41;1,0
11;0,03;3;predictive;49;1;41;1,0
11;0,03;3;predictive;50;1;41;1,0
11;0,03;3;predictive;51;1;41;1,0
11;0,03;3;predictive;52;1;41;1,0
11;0,03;3;predictive;53;1;41;1,0
11;0,03;3;predictive;54;1;50;0,82
11;0,03;3;predictive;55;1;41;1,0
11;0,03;3;predictive;56;1;48;0,8541666666666666
11;0,03;3;predictive;57;1;41;1,0
11;0,03;3;predictive;58;1;153;0,2679738562091503
11;0,03;3;predictive;59;1;41;1,0
11;0,03;3;predictive;60;1;41;1,0
11;0,03;3;predictive;61;1;41;1,0
11;0,03;3;predictive;62;1;41;1,0
11;0,03;3;predictive;63;1;49;0,8367346938775511
11;0,03;3;predictive;64;1;41;1,0
11;0,03;3;predictive;65;1;41;1,0
11;0,03;3;predictive;66;1;41;1,0
11;0,03;3;predictive;67;1;41;1,0
11;0,03;3;predictive;68;1;41;1,0
11;0,03;3;predictive;69;1;41;1,0
11;0,03;3;predictive;70;1;41;1,0
11;0,03;3;predictive;71;1;41;1,0
11;0,03;3;predictive;72;1;41;1,0
11;0,03;3;predictive;73;1;41;1,0
11;0,03;3;predictive;74;1;41;1,0
11;0,03;3;predictive;75;1;41;1,0
11;0,03;3;predictive;76;1;41;1,0
11;0,03;3;predictive;77;1;41;1,0
11;0,03;3;predictive;78;1;41;1,0
11;0,03;3;predictive;79;1;45;0,9111111111111111
11;0,03;3;predictive;80;1;41;1,0
11;0,03;3;predictive;81;1;41;1,0
11;0,03;3;predictive;82;1;41;1,0
11;0,03;3;predictive;83;1;41;1,0
11;0,03;3;predictive;84;1;41;1,0
11;0,03;3;predictive;85;1;41;1,0
11;0,03;3;predictive;86;1;41;1,0
11;0,03;3;predictive;87;1;41;1,0
11;0,03;3;predictive;88;1;41;1,0
11;0,03;3;predictive;89;1;43;0,9534883720930233
11;0,03;3;predictive;90;1;41;1,0
11;0,03;3;predictive;91;1;41;1,0
11;0,03;3;predictive;92;1;41;1,0
11;0,03;3;predictive;93;1;41;1,0
11;0,03;3;predictive;94;1;48;0,8541666666666666
11;0,03;3;predictive;95;1;43;0,9534883720930233
11;0,03;3;predictive;96;1;41;1,0
11;0,03;3;predictive;97;1;41;1,0
11;0,03;3;predictive;98;1;41;1,0
11;0,03;3;predictive;99;1;41;1,0
11;0,03;3;predictive;100;1;41;1,0
11;0,05;1;shortest;1;0;13;
11;0,05;1;shortest;2;1;59;1,0
11;0,05;1;shortest;3;1;59;1,0
11;0,05;1;shortest;4;0;49;
11;0,05;1;shortest;5;0;27;
11;0,05;1;shortest;6;0;47;
11;0,05;1;shortest;7;1;59;1,0
11;0,05;1;shortest;8;1;59;1,0
11;0,05;1;shortest;9;1;59;1,0
11;0,05;1;shortest;10;1;59;1,0
11;0,05;1;shortest;11;0;57;
11;0,05;1;shortest;12;1;59;1,0
11;0,05;1;shortest;13;1;59;1,0
11;0,05;1;shortest;14;0;14;
11;0,05;1;shortest;15;1;59;1,0
11;0,05;1;shortest;16;1;59;1,0
11;0,05;1;shortest;17;0;15;
11;0,05;1;shortest;18;1;59;1,0
11;0,05;1;shortest;19;0;47;
11;0,05;1;shortest;20;1;59;1,0
11;0,05;1;shortest;21;1;59;1,0
11;0,05;1;shortest;22;1;59;1,0
11;0,05;1;shortest;23;1;59;1,0
11;0,05;1;shortest;24;1;59;1,0
11;0,05;1;shortest;25;0;13;
11;0,05;1;shortest;26;1;59;1,0
11;0,05;1;shortest;27;1;59;1,0
11;0,05;1;shortest;28;1;59;1,0
11;0,05;1;shortest;29;1;59;1,0
11;0,05;1;shortest;30;1;59;1,0
11;0,05;1;shortest;31;1;59;1,0
11;0,05;1;shortest;32;0;58;
11;0,05;1;shortest;33;1;59;1,0
11;0,05;1;shortest;34;1;59;1,0
11;0,05;1;shortest;35;1;59;1,0
11;0,05;1;shortest;36;0;53;
11;0,05;1;shortest;37;1;59;1,0
11;0,05;1;shortest;38;1;59;1,0
11;0,05;1;shortest;39;1;59;1,0
11;0,05;1;shortest;40;1;59;1,0
11;0,05;1;shortest;41;1;59;1,0
11;0,05;1;shortest;42;1;59;1,0
11;0,05;1;shortest;43;1;59;1,0
11;0,05;1;shortest;44;1;59;1,0
11;0,05;1;shortest;45;0;54;
11;0,05;1;shortest;46;1;59;1,0
11;0,05;1;shortest;47;1;59;1,0
11;0,05;1;shortest;48;1;59;1,0
11;0,05;1;shortest;49;0;19;
11;0,05;1;shortest;50;0;15;
11;0,05;1;shortest;51;1;59;1,0
11;0,05;1;shortest;52;0;17;
11;0,05;1;shortest;53;1;59;1,0
11;0,05;1;shortest;54;1;59;1,0
11;0,05;1;shortest;55;1;59;1,0
11;0,05;1;shortest;56;1;59;1,0
11;0,05;1;shortest;57;0;56;
11;0,05;1;shortest;58;1;59;1,0
11;0,05;1;shortest;59;0;14;
11;0,05;1;shortest;60;1;59;1,0
11;0,05;1;shortest;61;1;59;1,0
11;0,05;1;shortest;62;0;47;
11;0,05;1;shortest;63;1;59;1,0
11;0,05;1;shortest;64;0;17;
11;0,05;1;shortest;65;1;59;1,0
11;0,05;1;shortest;66;0;49;
11;0,05;1;shortest;67;1;59;1,0
11;0,05;1;shortest;68;0;50;
11;0,05;1;shortest;69;1;59;1,0
11;0,05;1;shortest;70;0;51;
11;0,05;1;shortest;71;1;59;1,0
11;0,05;1;shortest;72;0;58;
11;0,05;1;shortest;73;0;47;
11;0,05;1;shortest;74;0;49;
11;0,05;1;shortest;75;0;51;
11;0,05;1;shortest;76;1;59;1,0
11;0,05;1;shortest;77;1;59;1,0
11;0,05;1;shortest;78;0;16;
11;0,05;1;shortest;79;1;59;1,0
11;0,05;1;shortest;80;0;15;
11;0,05;1;shortest;81;1;59;1,0
11;0,05;1;shortest;82;1;59;1,0
11;0,05;1;shortest;83;0;45;
11;0,05;1;shortest;84;1;59;1,0
11;0,05;1;shortest;85;0;16;
11;0,05;1;shortest;86;1;59;1,0
11;0,05;1;shortest;87;1;59;1,0
11;0,05;1;shortest;88;1;59;1,0
11;0,05;1;shortest;89;0;14;
11;0,05;1;shortest;90;1;59;1,0
11;0,05;1;shortest;91;1;59;1,0
11;0,05;1;shortest;92;0;16;
11;0,05;1;shortest;93;1;59;1,0
11;0,05;1;shortest;94;0;58;
11;0,05;1;shortest;95;0;55;
11;0,05;1;shortest;96;0;47;
11;0,05;1;shortest;97;1;59;1,0
11;0,05;1;shortest;98;1;59;1,0
11;0,05;1;shortest;99;0;50;
11;0,05;1;shortest;100;1;59;1,0
11;0,05;1;safe;1;0;13;
11;0,05;1;safe;2;1;59;1,0
11;0,05;1;safe;3;1;59;1,0
11;0,05;1;safe;4;0;59;
11;0,05;1;safe;5;0;54;
11;0,05;1;safe;6;1;59;1,0
11;0,05;1;safe;7;1;59;1,0
11;0,05;1;safe;8;0;17;
11;0,05;1;safe;9;1;59;1,0
11;0,05;1;safe;10;0;55;
11;0,05;1;safe;11;1;59;1,0
11;0,05;1;safe;12;0;58;
11;0,05;1;safe;13;0;16;
11;0,05;1;safe;14;1;59;1,0
11;0,05;1;safe;15;0;49;
11;0,05;1;safe;16;1;59;1,0
11;0,05;1;safe;17;0;56;
11;0,05;1;safe;18;1;59;1,0
11;0,05;1;safe;19;0;55;
11;0,05;1;safe;20;1;59;1,0
11;0,05;1;safe;21;1;59;1,0
11;0,05;1;safe;22;1;59;1,0
11;0,05;1;safe;23;0;15;
11;0,05;1;safe;24;1;59;1,0
11;0,05;1;safe;25;1;59;1,0
11;0,05;1;safe;26;1;59;1,0
11;0,05;1;safe;27;1;59;1,0
11;0,05;1;safe;28;1;59;1,0
11;0,05;1;safe;29;1;59;1,0
11;0,05;1;safe;30;1;59;1,0
11;0,05;1;safe;31;0;16;
11;0,05;1;safe;32;0;17;
11;0,05;1;safe;33;1;59;1,0
11;0,05;1;safe;34;1;59;1,0
11;0,05;1;safe;35;0;18;
11;0,05;1;safe;36;0;14;
11;0,05;1;safe;37;1;59;1,0
11;0,05;1;safe;38;1;59;1,0
11;0,05;1;safe;39;1;59;1,0
11;0,05;1;safe;40;0;55;
11;0,05;1;safe;41;0;54;
11;0,05;1;safe;42;1;59;1,0
11;0,05;1;safe;43;1;59;1,0
11;0,05;1;safe;44;1;59;1,0
11;0,05;1;safe;45;1;59;1,0
11;0,05;1;safe;46;1;59;1,0
11;0,05;1;safe;47;1;59;1,0
11;0,05;1;safe;48;1;59;1,0
11;0,05;1;safe;49;1;59;1,0
11;0,05;1;safe;50;1;59;1,0
11;0,05;1;safe;51;1;59;1,0
11;0,05;1;safe;52;1;59;1,0
11;0,05;1;safe;53;1;59;1,0
11;0,05;1;safe;54;1;59;1,0
11;0,05;1;safe;55;0;16;
11;0,05;1;safe;56;1;59;1,0
11;0,05;1;safe;57;0;59;
11;0,05;1;safe;58;0;58;
11;0,05;1;safe;59;1;59;1,0
11;0,05;1;safe;60;0;57;
11;0,05;1;safe;61;0;14;
11;0,05;1;safe;62;0;55;
11;0,05;1;safe;63;1;59;1,0
11;0,05;1;safe;64;0;49;
11;0,05;1;safe;65;1;59;1,0
11;0,05;1;safe;66;1;59;1,0
11;0,05;1;safe;67;1;59;1,0
11;0,05;1;safe;68;0;47;
11;0,05;1;safe;69;0;57;
11;0,05;1;safe;70;1;59;1,0
11;0,05;1;safe;71;1;59;1,0
11;0,05;1;safe;72;0;16;
11;0,05;1;safe;73;1;60;0,9833333333333333
11;0,05;1;safe;74;0;16;
11;0,05;1;safe;75;1;59;1,0
11;0,05;1;safe;76;1;59;1,0
11;0,05;1;safe;77;0;16;
11;0,05;1;safe;78;0;49;
11;0,05;1;safe;79;1;59;1,0
11;0,05;1;safe;80;0;53;
11;0,05;1;safe;81;1;59;1,0
11;0,05;1;safe;82;1;59;1,0
11;0,05;1;safe;83;1;59;1,0
11;0,05;1;safe;84;1;59;1,0
11;0,05;1;safe;85;1;59;1,0
11;0,05;1;safe;86;1;59;1,0
11;0,05;1;safe;87;0;14;
11;0,05;1;safe;88;1;59;1,0
11;0,05;1;safe;89;0;14;
11;0,05;1;safe;90;1;59;1,0
11;0,05;1;safe;91;1;59;1,0
11;0,05;1;safe;92;1;59;1,0
11;0,05;1;safe;93;1;59;1,0
11;0,05;1;safe;94;1;59;1,0
11;0,05;1;safe;95;1;59;1,0
11;0,05;1;safe;96;0;47;
11;0,05;1;safe;97;0;57;
11;0,05;1;safe;98;0;48;
11;0,05;1;safe;99;1;59;1,0
11;0,05;1;safe;100;0;53;
11;0,05;1;predictive;1;1;107;0,5514018691588785
11;0,05;1;predictive;2;1;60;0,9833333333333333
11;0,05;1;predictive;3;1;59;1,0
11;0,05;1;predictive;4;1;59;1,0
11;0,05;1;predictive;5;1;59;1,0
11;0,05;1;predictive;6;0;133;
11;0,05;1;predictive;7;1;59;1,0
11;0,05;1;predictive;8;1;59;1,0
11;0,05;1;predictive;9;1;59;1,0
11;0,05;1;predictive;10;1;59;1,0
11;0,05;1;predictive;11;1;59;1,0
11;0,05;1;predictive;12;1;59;1,0
11;0,05;1;predictive;13;1;59;1,0
11;0,05;1;predictive;14;1;59;1,0
11;0,05;1;predictive;15;1;59;1,0
11;0,05;1;predictive;16;1;59;1,0
11;0,05;1;predictive;17;0;75;
11;0,05;1;predictive;18;0;251;
11;0,05;1;predictive;19;1;59;1,0
11;0,05;1;predictive;20;0;86;
11;0,05;1;predictive;21;1;59;1,0
11;0,05;1;predictive;22;1;70;0,8428571428571429
11;0,05;1;predictive;23;1;59;1,0
11;0,05;1;predictive;24;1;59;1,0
11;0,05;1;predictive;25;1;59;1,0
11;0,05;1;predictive;26;1;59;1,0
11;0,05;1;predictive;27;0;69;
11;0,05;1;predictive;28;1;59;1,0
11;0,05;1;predictive;29;1;59;1,0
11;0,05;1;predictive;30;1;59;1,0
11;0,05;1;predictive;31;1;59;1,0
11;0,05;1;predictive;32;1;86;0,686046511627907
11;0,05;1;predictive;33;1;59;1,0
11;0,05;1;predictive;34;1;109;0,5412844036697247
11;0,05;1;predictive;35;1;59;1,0
11;0,05;1;predictive;36;1;59;1,0
11;0,05;1;predictive;37;1;97;0,6082474226804123
11;0,05;1;predictive;38;1;59;1,0
11;0,05;1;predictive;39;1;59;1,0
11;0,05;1;predictive;40;1;59;1,0
11;0,05;1;predictive;41;1;59;1,0
11;0,05;1;predictive;42;0;58;
11;0,05;1;predictive;43;1;59;1,0
11;0,05;1;predictive;44;1;59;1,0
11;0,05;1;predictive;45;1;59;1,0
11;0,05;1;predictive;46;1;59;1,0
11;0,05;1;predictive;47;1;59;1,0
11;0,05;1;predictive;48;1;59;1,0
11;0,05;1;predictive;49;1;59;1,0
11;0,05;1;predictive;50;0;57;
11;0,05;1;predictive;51;1;59;1,0
11;0,05;1;predictive;52;1;59;1,0
11;0,05;1;predictive;53;1;92;0,6413043478260869
11;0,05;1;predictive;54;1;59;1,0
11;0,05;1;predictive;55;1;68;0,8676470588235294
11;0,05;1;predictive;56;1;59;1,0
11;0,05;1;predictive;57;1;59;1,0
11;0,05;1;predictive;58;1;62;0,9516129032258065
11;0,05;1;predictive;59;1;59;1,0
11;0,05;1;predictive;60;1;59;1,0
11;0,05;1;predictive;61;1;61;0,9672131147540983
11;0,05;1;predictive;62;1;59;1,0
11;0,05;1;predictive;63;0;113;
11;0,05;1;predictive;64;1;61;0,9672131147540983
11;0,05;1;predictive;65;1;59;1,0
11;0,05;1;predictive;66;1;59;1,0
11;0,05;1;predictive;67;1;63;0,9365079365079365
11;0,05;1;predictive;68;1;59;1,0
11;0,05;1;predictive;69;1;59;1,0
11;0,05;1;predictive;70;1;141;0,41843971631205673
11;0,05;1;predictive;71;1;87;0,6781609195402298
11;0,05;1;predictive;72;1;67;0,8805970149253731
11;0,05;1;predictive;73;1;76;0,7763157894736842
11;0,05;1;predictive;74;1;110;0,5363636363636364
11;0,05;1;predictive;75;1;59;1,0
11;0,05;1;predictive;76;1;114;0,5175438596491229
11;0,05;1;predictive;77;1;59;1,0
11;0,05;1;predictive;78;1;62;0,9516129032258065
11;0,05;1;predictive;79;1;61;0,9672131147540983
11;0,05;1;predictive;80;0;160;
11;0,05;1;predictive;81;1;59;1,0
11;0,05;1;predictive;82;1;59;1,0
11;0,05;1;predictive;83;1;59;1,0
11;0,05;1;predictive;84;1;59;1,0
11;0,05;1;predictive;85;1;69;0,855072463768116
11;0,05;1;predictive;86;1;60;0,9833333333333333
11;0,05;1;predictive;87;1;59;1,0
11;0,05;1;predictive;88;1;60;0,9833333333333333
11;0,05;1;predictive;89;1;62;0,9516129032258065
11;0,05;1;predictive;90;1;59;1,0
11;0,05;1;predictive;91;1;59;1,0
11;0,05;1;predictive;92;1;59;1,0
11;0,05;1;predictive;93;1;59;1,0
11;0,05;1;predictive;94;1;62;0,9516129032258065
11;0,05;1;predictive;95;1;59;1,0
11;0,05;1;predictive;96;1;59;1,0
11;0,05;1;predictive;97;1;64;0,921875
11;0,05;1;predictive;98;1;97;0,6082474226804123
11;0,05;1;predictive;99;1;59;1,0
11;0,05;1;predictive;100;1;59;1,0
11;0,05;2;shortest;1;0;46;
11;0,05;2;shortest;2;1;55;1,0
11;0,05;2;shortest;3;0;53;
11;0,05;2;shortest;4;0;54;
11;0,05;2;shortest;5;1;55;1,0
11;0,05;2;shortest;6;1;55;1,0
11;0,05;2;shortest;7;0;51;
11;0,05;2;shortest;8;1;55;1,0
11;0,05;2;shortest;9;0;47;
11;0,05;2;shortest;10;1;55;1,0
11;0,05;2;shortest;11;1;55;1,0
11;0,05;2;shortest;12;0;53;
11;0,05;2;shortest;13;1;55;1,0
11;0,05;2;shortest;14;1;55;1,0
11;0,05;2;shortest;15;1;55;1,0
11;0,05;2;shortest;16;1;55;1,0
11;0,05;2;shortest;17;1;55;1,0
11;0,05;2;shortest;18;1;55;1,0
11;0,05;2;shortest;19;1;55;1,0
11;0,05;2;shortest;20;1;55;1,0
11;0,05;2;shortest;21;0;54;
11;0,05;2;shortest;22;1;55;1,0
11;0,05;2;shortest;23;1;55;1,0
11;0,05;2;shortest;24;1;55;1,0
11;0,05;2;shortest;25;1;55;1,0
11;0,05;2;shortest;26;1;55;1,0
11;0,05;2;shortest;27;1;55;1,0
11;0,05;2;shortest;28;1;55;1,0
11;0,05;2;shortest;29;0;53;
11;0,05;2;shortest;30;1;55;1,0
11;0,05;2;shortest;31;0;45;
11;0,05;2;shortest;32;0;42;
11;0,05;2;shortest;33;1;55;1,0
11;0,05;2;shortest;34;1;55;1,0
11;0,05;2;shortest;35;1;55;1,0
11;0,05;2;shortest;36;0;48;
11;0,05;2;shortest;37;1;55;1,0
11;0,05;2;shortest;38;1;55;1,0
11;0,05;2;shortest;39;0;50;
11;0,05;2;shortest;40;1;55;1,0
11;0,05;2;shortest;41;1;55;1,0
11;0,05;2;shortest;42;1;55;1,0
11;0,05;2;shortest;43;1;55;1,0
11;0,05;2;shortest;44;1;55;1,0
11;0,05;2;shortest;45;1;55;1,0
11;0,05;2;shortest;46;1;55;1,0
11;0,05;2;shortest;47;1;55;1,0
11;0,05;2;shortest;48;0;48;
11;0,05;2;shortest;49;1;55;1,0
11;0,05;2;shortest;50;1;55;1,0
11;0,05;2;shortest;51;0;45;
11;0,05;2;shortest;52;1;55;1,0
11;0,05;2;shortest;53;1;55;1,0
11;0,05;2;shortest;54;1;55;1,0
11;0,05;2;shortest;55;1;55;1,0
11;0,05;2;shortest;56;1;55;1,0
11;0,05;2;shortest;57;1;55;1,0
11;0,05;2;shortest;58;1;55;1,0
11;0,05;2;shortest;59;0;54;
11;0,05;2;shortest;60;1;55;1,0
11;0,05;2;shortest;61;1;55;1,0
11;0,05;2;shortest;62;1;55;1,0
11;0,05;2;shortest;63;0;54;
11;0,05;2;shortest;64;0;43;
11;0,05;2;shortest;65;0;52;
11;0,05;2;shortest;66;1;55;1,0
11;0,05;2;shortest;67;1;55;1,0
11;0,05;2;shortest;68;1;55;1,0
11;0,05;2;shortest;69;1;55;1,0
11;0,05;2;shortest;70;0;52;
11;0,05;2;shortest;71;1;55;1,0
11;0,05;2;shortest;72;0;51;
11;0,05;2;shortest;73;1;55;1,0
11;0,05;2;shortest;74;1;55;1,0
11;0,05;2;shortest;75;1;55;1,0
11;0,05;2;shortest;76;1;55;1,0
11;0,05;2;shortest;77;0;43;
11;0,05;2;shortest;78;1;55;1,0
11;0,05;2;shortest;79;1;55;1,0
11;0,05;2;shortest;80;1;55;1,0
11;0,05;2;shortest;81;1;55;1,0
11;0,05;2;shortest;82;1;55;1,0
11;0,05;2;shortest;83;1;55;1,0
11;0,05;2;shortest;84;0;51;
11;0,05;2;shortest;85;1;55;1,0
11;0,05;2;shortest;86;1;55;1,0
11;0,05;2;shortest;87;1;55;1,0
11;0,05;2;shortest;88;1;55;1,0
11;0,05;2;shortest;89;1;55;1,0
11;0,05;2;shortest;90;1;55;1,0
11;0,05;2;shortest;91;1;55;1,0
11;0,05;2;shortest;92;0;54;
11;0,05;2;shortest;93;1;55;1,0
11;0,05;2;shortest;94;1;55;1,0
11;0,05;2;shortest;95;1;55;1,0
11;0,05;2;shortest;96;1;55;1,0
11;0,05;2;shortest;97;0;46;
11;0,05;2;shortest;98;1;55;1,0
11;0,05;2;shortest;99;1;55;1,0
11;0,05;2;shortest;100;1;55;1,0
11;0,05;2;safe;1;0;46;
11;0,05;2;safe;2;1;55;1,0
11;0,05;2;safe;3;0;54;
11;0,05;2;safe;4;1;55;1,0
11;0,05;2;safe;5;1;55;1,0
11;0,05;2;safe;6;1;55;1,0
11;0,05;2;safe;7;1;55;1,0
11;0,05;2;safe;8;0;52;
11;0,05;2;safe;9;1;55;1,0
11;0,05;2;safe;10;1;55;1,0
11;0,05;2;safe;11;0;54;
11;0,05;2;safe;12;1;55;1,0
11;0,05;2;safe;13;1;55;1,0
11;0,05;2;safe;14;1;55;1,0
11;0,05;2;safe;15;1;55;1,0
11;0,05;2;safe;16;0;49;
11;0,05;2;safe;17;1;55;1,0
11;0,05;2;safe;18;1;55;1,0
11;0,05;2;safe;19;0;53;
11;0,05;2;safe;20;0;50;
11;0,05;2;safe;21;1;55;1,0
11;0,05;2;safe;22;0;53;
11;0,05;2;safe;23;1;55;1,0
11;0,05;2;safe;24;1;55;1,0
11;0,05;2;safe;25;0;52;
11;0,05;2;safe;26;0;50;
11;0,05;2;safe;27;1;55;1,0
11;0,05;2;safe;28;1;55;1,0
11;0,05;2;safe;29;1;55;1,0
11;0,05;2;safe;30;1;55;1,0
11;0,05;2;safe;31;0;54;
11;0,05;2;safe;32;1;55;1,0
11;0,05;2;safe;33;0;52;
11;0,05;2;safe;34;0;54;
11;0,05;2;safe;35;1;55;1,0
11;0,05;2;safe;36;0;45;
11;0,05;2;safe;37;1;55;1,0
11;0,05;2;safe;38;0;54;
11;0,05;2;safe;39;1;55;1,0
11;0,05;2;safe;40;0;50;
11;0,05;2;safe;41;1;55;1,0
11;0,05;2;safe;42;1;55;1,0
11;0,05;2;safe;43;1;55;1,0
11;0,05;2;safe;44;1;55;1,0
11;0,05;2;safe;45;1;55;1,0
11;0,05;2;safe;46;1;55;1,0
11;0,05;2;safe;47;1;55;1,0
11;0,05;2;safe;48;1;55;1,0
11;0,05;2;safe;49;1;55;1,0
11;0,05;2;safe;50;1;55;1,0
11;0,05;2;safe;51;1;55;1,0
11;0,05;2;safe;52;1;55;1,0
11;0,05;2;safe;53;1;55;1,0
11;0,05;2;safe;54;1;55;1,0
11;0,05;2;safe;55;1;55;1,0
11;0,05;2;safe;56;0;48;
11;0,05;2;safe;57;1;55;1,0
11;0,05;2;safe;58;1;55;1,0
11;0,05;2;safe;59;1;55;1,0
11;0,05;2;safe;60;1;55;1,0
11;0,05;2;safe;61;1;55;1,0
11;0,05;2;safe;62;0;48;
11;0,05;2;safe;63;0;48;
11;0,05;2;safe;64;0;51;
11;0,05;2;safe;65;1;55;1,0
11;0,05;2;safe;66;1;55;1,0
11;0,05;2;safe;67;1;55;1,0
11;0,05;2;safe;68;0;54;
11;0,05;2;safe;69;1;55;1,0
11;0,05;2;safe;70;1;55;1,0
11;0,05;2;safe;71;1;55;1,0
11;0,05;2;safe;72;0;54;
11;0,05;2;safe;73;1;55;1,0
11;0,05;2;safe;74;0;52;
11;0,05;2;safe;75;1;55;1,0
11;0,05;2;safe;76;0;54;
11;0,05;2;safe;77;1;55;1,0
11;0,05;2;safe;78;1;55;1,0
11;0,05;2;safe;79;1;55;1,0
11;0,05;2;safe;80;1;55;1,0
11;0,05;2;safe;81;1;55;1,0
11;0,05;2;safe;82;0;54;
11;0,05;2;safe;83;1;55;1,0
11;0,05;2;safe;84;0;50;
11;0,05;2;safe;85;1;55;1,0
11;0,05;2;safe;86;1;55;1,0
11;0,05;2;safe;87;1;55;1,0
11;0,05;2;safe;88;1;55;1,0
11;0,05;2;safe;89;0;48;
11;0,05;2;safe;90;1;55;1,0
11;0,05;2;safe;91;1;55;1,0
11;0,05;2;safe;92;1;55;1,0
11;0,05;2;safe;93;1;55;1,0
11;0,05;2;safe;94;1;55;1,0
11;0,05;2;safe;95;0;48;
11;0,05;2;safe;96;1;55;1,0
11;0,05;2;safe;97;1;55;1,0
11;0,05;2;safe;98;1;55;1,0
11;0,05;2;safe;99;1;55;1,0
11;0,05;2;safe;100;1;55;1,0
11;0,05;2;predictive;1;1;76;0,7236842105263158
11;0,05;2;predictive;2;1;55;1,0
11;0,05;2;predictive;3;1;55;1,0
11;0,05;2;predictive;4;1;55;1,0
11;0,05;2;predictive;5;1;55;1,0
11;0,05;2;predictive;6;1;55;1,0
11;0,05;2;predictive;7;1;55;1,0
11;0,05;2;predictive;8;1;55;1,0
11;0,05;2;predictive;9;1;55;1,0
11;0,05;2;predictive;10;1;55;1,0
11;0,05;2;predictive;11;1;55;1,0
11;0,05;2;predictive;12;0;52;
11;0,05;2;predictive;13;0;145;
11;0,05;2;predictive;14;1;55;1,0
11;0,05;2;predictive;15;1;55;1,0
11;0,05;2;predictive;16;1;64;0,859375
11;0,05;2;predictive;17;1;55;1,0
11;0,05;2;predictive;18;1;71;0,7746478873239436
11;0,05;2;predictive;19;1;55;1,0
11;0,05;2;predictive;20;1;64;0,859375
11;0,05;2;predictive;21;1;55;1,0
11;0,05;2;predictive;22;0;61;
11;0,05;2;predictive;23;1;55;1,0
11;0,05;2;predictive;24;1;55;1,0
11;0,05;2;predictive;25;1;55;1,0
11;0,05;2;predictive;26;1;55;1,0
11;0,05;2;predictive;27;1;55;1,0
11;0,05;2;predictive;28;1;55;1,0
11;0,05;2;predictive;29;1;55;1,0
11;0,05;2;predictive;30;1;55;1,0
11;0,05;2;predictive;31;1;55;1,0
11;0,05;2;predictive;32;1;55;1,0
11;0,05;2;predictive;33;1;55;1,0
11;0,05;2;predictive;34;1;72;0,7638888888888888
11;0,05;2;predictive;35;1;70;0,7857142857142857
11;0,05;2;predictive;36;1;55;1,0
11;0,05;2;predictive;37;1;55;1,0
11;0,05;2;predictive;38;1;55;1,0
11;0,05;2;predictive;39;0;75;
11;0,05;2;predictive;40;1;55;1,0
11;0,05;2;predictive;41;1;55;1,0
11;0,05;2;predictive;42;0;114;
11;0,05;2;predictive;43;1;88;0,625
11;0,05;2;predictive;44;1;55;1,0
11;0,05;2;predictive;45;1;55;1,0
11;0,05;2;predictive;46;1;128;0,4296875
11;0,05;2;predictive;47;1;55;1,0
11;0,05;2;predictive;48;1;55;1,0
11;0,05;2;predictive;49;1;96;0,5729166666666666
11;0,05;2;predictive;50;1;100;0,55
11;0,05;2;predictive;51;1;56;0,9821428571428571
11;0,05;2;predictive;52;1;115;0,4782608695652174
11;0,05;2;predictive;53;1;55;1,0
11;0,05;2;predictive;54;1;55;1,0
11;0,05;2;predictive;55;1;55;1,0
11;0,05;2;predictive;56;1;55;1,0
11;0,05;2;predictive;57;1;55;1,0
11;0,05;2;predictive;58;1;71;0,7746478873239436
11;0,05;2;predictive;59;1;57;0,9649122807017544
11;0,05;2;predictive;60;1;55;1,0
11;0,05;2;predictive;61;1;55;1,0
11;0,05;2;predictive;62;1;55;1,0
11;0,05;2;predictive;63;1;92;0,5978260869565217
11;0,05;2;predictive;64;1;55;1,0
11;0,05;2;predictive;65;1;82;0,6707317073170732
11;0,05;2;predictive;66;1;55;1,0
11;0,05;2;predictive;67;1;55;1,0
11;0,05;2;predictive;68;1;55;1,0
11;0,05;2;predictive;69;1;55;1,0
11;0,05;2;predictive;70;1;57;0,9649122807017544
11;0,05;2;predictive;71;1;55;1,0
11;0,05;2;predictive;72;1;118;0,4661016949152542
11;0,05;2;predictive;73;1;55;1,0
11;0,05;2;predictive;74;1;102;0,5392156862745098
11;0,05;2;predictive;75;1;55;1,0
11;0,05;2;predictive;76;1;72;0,7638888888888888
11;0,05;2;predictive;77;1;55;1,0
11;0,05;2;predictive;78;1;56;0,9821428571428571
11;0,05;2;predictive;79;1;55;1,0
11;0,05;2;predictive;80;1;55;1,0
11;0,05;2;predictive;81;1;55;1,0
11;0,05;2;predictive;82;1;55;1,0
11;0,05;2;predictive;83;1;55;1,0
11;0,05;2;predictive;84;1;55;1,0
11;0,05;2;predictive;85;1;68;0,8088235294117647
11;0,05;2;predictive;86;1;55;1,0
11;0,05;2;predictive;87;1;55;1,0
11;0,05;2;predictive;88;1;55;1,0
11;0,05;2;predictive;89;1;55;1,0
11;0,05;2;predictive;90;1;55;1,0
11;0,05;2;predictive;91;1;55;1,0
11;0,05;2;predictive;92;1;145;0,3793103448275862
11;0,05;2;predictive;93;1;55;1,0
11;0,05;2;predictive;94;1;68;0,8088235294117647
11;0,05;2;predictive;95;1;55;1,0
11;0,05;2;predictive;96;0;106;
11;0,05;2;predictive;97;1;91;0,6043956043956044
11;0,05;2;predictive;98;1;136;0,40441176470588236
11;0,05;2;predictive;99;0;98;
11;0,05;2;predictive;100;1;55;1,0
11;0,05;3;shortest;1;0;38;
11;0,05;3;shortest;2;1;41;1,0
11;0,05;3;shortest;3;1;41;1,0
11;0,05;3;shortest;4;1;41;1,0
11;0,05;3;shortest;5;0;40;
11;0,05;3;shortest;6;1;41;1,0
11;0,05;3;shortest;7;1;41;1,0
11;0,05;3;shortest;8;1;41;1,0
11;0,05;3;shortest;9;1;41;1,0
11;0,05;3;shortest;10;1;41;1,0
11;0,05;3;shortest;11;0;39;
11;0,05;3;shortest;12;1;41;1,0
11;0,05;3;shortest;13;1;41;1,0
11;0,05;3;shortest;14;0;33;
11;0,05;3;shortest;15;1;41;1,0
11;0,05;3;shortest;16;1;41;1,0
11;0,05;3;shortest;17;1;41;1,0
11;0,05;3;shortest;18;0;35;
11;0,05;3;shortest;19;0;40;
11;0,05;3;shortest;20;1;41;1,0
11;0,05;3;shortest;21;1;41;1,0
11;0,05;3;shortest;22;1;41;1,0
11;0,05;3;shortest;23;1;41;1,0
11;0,05;3;shortest;24;1;41;1,0
11;0,05;3;shortest;25;0;36;
11;0,05;3;shortest;26;1;41;1,0
11;0,05;3;shortest;27;1;41;1,0
11;0,05;3;shortest;28;0;38;
11;0,05;3;shortest;29;1;41;1,0
11;0,05;3;shortest;30;0;38;
11;0,05;3;shortest;31;0;38;
11;0,05;3;shortest;32;1;41;1,0
11;0,05;3;shortest;33;1;41;1,0
11;0,05;3;shortest;34;1;41;1,0
11;0,05;3;shortest;35;0;40;
11;0,05;3;shortest;36;1;41;1,0
11;0,05;3;shortest;37;1;41;1,0
11;0,05;3;shortest;38;1;41;1,0
11;0,05;3;shortest;39;0;36;
11;0,05;3;shortest;40;1;41;1,0
11;0,05;3;shortest;41;1;41;1,0
11;0,05;3;shortest;42;1;41;1,0
11;0,05;3;shortest;43;1;41;1,0
11;0,05;3;shortest;44;1;41;1,0
11;0,05;3;shortest;45;1;41;1,0
11;0,05;3;shortest;46;1;41;1,0
11;0,05;3;shortest;47;1;41;1,0
11;0,05;3;shortest;48;1;41;1,0
11;0,05;3;shortest;49;1;41;1,0
11;0,05;3;shortest;50;1;41;1,0
11;0,05;3;shortest;51;1;41;1,0
11;0,05;3;shortest;52;1;41;1,0
11;0,05;3;shortest;53;0;38;
11;0,05;3;shortest;54;1;41;1,0
11;0,05;3;shortest;55;1;41;1,0
11;0,05;3;shortest;56;0;31;
11;0,05;3;shortest;57;1;41;1,0
11;0,05;3;shortest;58;1;41;1,0
11;0,05;3;shortest;59;0;40;
11;0,05;3;shortest;60;0;37;
11;0,05;3;shortest;61;1;41;1,0
11;0,05;3;shortest;62;1;41;1,0
11;0,05;3;shortest;63;1;41;1,0
11;0,05;3;shortest;64;1;41;1,0
11;0,05;3;shortest;65;1;41;1,0
11;0,05;3;shortest;66;1;41;1,0
11;0,05;3;shortest;67;1;41;1,0
11;0,05;3;shortest;68;1;41;1,0
11;0,05;3;shortest;69;0;39;
11;0,05;3;shortest;70;1;41;1,0
11;0,05;3;shortest;71;1;41;1,0
11;0,05;3;shortest;72;0;38;
11;0,05;3;shortest;73;1;41;1,0
11;0,05;3;shortest;74;1;41;1,0
11;0,05;3;shortest;75;1;41;1,0
11;0,05;3;shortest;76;1;41;1,0
11;0,05;3;shortest;77;1;41;1,0
11;0,05;3;shortest;78;1;41;1,0
11;0,05;3;shortest;79;1;41;1,0
11;0,05;3;shortest;80;0;38;
11;0,05;3;shortest;81;1;41;1,0
11;0,05;3;shortest;82;1;41;1,0
11;0,05;3;shortest;83;0;38;
11;0,05;3;shortest;84;1;41;1,0
11;0,05;3;shortest;85;0;38;
11;0,05;3;shortest;86;1;41;1,0
11;0,05;3;shortest;87;1;41;1,0
11;0,05;3;shortest;88;1;41;1,0
11;0,05;3;shortest;89;1;41;1,0
11;0,05;3;shortest;90;1;41;1,0
11;0,05;3;shortest;91;1;41;1,0
11;0,05;3;shortest;92;1;41;1,0
11;0,05;3;shortest;93;0;38;
11;0,05;3;shortest;94;1;41;1,0
11;0,05;3;shortest;95;1;41;1,0
11;0,05;3;shortest;96;1;41;1,0
11;0,05;3;shortest;97;1;41;1,0
11;0,05;3;shortest;98;1;41;1,0
11;0,05;3;shortest;99;0;38;
11;0,05;3;shortest;100;1;41;1,0
11;0,05;3;safe;1;1;42;0,9761904761904762
11;0,05;3;safe;2;1;41;1,0
11;0,05;3;safe;3;1;41;1,0
11;0,05;3;safe;4;1;41;1,0
11;0,05;3;safe;5;1;41;1,0
11;0,05;3;safe;6;1;41;1,0
11;0,05;3;safe;7;0;38;
11;0,05;3;safe;8;0;38;
11;0,05;3;safe;9;1;41;1,0
11;0,05;3;safe;10;1;41;1,0
11;0,05;3;safe;11;1;41;1,0
11;0,05;3;safe;12;1;41;1,0
11;0,05;3;safe;13;1;41;1,0
11;0,05;3;safe;14;0;40;
11;0,05;3;safe;15;1;41;1,0
11;0,05;3;safe;16;1;41;1,0
11;0,05;3;safe;17;0;39;
11;0,05;3;safe;18;1;41;1,0
11;0,05;3;safe;19;1;41;1,0
11;0,05;3;safe;20;1;41;1,0
11;0,05;3;safe;21;1;41;1,0
11;0,05;3;safe;22;0;38;
11;0,05;3;safe;23;1;41;1,0
11;0,05;3;safe;24;1;41;1,0
11;0,05;3;safe;25;1;41;1,0
11;0,05;3;safe;26;1;41;1,0
11;0,05;3;safe;27;1;41;1,0
11;0,05;3;safe;28;1;41;1,0
11;0,05;3;safe;29;1;41;1,0
11;0,05;3;safe;30;0;38;
11;0,05;3;safe;31;0;35;
11;0,05;3;safe;32;1;41;1,0
11;0,05;3;safe;33;1;41;1,0
11;0,05;3;safe;34;1;41;1,0
11;0,05;3;safe;35;1;41;1,0
11;0,05;3;safe;36;1;41;1,0
11;0,05;3;safe;37;1;41;1,0
11;0,05;3;safe;38;1;41;1,0
11;0,05;3;safe;39;1;41;1,0
11;0,05;3;safe;40;1;41;1,0
11;0,05;3;safe;41;1;41;1,0
11;0,05;3;safe;42;1;41;1,0
11;0,05;3;safe;43;0;34;
11;0,05;3;safe;44;1;41;1,0
11;0,05;3;safe;45;1;41;1,0
11;0,05;3;safe;46;0;33;
11;0,05;3;safe;47;1;41;1,0
11;0,05;3;safe;48;0;38;
11;0,05;3;safe;49;1;41;1,0
11;0,05;3;safe;50;0;39;
11;0,05;3;safe;51;0;40;
11;0,05;3;safe;52;1;41;1,0
11;0,05;3;safe;53;1;41;1,0
11;0,05;3;safe;54;1;41;1,0
11;0,05;3;safe;55;0;38;
11;0,05;3;safe;56;1;41;1,0
11;0,05;3;safe;57;0;32;
11;0,05;3;safe;58;1;41;1,0
11;0,05;3;safe;59;1;41;1,0
11;0,05;3;safe;60;1;41;1,0
11;0,05;3;safe;61;0;39;
11;0,05;3;safe;62;1;41;1,0
11;0,05;3;safe;63;1;41;1,0
11;0,05;3;safe;64;0;38;
11;0,05;3;safe;65;1;41;1,0
11;0,05;3;safe;66;1;41;1,0
11;0,05;3;safe;67;0;38;
11;0,05;3;safe;68;1;41;1,0
11;0,05;3;safe;69;1;41;1,0
11;0,05;3;safe;70;1;41;1,0
11;0,05;3;safe;71;1;44;0,9318181818181818
11;0,05;3;safe;72;1;41;1,0
11;0,05;3;safe;73;1;41;1,0
11;0,05;3;safe;74;0;41;
11;0,05;3;safe;75;1;41;1,0
11;0,05;3;safe;76;1;41;1,0
11;0,05;3;safe;77;1;41;1,0
11;0,05;3;safe;78;0;39;
11;0,05;3;safe;79;1;41;1,0
11;0,05;3;safe;80;1;41;1,0
11;0,05;3;safe;81;1;41;1,0
11;0,05;3;safe;82;1;41;1,0
11;0,05;3;safe;83;1;41;1,0
11;0,05;3;safe;84;1;41;1,0
11;0,05;3;safe;85;1;41;1,0
11;0,05;3;safe;86;1;41;1,0
11;0,05;3;safe;87;0;37;
11;0,05;3;safe;88;1;41;1,0
11;0,05;3;safe;89;0;39;
11;0,05;3;safe;90;1;41;1,0
11;0,05;3;safe;91;1;41;1,0
11;0,05;3;safe;92;1;41;1,0
11;0,05;3;safe;93;1;41;1,0
11;0,05;3;safe;94;1;41;1,0
11;0,05;3;safe;95;0;39;
11;0,05;3;safe;96;0;41;
11;0,05;3;safe;97;1;41;1,0
11;0,05;3;safe;98;1;41;1,0
11;0,05;3;safe;99;1;41;1,0
11;0,05;3;safe;100;1;41;1,0
11;0,05;3;predictive;1;1;43;0,9534883720930233
11;0,05;3;predictive;2;1;41;1,0
11;0,05;3;predictive;3;1;41;1,0
11;0,05;3;predictive;4;1;41;1,0
11;0,05;3;predictive;5;1;44;0,9318181818181818
11;0,05;3;predictive;6;1;41;1,0
11;0,05;3;predictive;7;1;41;1,0
11;0,05;3;predictive;8;1;41;1,0
11;0,05;3;predictive;9;1;41;1,0
11;0,05;3;predictive;10;1;41;1,0
11;0,05;3;predictive;11;1;41;1,0
11;0,05;3;predictive;12;1;41;1,0
11;0,05;3;predictive;13;1;76;0,5394736842105263
11;0,05;3;predictive;14;1;41;1,0
11;0,05;3;predictive;15;1;41;1,0
11;0,05;3;predictive;16;1;41;1,0
11;0,05;3;predictive;17;1;41;1,0
11;0,05;3;predictive;18;1;41;1,0
11;0,05;3;predictive;19;1;45;0,9111111111111111
11;0,05;3;predictive;20;1;46;0,8913043478260869
11;0,05;3;predictive;21;1;41;1,0
11;0,05;3;predictive;22;1;41;1,0
11;0,05;3;predictive;23;1;41;1,0
11;0,05;3;predictive;24;1;41;1,0
11;0,05;3;predictive;25;1;100;0,41
11;0,05;3;predictive;26;1;41;1,0
11;0,05;3;predictive;27;1;41;1,0
11;0,05;3;predictive;28;1;41;1,0
11;0,05;3;predictive;29;1;41;1,0
11;0,05;3;predictive;30;1;41;1,0
11;0,05;3;predictive;31;1;44;0,9318181818181818
11;0,05;3;predictive;32;1;41;1,0
11;0,05;3;predictive;33;1;41;1,0
11;0,05;3;predictive;34;1;41;1,0
11;0,05;3;predictive;35;1;41;1,0
11;0,05;3;predictive;36;1;41;1,0
11;0,05;3;predictive;37;1;41;1,0
11;0,05;3;predictive;38;1;49;0,8367346938775511
11;0,05;3;predictive;39;1;41;1,0
11;0,05;3;predictive;40;1;47;0,8723404255319149
11;0,05;3;predictive;41;1;41;1,0
11;0,05;3;predictive;42;1;41;1,0
11;0,05;3;predictive;43;1;41;1,0
11;0,05;3;predictive;44;1;54;0,7592592592592593
11;0,05;3;predictive;45;1;42;0,9761904761904762
11;0,05;3;predictive;46;1;41;1,0
11;0,05;3;predictive;47;1;41;1,0
11;0,05;3;predictive;48;1;41;1,0
11;0,05;3;predictive;49;1;52;0,7884615384615384
11;0,05;3;predictive;50;1;42;0,9761904761904762
11;0,05;3;predictive;51;1;49;0,8367346938775511
11;0,05;3;predictive;52;1;41;1,0
11;0,05;3;predictive;53;1;43;0,9534883720930233
11;0,05;3;predictive;54;1;41;1,0
11;0,05;3;predictive;55;1;41;1,0
11;0,05;3;predictive;56;1;41;1,0
11;0,05;3;predictive;57;1;41;1,0
11;0,05;3;predictive;58;1;41;1,0
11;0,05;3;predictive;59;1;41;1,0
11;0,05;3;predictive;60;1;41;1,0
11;0,05;3;predictive;61;1;61;0,6721311475409836
11;0,05;3;predictive;62;1;41;1,0
11;0,05;3;predictive;63;1;47;0,8723404255319149
11;0,05;3;predictive;64;1;41;1,0
11;0,05;3;predictive;65;1;41;1,0
11;0,05;3;predictive;66;1;41;1,0
11;0,05;3;predictive;67;1;41;1,0
11;0,05;3;predictive;68;1;41;1,0
11;0,05;3;predictive;69;1;41;1,0
11;0,05;3;predictive;70;1;41;1,0
11;0,05;3;predictive;71;1;41;1,0
11;0,05;3;predictive;72;1;41;1,0
11;0,05;3;predictive;73;1;42;0,9761904761904762
11;0,05;3;predictive;74;1;41;1,0
11;0,05;3;predictive;75;1;41;1,0
11;0,05;3;predictive;76;1;41;1,0
11;0,05;3;predictive;77;1;41;1,0
11;0,05;3;predictive;78;1;41;1,0
11;0,05;3;predictive;79;1;41;1,0
11;0,05;3;predictive;80;1;41;1,0
11;0,05;3;predictive;81;1;41;1,0
11;0,05;3;predictive;82;1;41;1,0
11;0,05;3;predictive;83;1;41;1,0
11;0,05;3;predictive;84;1;41;1,0
11;0,05;3;predictive;85;1;45;0,9111111111111111
11;0,05;3;predictive;86;1;41;1,0
11;0,05;3;predictive;87;1;161;0,2546583850931677
11;0,05;3;predictive;88;1;41;1,0
11;0,05;3;predictive;89;1;41;1,0
11;0,05;3;predictive;90;1;53;0,7735849056603774
11;0,05;3;predictive;91;1;41;1,0
11;0,05;3;predictive;92;1;41;1,0
11;0,05;3;predictive;93;1;41;1,0
11;0,05;3;predictive;94;1;41;1,0
11;0,05;3;predictive;95;1;41;1,0
11;0,05;3;predictive;96;1;41;1,0
11;0,05;3;predictive;97;1;41;1,0
11;0,05;3;predictive;98;1;41;1,0
11;0,05;3;predictive;99;1;41;1,0
11;0,05;3;predictive;100;1;41;1,0
22;0,005;1;shortest;1;1;59;1,0
22;0,005;1;shortest;2;1;59;1,0
22;0,005;1;shortest;3;1;59;1,0
22;0,005;1;shortest;4;1;59;1,0
22;0,005;1;shortest;5;1;59;1,0
22;0,005;1;shortest;6;1;59;1,0
22;0,005;1;shortest;7;1;59;1,0
22;0,005;1;shortest;8;1;59;1,0
22;0,005;1;shortest;9;1;59;1,0
22;0,005;1;shortest;10;1;59;1,0
22;0,005;1;shortest;11;1;59;1,0
22;0,005;1;shortest;12;1;59;1,0
22;0,005;1;shortest;13;1;59;1,0
22;0,005;1;shortest;14;1;59;1,0
22;0,005;1;shortest;15;1;59;1,0
22;0,005;1;shortest;16;1;59;1,0
22;0,005;1;shortest;17;1;59;1,0
22;0,005;1;shortest;18;1;59;1,0
22;0,005;1;shortest;19;1;59;1,0
22;0,005;1;shortest;20;1;59;1,0
22;0,005;1;shortest;21;1;59;1,0
22;0,005;1;shortest;22;1;59;1,0
22;0,005;1;shortest;23;1;59;1,0
22;0,005;1;shortest;24;1;59;1,0
22;0,005;1;shortest;25;1;59;1,0
22;0,005;1;shortest;26;1;59;1,0
22;0,005;1;shortest;27;1;59;1,0
22;0,005;1;shortest;28;1;59;1,0
22;0,005;1;shortest;29;1;59;1,0
22;0,005;1;shortest;30;1;59;1,0
22;0,005;1;shortest;31;1;59;1,0
22;0,005;1;shortest;32;1;59;1,0
22;0,005;1;shortest;33;1;59;1,0
22;0,005;1;shortest;34;1;59;1,0
22;0,005;1;shortest;35;1;59;1,0
22;0,005;1;shortest;36;1;59;1,0
22;0,005;1;shortest;37;1;59;1,0
22;0,005;1;shortest;38;1;59;1,0
22;0,005;1;shortest;39;1;59;1,0
22;0,005;1;shortest;40;1;59;1,0
22;0,005;1;shortest;41;1;59;1,0
22;0,005;1;shortest;42;1;59;1,0
22;0,005;1;shortest;43;1;59;1,0
22;0,005;1;shortest;44;1;59;1,0
22;0,005;1;shortest;45;1;59;1,0
22;0,005;1;shortest;46;1;59;1,0
22;0,005;1;shortest;47;1;59;1,0
22;0,005;1;shortest;48;0;58;
22;0,005;1;shortest;49;1;59;1,0
22;0,005;1;shortest;50;1;59;1,0
22;0,005;1;shortest;51;1;59;1,0
22;0,005;1;shortest;52;1;59;1,0
22;0,005;1;shortest;53;1;59;1,0
22;0,005;1;shortest;54;1;59;1,0
22;0,005;1;shortest;55;1;59;1,0
22;0,005;1;shortest;56;1;59;1,0
22;0,005;1;shortest;57;1;59;1,0
22;0,005;1;shortest;58;1;59;1,0
22;0,005;1;shortest;59;1;59;1,0
22;0,005;1;shortest;60;1;59;1,0
22;0,005;1;shortest;61;1;59;1,0
22;0,005;1;shortest;62;1;59;1,0
22;0,005;1;shortest;63;1;59;1,0
22;0,005;1;shortest;64;1;59;1,0
22;0,005;1;shortest;65;1;59;1,0
22;0,005;1;shortest;66;1;59;1,0
22;0,005;1;shortest;67;1;59;1,0
22;0,005;1;shortest;68;1;59;1,0
22;0,005;1;shortest;69;1;59;1,0
22;0,005;1;shortest;70;1;59;1,0
22;0,005;1;shortest;71;1;59;1,0
22;0,005;1;shortest;72;1;59;1,0
22;0,005;1;shortest;73;1;59;1,0
22;0,005;1;shortest;74;1;59;1,0
22;0,005;1;shortest;75;1;59;1,0
22;0,005;1;shortest;76;1;59;1,0
22;0,005;1;shortest;77;1;59;1,0
22;0,005;1;shortest;78;1;59;1,0
22;0,005;1;shortest;79;1;59;1,0
22;0,005;1;shortest;80;1;59;1,0
22;0,005;1;shortest;81;1;59;1,0
22;0,005;1;shortest;82;1;59;1,0
22;0,005;1;shortest;83;1;59;1,0
22;0,005;1;shortest;84;1;59;1,0
22;0,005;1;shortest;85;0;58;
22;0,005;1;shortest;86;1;59;1,0
22;0,005;1;shortest;87;1;59;1,0
22;0,005;1;shortest;88;1;59;1,0
22;0,005;1;shortest;89;1;59;1,0
22;0,005;1;shortest;90;1;59;1,0
22;0,005;1;shortest;91;1;59;1,0
22;0,005;1;shortest;92;1;59;1,0
22;0,005;1;shortest;93;1;59;1,0
22;0,005;1;shortest;94;1;59;1,0
22;0,005;1;shortest;95;1;59;1,0
22;0,005;1;shortest;96;1;59;1,0
22;0,005;1;shortest;97;1;59;1,0
22;0,005;1;shortest;98;1;59;1,0
22;0,005;1;shortest;99;1;59;1,0
22;0,005;1;shortest;100;1;59;1,0
22;0,005;1;safe;1;1;59;1,0
22;0,005;1;safe;2;1;59;1,0
22;0,005;1;safe;3;1;59;1,0
22;0,005;1;safe;4;1;59;1,0
22;0,005;1;safe;5;1;59;1,0
22;0,005;1;safe;6;1;59;1,0
22;0,005;1;safe;7;1;59;1,0
22;0,005;1;safe;8;1;59;1,0
22;0,005;1;safe;9;1;59;1,0
22;0,005;1;safe;10;1;59;1,0
22;0,005;1;safe;11;1;59;1,0
22;0,005;1;safe;12;1;59;1,0
22;0,005;1;safe;13;1;59;1,0
22;0,005;1;safe;14;1;59;1,0
22;0,005;1;safe;15;1;59;1,0
22;0,005;1;safe;16;1;59;1,0
22;0,005;1;safe;17;1;59;1,0
22;0,005;1;safe;18;1;59;1,0
22;0,005;1;safe;19;1;59;1,0
22;0,005;1;safe;20;1;59;1,0
22;0,005;1;safe;21;1;59;1,0
22;0,005;1;safe;22;1;59;1,0
22;0,005;1;safe;23;1;59;1,0
22;0,005;1;safe;24;1;59;1,0
22;0,005;1;safe;25;1;59;1,0
22;0,005;1;safe;26;1;59;1,0
22;0,005;1;safe;27;1;59;1,0
22;0,005;1;safe;28;1;59;1,0
22;0,005;1;safe;29;1;59;1,0
22;0,005;1;safe;30;1;59;1,0
22;0,005;1;safe;31;1;59;1,0
22;0,005;1;safe;32;1;59;1,0
22;0,005;1;safe;33;1;59;1,0
22;0,005;1;safe;34;1;59;1,0
22;0,005;1;safe;35;1;59;1,0
22;0,005;1;safe;36;1;59;1,0
22;0,005;1;safe;37;1;59;1,0
22;0,005;1;safe;38;1;59;1,0
22;0,005;1;safe;39;1;59;1,0
22;0,005;1;safe;40;1;59;1,0
22;0,005;1;safe;41;1;59;1,0
22;0,005;1;safe;42;1;59;1,0
22;0,005;1;safe;43;1;59;1,0
22;0,005;1;safe;44;1;59;1,0
22;0,005;1;safe;45;1;59;1,0
22;0,005;1;safe;46;1;59;1,0
22;0,005;1;safe;47;1;59;1,0
22;0,005;1;safe;48;0;58;
22;0,005;1;safe;49;1;59;1,0
22;0,005;1;safe;50;1;59;1,0
22;0,005;1;safe;51;1;59;1,0
22;0,005;1;safe;52;1;59;1,0
22;0,005;1;safe;53;1;59;1,0
22;0,005;1;safe;54;1;59;1,0
22;0,005;1;safe;55;1;59;1,0
22;0,005;1;safe;56;1;59;1,0
22;0,005;1;safe;57;1;59;1,0
22;0,005;1;safe;58;1;59;1,0
22;0,005;1;safe;59;1;59;1,0
22;0,005;1;safe;60;1;59;1,0
22;0,005;1;safe;61;1;59;1,0
22;0,005;1;safe;62;1;59;1,0
22;0,005;1;safe;63;0;58;
22;0,005;1;safe;64;1;59;1,0
22;0,005;1;safe;65;1;59;1,0
22;0,005;1;safe;66;1;59;1,0
22;0,005;1;safe;67;1;59;1,0
22;0,005;1;safe;68;1;59;1,0
22;0,005;1;safe;69;1;59;1,0
22;0,005;1;safe;70;1;59;1,0
22;0,005;1;safe;71;1;59;1,0
22;0,005;1;safe;72;1;59;1,0
22;0,005;1;safe;73;1;59;1,0
22;0,005;1;safe;74;1;59;1,0
22;0,005;1;safe;75;1;59;1,0
22;0,005;1;safe;76;1;59;1,0
22;0,005;1;safe;77;1;59;1,0
22;0,005;1;safe;78;1;59;1,0
22;0,005;1;safe;79;1;59;1,0
22;0,005;1;safe;80;1;59;1,0
22;0,005;1;safe;81;1;59;1,0
22;0,005;1;safe;82;1;59;1,0
22;0,005;1;safe;83;1;59;1,0
22;0,005;1;safe;84;1;59;1,0
22;0,005;1;safe;85;1;59;1,0
22;0,005;1;safe;86;1;59;1,0
22;0,005;1;safe;87;1;59;1,0
22;0,005;1;safe;88;1;59;1,0
22;0,005;1;safe;89;1;59;1,0
22;0,005;1;safe;90;1;59;1,0
22;0,005;1;safe;91;1;59;1,0
22;0,005;1;safe;92;1;59;1,0
22;0,005;1;safe;93;1;59;1,0
22;0,005;1;safe;94;1;59;1,0
22;0,005;1;safe;95;1;59;1,0
22;0,005;1;safe;96;1;59;1,0
22;0,005;1;safe;97;1;59;1,0
22;0,005;1;safe;98;1;59;1,0
22;0,005;1;safe;99;0;59;
22;0,005;1;safe;100;1;59;1,0
22;0,005;1;predictive;1;1;59;1,0
22;0,005;1;predictive;2;1;59;1,0
22;0,005;1;predictive;3;1;59;1,0
22;0,005;1;predictive;4;1;59;1,0
22;0,005;1;predictive;5;1;59;1,0
22;0,005;1;predictive;6;1;59;1,0
22;0,005;1;predictive;7;1;59;1,0
22;0,005;1;predictive;8;1;59;1,0
22;0,005;1;predictive;9;1;59;1,0
22;0,005;1;predictive;10;1;59;1,0
22;0,005;1;predictive;11;1;59;1,0
22;0,005;1;predictive;12;1;59;1,0
22;0,005;1;predictive;13;1;59;1,0
22;0,005;1;predictive;14;1;59;1,0
22;0,005;1;predictive;15;1;59;1,0
22;0,005;1;predictive;16;1;59;1,0
22;0,005;1;predictive;17;1;59;1,0
22;0,005;1;predictive;18;1;59;1,0
22;0,005;1;predictive;19;1;59;1,0
22;0,005;1;predictive;20;1;59;1,0
22;0,005;1;predictive;21;1;59;1,0
22;0,005;1;predictive;22;1;59;1,0
22;0,005;1;predictive;23;1;59;1,0
22;0,005;1;predictive;24;1;59;1,0
22;0,005;1;predictive;25;1;59;1,0
22;0,005;1;predictive;26;1;59;1,0
22;0,005;1;predictive;27;1;59;1,0
22;0,005;1;predictive;28;1;59;1,0
22;0,005;1;predictive;29;1;59;1,0
22;0,005;1;predictive;30;1;59;1,0
22;0,005;1;predictive;31;1;59;1,0
22;0,005;1;predictive;32;1;59;1,0
22;0,005;1;predictive;33;1;59;1,0
22;0,005;1;predictive;34;1;59;1,0
22;0,005;1;predictive;35;1;59;1,0
22;0,005;1;predictive;36;1;59;1,0
22;0,005;1;predictive;37;1;59;1,0
22;0,005;1;predictive;38;1;59;1,0
22;0,005;1;predictive;39;1;59;1,0
22;0,005;1;predictive;40;1;59;1,0
22;0,005;1;predictive;41;1;59;1,0
22;0,005;1;predictive;42;1;59;1,0
22;0,005;1;predictive;43;1;59;1,0
22;0,005;1;predictive;44;1;59;1,0
22;0,005;1;predictive;45;1;59;1,0
22;0,005;1;predictive;46;1;59;1,0
22;0,005;1;predictive;47;1;59;1,0
22;0,005;1;predictive;48;1;107;0,5514018691588785
22;0,005;1;predictive;49;1;59;1,0
22;0,005;1;predictive;50;1;59;1,0
22;0,005;1;predictive;51;1;59;1,0
22;0,005;1;predictive;52;1;59;1,0
22;0,005;1;predictive;53;1;59;1,0
22;0,005;1;predictive;54;1;59;1,0
22;0,005;1;predictive;55;1;59;1,0
22;0,005;1;predictive;56;1;65;0,9076923076923077
22;0,005;1;predictive;57;1;59;1,0
22;0,005;1;predictive;58;1;59;1,0
22;0,005;1;predictive;59;1;59;1,0
22;0,005;1;predictive;60;1;59;1,0
22;0,005;1;predictive;61;1;59;1,0
22;0,005;1;predictive;62;1;59;1,0
22;0,005;1;predictive;63;1;59;1,0
22;0,005;1;predictive;64;1;59;1,0
22;0,005;1;predictive;65;1;59;1,0
22;0,005;1;predictive;66;1;59;1,0
22;0,005;1;predictive;67;1;59;1,0
22;0,005;1;predictive;68;1;69;0,855072463768116
22;0,005;1;predictive;69;1;59;1,0
22;0,005;1;predictive;70;1;59;1,0
22;0,005;1;predictive;71;1;59;1,0
22;0,005;1;predictive;72;1;59;1,0
22;0,005;1;predictive;73;1;59;1,0
22;0,005;1;predictive;74;1;147;0,4013605442176871
22;0,005;1;predictive;75;1;59;1,0
22;0,005;1;predictive;76;1;59;1,0
22;0,005;1;predictive;77;1;59;1,0
22;0,005;1;predictive;78;1;59;1,0
22;0,005;1;predictive;79;1;59;1,0
22;0,005;1;predictive;80;1;59;1,0
22;0,005;1;predictive;81;1;59;1,0
22;0,005;1;predictive;82;1;59;1,0
22;0,005;1;predictive;83;1;59;1,0
22;0,005;1;predictive;84;1;59;1,0
22;0,005;1;predictive;85;1;59;1,0
22;0,005;1;predictive;86;1;59;1,0
22;0,005;1;predictive;87;1;59;1,0
22;0,005;1;predictive;88;1;59;1,0
22;0,005;1;predictive;89;1;59;1,0
22;0,005;1;predictive;90;1;59;1,0
22;0,005;1;predictive;91;1;59;1,0
22;0,005;1;predictive;92;1;59;1,0
22;0,005;1;predictive;93;1;59;1,0
22;0,005;1;predictive;94;1;59;1,0
22;0,005;1;predictive;95;1;59;1,0
22;0,005;1;predictive;96;1;59;1,0
22;0,005;1;predictive;97;1;59;1,0
22;0,005;1;predictive;98;1;59;1,0
22;0,005;1;predictive;99;1;59;1,0
22;0,005;1;predictive;100;1;59;1,0
22;0,005;2;shortest;1;1;55;1,0
22;0,005;2;shortest;2;1;55;1,0
22;0,005;2;shortest;3;1;55;1,0
22;0,005;2;shortest;4;1;55;1,0
22;0,005;2;shortest;5;1;55;1,0
22;0,005;2;shortest;6;1;55;1,0
22;0,005;2;shortest;7;1;55;1,0
22;0,005;2;shortest;8;1;55;1,0
22;0,005;2;shortest;9;1;55;1,0
22;0,005;2;shortest;10;1;55;1,0
22;0,005;2;shortest;11;1;55;1,0
22;0,005;2;shortest;12;1;55;1,0
22;0,005;2;shortest;13;1;55;1,0
22;0,005;2;shortest;14;1;55;1,0
22;0,005;2;shortest;15;1;55;1,0
22;0,005;2;shortest;16;1;55;1,0
22;0,005;2;shortest;17;1;55;1,0
22;0,005;2;shortest;18;1;55;1,0
22;0,005;2;shortest;19;1;55;1,0
22;0,005;2;shortest;20;1;55;1,0
22;0,005;2;shortest;21;1;55;1,0
22;0,005;2;shortest;22;1;55;1,0
22;0,005;2;shortest;23;1;55;1,0
22;0,005;2;shortest;24;1;55;1,0
22;0,005;2;shortest;25;1;55;1,0
22;0,005;2;shortest;26;1;55;1,0
22;0,005;2;shortest;27;1;55;1,0
22;0,005;2;shortest;28;1;55;1,0
22;0,005;2;shortest;29;1;55;1,0
22;0,005;2;shortest;30;1;55;1,0
22;0,005;2;shortest;31;1;55;1,0
22;0,005;2;shortest;32;1;55;1,0
22;0,005;2;shortest;33;1;55;1,0
22;0,005;2;shortest;34;1;55;1,0
22;0,005;2;shortest;35;1;55;1,0
22;0,005;2;shortest;36;1;55;1,0
22;0,005;2;shortest;37;1;55;1,0
22;0,005;2;shortest;38;1;55;1,0
22;0,005;2;shortest;39;1;55;1,0
22;0,005;2;shortest;40;1;55;1,0
22;0,005;2;shortest;41;1;55;1,0
22;0,005;2;shortest;42;1;55;1,0
22;0,005;2;shortest;43;1;55;1,0
22;0,005;2;shortest;44;1;55;1,0
22;0,005;2;shortest;45;0;54;
22;0,005;2;shortest;46;1;55;1,0
22;0,005;2;shortest;47;1;55;1,0
22;0,005;2;shortest;48;1;55;1,0
22;0,005;2;shortest;49;1;55;1,0
22;0,005;2;shortest;50;1;55;1,0
22;0,005;2;shortest;51;1;55;1,0
22;0,005;2;shortest;52;0;53;
22;0,005;2;shortest;53;1;55;1,0
22;0,005;2;shortest;54;1;55;1,0
22;0,005;2;shortest;55;1;55;1,0
22;0,005;2;shortest;56;1;55;1,0
22;0,005;2;shortest;57;1;55;1,0
22;0,005;2;shortest;58;1;55;1,0
22;0,005;2;shortest;59;1;55;1,0
22;0,005;2;shortest;60;1;55;1,0
22;0,005;2;shortest;61;1;55;1,0
22;0,005;2;shortest;62;1;55;1,0
22;0,005;2;shortest;63;1;55;1,0
22;0,005;2;shortest;64;1;55;1,0
22;0,005;2;shortest;65;1;55;1,0
22;0,005;2;shortest;66;1;55;1,0
22;0,005;2;shortest;67;1;55;1,0
22;0,005;2;shortest;68;1;55;1,0
22;0,005;2;shortest;69;1;55;1,0
22;0,005;2;shortest;70;1;55;1,0
22;0,005;2;shortest;71;1;55;1,0
22;0,005;2;shortest;72;1;55;1,0
22;0,005;2;shortest;73;1;55;1,0
22;0,005;2;shortest;74;1;55;1,0
22;0,005;2;shortest;75;1;55;1,0
22;0,005;2;shortest;76;1;55;1,0
22;0,005;2;shortest;77;1;55;1,0
22;0,005;2;shortest;78;1;55;1,0
22;0,005;2;shortest;79;1;55;1,0
22;0,005;2;shortest;80;1;55;1,0
22;0,005;2;shortest;81;1;55;1,0
22;0,005;2;shortest;82;1;55;1,0
22;0,005;2;shortest;83;1;55;1,0
22;0,005;2;shortest;84;1;55;1,0
22;0,005;2;shortest;85;1;55;1,0
22;0,005;2;shortest;86;1;55;1,0
22;0,005;2;shortest;87;1;55;1,0
22;0,005;2;shortest;88;1;55;1,0
22;0,005;2;shortest;89;1;55;1,0
22;0,005;2;shortest;90;1;55;1,0
22;0,005;2;shortest;91;1;55;1,0
22;0,005;2;shortest;92;1;55;1,0
22;0,005;2;shortest;93;1;55;1,0
22;0,005;2;shortest;94;1;55;1,0
22;0,005;2;shortest;95;1;55;1,0
22;0,005;2;shortest;96;1;55;1,0
22;0,005;2;shortest;97;1;55;1,0
22;0,005;2;shortest;98;1;55;1,0
22;0,005;2;shortest;99;1;55;1,0
22;0,005;2;shortest;100;0;44;
22;0,005;2;safe;1;1;55;1,0
22;0,005;2;safe;2;1;55;1,0
22;0,005;2;safe;3;1;55;1,0
22;0,005;2;safe;4;1;55;1,0
22;0,005;2;safe;5;1;55;1,0
22;0,005;2;safe;6;1;55;1,0
22;0,005;2;safe;7;1;55;1,0
22;0,005;2;safe;8;1;55;1,0
22;0,005;2;safe;9;1;55;1,0
22;0,005;2;safe;10;1;55;1,0
22;0,005;2;safe;11;1;55;1,0
22;0,005;2;safe;12;1;55;1,0
22;0,005;2;safe;13;1;55;1,0
22;0,005;2;safe;14;1;55;1,0
22;0,005;2;safe;15;1;55;1,0
22;0,005;2;safe;16;1;55;1,0
22;0,005;2;safe;17;1;55;1,0
22;0,005;2;safe;18;1;55;1,0
22;0,005;2;safe;19;1;55;1,0
22;0,005;2;safe;20;1;55;1,0
22;0,005;2;safe;21;1;55;1,0
22;0,005;2;safe;22;1;55;1,0
22;0,005;2;safe;23;1;55;1,0
22;0,005;2;safe;24;1;55;1,0
22;0,005;2;safe;25;1;55;1,0
22;0,005;2;safe;26;1;55;1,0
22;0,005;2;safe;27;1;55;1,0
22;0,005;2;safe;28;1;55;1,0
22;0,005;2;safe;29;1;55;1,0
22;0,005;2;safe;30;1;55;1,0
22;0,005;2;safe;31;1;55;1,0
22;0,005;2;safe;32;1;55;1,0
22;0,005;2;safe;33;1;55;1,0
22;0,005;2;safe;34;1;55;1,0
22;0,005;2;safe;35;1;55;1,0
22;0,005;2;safe;36;1;55;1,0
22;0,005;2;safe;37;1;55;1,0
22;0,005;2;safe;38;1;55;1,0
22;0,005;2;safe;39;1;55;1,0
22;0,005;2;safe;40;1;55;1,0
22;0,005;2;safe;41;1;55;1,0
22;0,005;2;safe;42;1;55;1,0
22;0,005;2;safe;43;1;55;1,0
22;0,005;2;safe;44;1;55;1,0
22;0,005;2;safe;45;0;54;
22;0,005;2;safe;46;1;55;1,0
22;0,005;2;safe;47;1;55;1,0
22;0,005;2;safe;48;1;55;1,0
22;0,005;2;safe;49;1;55;1,0
22;0,005;2;safe;50;1;55;1,0
22;0,005;2;safe;51;1;55;1,0
22;0,005;2;safe;52;1;55;1,0
22;0,005;2;safe;53;1;55;1,0
22;0,005;2;safe;54;1;55;1,0
22;0,005;2;safe;55;1;55;1,0
22;0,005;2;safe;56;1;55;1,0
22;0,005;2;safe;57;1;55;1,0
22;0,005;2;safe;58;1;55;1,0
22;0,005;2;safe;59;1;55;1,0
22;0,005;2;safe;60;1;55;1,0
22;0,005;2;safe;61;1;55;1,0
22;0,005;2;safe;62;0;53;
22;0,005;2;safe;63;1;55;1,0
22;0,005;2;safe;64;1;55;1,0
22;0,005;2;safe;65;1;55;1,0
22;0,005;2;safe;66;1;55;1,0
22;0,005;2;safe;67;1;55;1,0
22;0,005;2;safe;68;1;55;1,0
22;0,005;2;safe;69;1;55;1,0
22;0,005;2;safe;70;1;55;1,0
22;0,005;2;safe;71;1;55;1,0
22;0,005;2;safe;72;1;55;1,0
22;0,005;2;safe;73;1;55;1,0
22;0,005;2;safe;74;1;55;1,0
22;0,005;2;safe;75;1;55;1,0
22;0,005;2;safe;76;1;55;1,0
22;0,005;2;safe;77;1;55;1,0
22;0,005;2;safe;78;1;55;1,0
22;0,005;2;safe;79;1;55;1,0
22;0,005;2;safe;80;1;55;1,0
22;0,005;2;safe;81;0;47;
22;0,005;2;safe;82;1;55;1,0
22;0,005;2;safe;83;1;55;1,0
22;0,005;2;safe;84;1;55;1,0
22;0,005;2;safe;85;1;55;1,0
22;0,005;2;safe;86;1;55;1,0
22;0,005;2;safe;87;1;55;1,0
22;0,005;2;safe;88;1;55;1,0
22;0,005;2;safe;89;1;55;1,0
22;0,005;2;safe;90;1;55;1,0
22;0,005;2;safe;91;0;54;
22;0,005;2;safe;92;1;55;1,0
22;0,005;2;safe;93;1;55;1,0
22;0,005;2;safe;94;1;55;1,0
22;0,005;2;safe;95;1;55;1,0
22;0,005;2;safe;96;1;55;1,0
22;0,005;2;safe;97;1;55;1,0
22;0,005;2;safe;98;1;55;1,0
22;0,005;2;safe;99;1;55;1,0
22;0,005;2;safe;100;1;55;1,0
22;0,005;2;predictive;1;1;55;1,0
22;0,005;2;predictive;2;1;55;1,0
22;0,005;2;predictive;3;1;55;1,0
22;0,005;2;predictive;4;1;55;1,0
22;0,005;2;predictive;5;1;55;1,0
22;0,005;2;predictive;6;1;55;1,0
22;0,005;2;predictive;7;1;55;1,0
22;0,005;2;predictive;8;1;55;1,0
22;0,005;2;predictive;9;1;55;1,0
22;0,005;2;predictive;10;1;55;1,0
22;0,005;2;predictive;11;1;55;1,0
22;0,005;2;predictive;12;1;55;1,0
22;0,005;2;predictive;13;1;55;1,0
22;0,005;2;predictive;14;1;55;1,0
22;0,005;2;predictive;15;1;55;1,0
22;0,005;2;predictive;16;1;55;1,0
22;0,005;2;predictive;17;1;55;1,0
22;0,005;2;predictive;18;1;55;1,0
22;0,005;2;predictive;19;1;55;1,0
22;0,005;2;predictive;20;1;55;1,0
22;0,005;2;predictive;21;1;55;1,0
22;0,005;2;predictive;22;1;55;1,0
22;0,005;2;predictive;23;1;55;1,0
22;0,005;2;predictive;24;1;55;1,0
22;0,005;2;predictive;25;1;55;1,0
22;0,005;2;predictive;26;1;55;1,0
22;0,005;2;predictive;27;1;55;1,0
22;0,005;2;predictive;28;1;55;1,0
22;0,005;2;predictive;29;1;55;1,0
22;0,005;2;predictive;30;1;55;1,0
22;0,005;2;predictive;31;1;55;1,0
22;0,005;2;predictive;32;1;55;1,0
22;0,005;2;predictive;33;1;55;1,0
22;0,005;2;predictive;34;1;55;1,0
22;0,005;2;predictive;35;1;55;1,0
22;0,005;2;predictive;36;1;55;1,0
22;0,005;2;predictive;37;1;55;1,0
22;0,005;2;predictive;38;1;55;1,0
22;0,005;2;predictive;39;1;55;1,0
22;0,005;2;predictive;40;1;55;1,0
22;0,005;2;predictive;41;1;55;1,0
22;0,005;2;predictive;42;1;55;1,0
22;0,005;2;predictive;43;1;55;1,0
22;0,005;2;predictive;44;1;55;1,0
22;0,005;2;predictive;45;1;101;0,5445544554455446
22;0,005;2;predictive;46;1;55;1,0
22;0,005;2;predictive;47;1;55;1,0
22;0,005;2;predictive;48;1;55;1,0
22;0,005;2;predictive;49;1;55;1,0
22;0,005;2;predictive;50;1;55;1,0
22;0,005;2;predictive;51;1;55;1,0
22;0,005;2;predictive;52;1;55;1,0
22;0,005;2;predictive;53;1;55;1,0
22;0,005;2;predictive;54;1;55;1,0
22;0,005;2;predictive;55;1;55;1,0
22;0,005;2;predictive;56;1;55;1,0
22;0,005;2;predictive;57;1;55;1,0
22;0,005;2;predictive;58;1;55;1,0
22;0,005;2;predictive;59;1;55;1,0
22;0,005;2;predictive;60;1;55;1,0
22;0,005;2;predictive;61;1;55;1,0
22;0,005;2;predictive;62;1;55;1,0
22;0,005;2;predictive;63;1;55;1,0
22;0,005;2;predictive;64;1;55;1,0
22;0,005;2;predictive;65;1;55;1,0
22;0,005;2;predictive;66;1;55;1,0
22;0,005;2;predictive;67;1;55;1,0
22;0,005;2;predictive;68;1;55;1,0
22;0,005;2;predictive;69;1;55;1,0
22;0,005;2;predictive;70;1;55;1,0
22;0,005;2;predictive;71;1;55;1,0
22;0,005;2;predictive;72;1;55;1,0
22;0,005;2;predictive;73;1;55;1,0
22;0,005;2;predictive;74;1;55;1,0
22;0,005;2;predictive;75;1;55;1,0
22;0,005;2;predictive;76;1;55;1,0
22;0,005;2;predictive;77;1;55;1,0
22;0,005;2;predictive;78;1;55;1,0
22;0,005;2;predictive;79;1;55;1,0
22;0,005;2;predictive;80;1;55;1,0
22;0,005;2;predictive;81;1;55;1,0
22;0,005;2;predictive;82;1;55;1,0
22;0,005;2;predictive;83;1;55;1,0
22;0,005;2;predictive;84;1;55;1,0
22;0,005;2;predictive;85;1;55;1,0
22;0,005;2;predictive;86;1;55;1,0
22;0,005;2;predictive;87;1;55;1,0
22;0,005;2;predictive;88;1;55;1,0
22;0,005;2;predictive;89;1;55;1,0
22;0,005;2;predictive;90;1;55;1,0
22;0,005;2;predictive;91;1;55;1,0
22;0,005;2;predictive;92;1;55;1,0
22;0,005;2;predictive;93;1;55;1,0
22;0,005;2;predictive;94;1;55;1,0
22;0,005;2;predictive;95;1;55;1,0
22;0,005;2;predictive;96;1;55;1,0
22;0,005;2;predictive;97;1;55;1,0
22;0,005;2;predictive;98;1;55;1,0
22;0,005;2;predictive;99;1;55;1,0
22;0,005;2;predictive;100;1;55;1,0
22;0,005;3;shortest;1;1;41;1,0
22;0,005;3;shortest;2;1;41;1,0
22;0,005;3;shortest;3;1;41;1,0
22;0,005;3;shortest;4;1;41;1,0
22;0,005;3;shortest;5;1;41;1,0
22;0,005;3;shortest;6;1;41;1,0
22;0,005;3;shortest;7;1;41;1,0
22;0,005;3;shortest;8;1;41;1,0
22;0,005;3;shortest;9;1;41;1,0
22;0,005;3;shortest;10;1;41;1,0
22;0,005;3;shortest;11;1;41;1,0
22;0,005;3;shortest;12;1;41;1,0
22;0,005;3;shortest;13;1;41;1,0
22;0,005;3;shortest;14;1;41;1,0
22;0,005;3;shortest;15;1;41;1,0
22;0,005;3;shortest;16;1;41;1,0
22;0,005;3;shortest;17;1;41;1,0
22;0,005;3;shortest;18;1;41;1,0
22;0,005;3;shortest;19;1;41;1,0
22;0,005;3;shortest;20;1;41;1,0
22;0,005;3;shortest;21;1;41;1,0
22;0,005;3;shortest;22;1;41;1,0
22;0,005;3;shortest;23;1;41;1,0
22;0,005;3;shortest;24;1;41;1,0
22;0,005;3;shortest;25;1;41;1,0
22;0,005;3;shortest;26;1;41;1,0
22;0,005;3;shortest;27;1;41;1,0
22;0,005;3;shortest;28;1;41;1,0
22;0,005;3;shortest;29;1;41;1,0
22;0,005;3;shortest;30;1;41;1,0
22;0,005;3;shortest;31;1;41;1,0
22;0,005;3;shortest;32;1;41;1,0
22;0,005;3;shortest;33;1;41;1,0
22;0,005;3;shortest;34;1;41;1,0
22;0,005;3;shortest;35;1;41;1,0
22;0,005;3;shortest;36;1;41;1,0
22;0,005;3;shortest;37;1;41;1,0
22;0,005;3;shortest;38;1;41;1,0
22;0,005;3;shortest;39;1;41;1,0
22;0,005;3;shortest;40;1;41;1,0
22;0,005;3;shortest;41;1;41;1,0
22;0,005;3;shortest;42;1;41;1,0
22;0,005;3;shortest;43;1;41;1,0
22;0,005;3;shortest;44;1;41;1,0
22;0,005;3;shortest;45;1;41;1,0
22;0,005;3;shortest;46;1;41;1,0
22;0,005;3;shortest;47;1;41;1,0
22;0,005;3;shortest;48;1;41;1,0
22;0,005;3;shortest;49;1;41;1,0
22;0,005;3;shortest;50;1;41;1,0
22;0,005;3;shortest;51;1;41;1,0
22;0,005;3;shortest;52;1;41;1,0
22;0,005;3;shortest;53;1;41;1,0
22;0,005;3;shortest;54;1;41;1,0
22;0,005;3;shortest;55;1;41;1,0
22;0,005;3;shortest;56;1;41;1,0
22;0,005;3;shortest;57;1;41;1,0
22;0,005;3;shortest;58;1;41;1,0
22;0,005;3;shortest;59;1;41;1,0
22;0,005;3;shortest;60;1;41;1,0
22;0,005;3;shortest;61;1;41;1,0
22;0,005;3;shortest;62;1;41;1,0
22;0,005;3;shortest;63;1;41;1,0
22;0,005;3;shortest;64;1;41;1,0
22;0,005;3;shortest;65;1;41;1,0
22;0,005;3;shortest;66;1;41;1,0
22;0,005;3;shortest;67;1;41;1,0
22;0,005;3;shortest;68;1;41;1,0
22;0,005;3;shortest;69;1;41;1,0
22;0,005;3;shortest;70;1;41;1,0
22;0,005;3;shortest;71;1;41;1,0
22;0,005;3;shortest;72;1;41;1,0
22;0,005;3;shortest;73;1;41;1,0
22;0,005;3;shortest;74;1;41;1,0
22;0,005;3;shortest;75;1;41;1,0
22;0,005;3;shortest;76;1;41;1,0
22;0,005;3;shortest;77;1;41;1,0
22;0,005;3;shortest;78;1;41;1,0
22;0,005;3;shortest;79;1;41;1,0
22;0,005;3;shortest;80;1;41;1,0
22;0,005;3;shortest;81;1;41;1,0
22;0,005;3;shortest;82;1;41;1,0
22;0,005;3;shortest;83;1;41;1,0
22;0,005;3;shortest;84;1;41;1,0
22;0,005;3;shortest;85;1;41;1,0
22;0,005;3;shortest;86;1;41;1,0
22;0,005;3;shortest;87;1;41;1,0
22;0,005;3;shortest;88;1;41;1,0
22;0,005;3;shortest;89;1;41;1,0
22;0,005;3;shortest;90;1;41;1,0
22;0,005;3;shortest;91;1;41;1,0
22;0,005;3;shortest;92;1;41;1,0
22;0,005;3;shortest;93;1;41;1,0
22;0,005;3;shortest;94;1;41;1,0
22;0,005;3;shortest;95;1;41;1,0
22;0,005;3;shortest;96;1;41;1,0
22;0,005;3;shortest;97;1;41;1,0
22;0,005;3;shortest;98;1;41;1,0
22;0,005;3;shortest;99;1;41;1,0
22;0,005;3;shortest;100;1;41;1,0
22;0,005;3;safe;1;1;41;1,0
22;0,005;3;safe;2;1;41;1,0
22;0,005;3;safe;3;1;41;1,0
22;0,005;3;safe;4;1;41;1,0
22;0,005;3;safe;5;1;41;1,0
22;0,005;3;safe;6;1;41;1,0
22;0,005;3;safe;7;1;41;1,0
22;0,005;3;safe;8;1;41;1,0
22;0,005;3;safe;9;1;41;1,0
22;0,005;3;safe;10;1;41;1,0
22;0,005;3;safe;11;1;41;1,0
22;0,005;3;safe;12;1;41;1,0
22;0,005;3;safe;13;1;41;1,0
22;0,005;3;safe;14;1;41;1,0
22;0,005;3;safe;15;1;41;1,0
22;0,005;3;safe;16;1;41;1,0
22;0,005;3;safe;17;1;41;1,0
22;0,005;3;safe;18;1;41;1,0
22;0,005;3;safe;19;1;41;1,0
22;0,005;3;safe;20;1;41;1,0
22;0,005;3;safe;21;1;41;1,0
22;0,005;3;safe;22;1;41;1,0
22;0,005;3;safe;23;1;41;1,0
22;0,005;3;safe;24;1;41;1,0
22;0,005;3;safe;25;1;41;1,0
22;0,005;3;safe;26;1;41;1,0
22;0,005;3;safe;27;1;41;1,0
22;0,005;3;safe;28;1;41;1,0
22;0,005;3;safe;29;1;41;1,0
22;0,005;3;safe;30;1;41;1,0
22;0,005;3;safe;31;1;41;1,0
22;0,005;3;safe;32;1;41;1,0
22;0,005;3;safe;33;1;41;1,0
22;0,005;3;safe;34;1;41;1,0
22;0,005;3;safe;35;1;41;1,0
22;0,005;3;safe;36;1;41;1,0
22;0,005;3;safe;37;1;41;1,0
22;0,005;3;safe;38;1;41;1,0
22;0,005;3;safe;39;1;41;1,0
22;0,005;3;safe;40;1;41;1,0
22;0,005;3;safe;41;1;41;1,0
22;0,005;3;safe;42;1;41;1,0
22;0,005;3;safe;43;1;41;1,0
22;0,005;3;safe;44;1;41;1,0
22;0,005;3;safe;45;1;41;1,0
22;0,005;3;safe;46;1;41;1,0
22;0,005;3;safe;47;1;41;1,0
22;0,005;3;safe;48;1;41;1,0
22;0,005;3;safe;49;1;41;1,0
22;0,005;3;safe;50;1;41;1,0
22;0,005;3;safe;51;1;41;1,0
22;0,005;3;safe;52;1;41;1,0
22;0,005;3;safe;53;1;41;1,0
22;0,005;3;safe;54;1;41;1,0
22;0,005;3;safe;55;1;41;1,0
22;0,005;3;safe;56;1;41;1,0
22;0,005;3;safe;57;1;41;1,0
22;0,005;3;safe;58;1;41;1,0
22;0,005;3;safe;59;1;41;1,0
22;0,005;3;safe;60;1;41;1,0
22;0,005;3;safe;61;1;41;1,0
22;0,005;3;safe;62;1;41;1,0
22;0,005;3;safe;63;1;41;1,0
22;0,005;3;safe;64;1;41;1,0
22;0,005;3;safe;65;1;41;1,0
22;0,005;3;safe;66;1;41;1,0
22;0,005;3;safe;67;1;41;1,0
22;0,005;3;safe;68;1;41;1,0
22;0,005;3;safe;69;1;41;1,0
22;0,005;3;safe;70;1;41;1,0
22;0,005;3;safe;71;1;41;1,0
22;0,005;3;safe;72;1;41;1,0
22;0,005;3;safe;73;1;41;1,0
22;0,005;3;safe;74;1;41;1,0
22;0,005;3;safe;75;1;41;1,0
22;0,005;3;safe;76;1;41;1,0
22;0,005;3;safe;77;1;41;1,0
22;0,005;3;safe;78;1;41;1,0
22;0,005;3;safe;79;1;41;1,0
22;0,005;3;safe;80;1;41;1,0
22;0,005;3;safe;81;1;41;1,0
22;0,005;3;safe;82;1;41;1,0
22;0,005;3;safe;83;1;41;1,0
22;0,005;3;safe;84;1;41;1,0
22;0,005;3;safe;85;1;41;1,0
22;0,005;3;safe;86;1;41;1,0
22;0,005;3;safe;87;1;41;1,0
22;0,005;3;safe;88;1;41;1,0
22;0,005;3;safe;89;1;41;1,0
22;0,005;3;safe;90;1;41;1,0
22;0,005;3;safe;91;1;41;1,0
22;0,005;3;safe;92;1;41;1,0
22;0,005;3;safe;93;1;41;1,0
22;0,005;3;safe;94;1;41;1,0
22;0,005;3;safe;95;1;41;1,0
22;0,005;3;safe;96;1;41;1,0
22;0,005;3;safe;97;1;41;1,0
22;0,005;3;safe;98;1;41;1,0
22;0,005;3;safe;99;1;41;1,0
22;0,005;3;safe;100;1;41;1,0
22;0,005;3;predictive;1;1;41;1,0
22;0,005;3;predictive;2;1;41;1,0
22;0,005;3;predictive;3;1;41;1,0
22;0,005;3;predictive;4;1;41;1,0
22;0,005;3;predictive;5;1;41;1,0
22;0,005;3;predictive;6;1;41;1,0
22;0,005;3;predictive;7;1;41;1,0
22;0,005;3;predictive;8;1;41;1,0
22;0,005;3;predictive;9;1;41;1,0
22;0,005;3;predictive;10;1;41;1,0
22;0,005;3;predictive;11;1;41;1,0
22;0,005;3;predictive;12;1;41;1,0
22;0,005;3;predictive;13;1;41;1,0
22;0,005;3;predictive;14;1;41;1,0
22;0,005;3;predictive;15;1;41;1,0
22;0,005;3;predictive;16;1;41;1,0
22;0,005;3;predictive;17;1;41;1,0
22;0,005;3;predictive;18;1;41;1,0
22;0,005;3;predictive;19;1;41;1,0
22;0,005;3;predictive;20;1;41;1,0
22;0,005;3;predictive;21;1;41;1,0
22;0,005;3;predictive;22;1;41;1,0
22;0,005;3;predictive;23;1;41;1,0
22;0,005;3;predictive;24;1;41;1,0
22;0,005;3;predictive;25;1;41;1,0
22;0,005;3;predictive;26;1;41;1,0
22;0,005;3;predictive;27;1;41;1,0
22;0,005;3;predictive;28;1;41;1,0
22;0,005;3;predictive;29;1;41;1,0
22;0,005;3;predictive;30;1;41;1,0
22;0,005;3;predictive;31;1;41;1,0
22;0,005;3;predictive;32;1;41;1,0
22;0,005;3;predictive;33;1;41;1,0
22;0,005;3;predictive;34;1;41;1,0
22;0,005;3;predictive;35;1;41;1,0
22;0,005;3;predictive;36;1;41;1,0
22;0,005;3;predictive;37;1;41;1,0
22;0,005;3;predictive;38;1;41;1,0
22;0,005;3;predictive;39;1;41;1,0
22;0,005;3;predictive;40;1;41;1,0
22;0,005;3;predictive;41;1;41;1,0
22;0,005;3;predictive;42;1;41;1,0
22;0,005;3;predictive;43;1;41;1,0
22;0,005;3;predictive;44;1;41;1,0
22;0,005;3;predictive;45;1;41;1,0
22;0,005;3;predictive;46;1;41;1,0
22;0,005;3;predictive;47;1;41;1,0
22;0,005;3;predictive;48;1;41;1,0
22;0,005;3;predictive;49;1;41;1,0
22;0,005;3;predictive;50;1;41;1,0
22;0,005;3;predictive;51;1;41;1,0
22;0,005;3;predictive;52;1;41;1,0
22;0,005;3;predictive;53;1;41;1,0
22;0,005;3;predictive;54;1;41;1,0
22;0,005;3;predictive;55;1;41;1,0
22;0,005;3;predictive;56;1;41;1,0
22;0,005;3;predictive;57;1;41;1,0
22;0,005;3;predictive;58;1;41;1,0
22;0,005;3;predictive;59;1;41;1,0
22;0,005;3;predictive;60;1;41;1,0
22;0,005;3;predictive;61;1;41;1,0
22;0,005;3;predictive;62;1;41;1,0
22;0,005;3;predictive;63;1;41;1,0
22;0,005;3;predictive;64;1;41;1,0
22;0,005;3;predictive;65;1;41;1,0
22;0,005;3;predictive;66;1;42;0,9761904761904762
22;0,005;3;predictive;67;1;41;1,0
22;0,005;3;predictive;68;1;41;1,0
22;0,005;3;predictive;69;1;41;1,0
22;0,005;3;predictive;70;1;41;1,0
22;0,005;3;predictive;71;1;41;1,0
22;0,005;3;predictive;72;1;41;1,0
22;0,005;3;predictive;73;1;41;1,0
22;0,005;3;predictive;74;1;41;1,0
22;0,005;3;predictive;75;1;41;1,0
22;0,005;3;predictive;76;1;41;1,0
22;0,005;3;predictive;77;1;41;1,0
22;0,005;3;predictive;78;1;41;1,0
22;0,005;3;predictive;79;1;41;1,0
22;0,005;3;predictive;80;1;41;1,0
22;0,005;3;predictive;81;1;41;1,0
22;0,005;3;predictive;82;1;52;0,7884615384615384
22;0,005;3;predictive;83;1;41;1,0
22;0,005;3;predictive;84;1;41;1,0
22;0,005;3;predictive;85;1;41;1,0
22;0,005;3;predictive;86;1;41;1,0
22;0,005;3;predictive;87;1;41;1,0
22;0,005;3;predictive;88;1;41;1,0
22;0,005;3;predictive;89;1;41;1,0
22;0,005;3;predictive;90;1;41;1,0
22;0,005;3;predictive;91;1;41;1,0
22;0,005;3;predictive;92;1;41;1,0
22;0,005;3;predictive;93;1;41;1,0
22;0,005;3;predictive;94;1;41;1,0
22;0,005;3;predictive;95;1;41;1,0
22;0,005;3;predictive;96;1;41;1,0
22;0,005;3;predictive;97;1;41;1,0
22;0,005;3;predictive;98;1;41;1,0
22;0,005;3;predictive;99;1;41;1,0
22;0,005;3;predictive;100;1;41;1,0
22;0,01;1;shortest;1;1;59;1,0
22;0,01;1;shortest;2;1;59;1,0
22;0,01;1;shortest;3;0;16;
22;0,01;1;shortest;4;1;59;1,0
22;0,01;1;shortest;5;1;59;1,0
22;0,01;1;shortest;6;0;18;
22;0,01;1;shortest;7;1;59;1,0
22;0,01;1;shortest;8;1;59;1,0
22;0,01;1;shortest;9;1;59;1,0
22;0,01;1;shortest;10;1;59;1,0
22;0,01;1;shortest;11;1;59;1,0
22;0,01;1;shortest;12;1;59;1,0
22;0,01;1;shortest;13;1;59;1,0
22;0,01;1;shortest;14;0;53;
22;0,01;1;shortest;15;1;59;1,0
22;0,01;1;shortest;16;1;59;1,0
22;0,01;1;shortest;17;1;59;1,0
22;0,01;1;shortest;18;1;59;1,0
22;0,01;1;shortest;19;1;59;1,0
22;0,01;1;shortest;20;1;59;1,0
22;0,01;1;shortest;21;1;59;1,0
22;0,01;1;shortest;22;1;59;1,0
22;0,01;1;shortest;23;1;59;1,0
22;0,01;1;shortest;24;0;56;
22;0,01;1;shortest;25;1;59;1,0
22;0,01;1;shortest;26;1;59;1,0
22;0,01;1;shortest;27;0;54;
22;0,01;1;shortest;28;1;59;1,0
22;0,01;1;shortest;29;1;59;1,0
22;0,01;1;shortest;30;1;59;1,0
22;0,01;1;shortest;31;1;59;1,0
22;0,01;1;shortest;32;1;59;1,0
22;0,01;1;shortest;33;1;59;1,0
22;0,01;1;shortest;34;1;59;1,0
22;0,01;1;shortest;35;1;59;1,0
22;0,01;1;shortest;36;1;59;1,0
22;0,01;1;shortest;37;1;59;1,0
22;0,01;1;shortest;38;1;59;1,0
22;0,01;1;shortest;39;1;59;1,0
22;0,01;1;shortest;40;1;59;1,0
22;0,01;1;shortest;41;1;59;1,0
22;0,01;1;shortest;42;0;16;
22;0,01;1;shortest;43;1;59;1,0
22;0,01;1;shortest;44;1;59;1,0
22;0,01;1;shortest;45;1;59;1,0
22;0,01;1;shortest;46;0;14;
22;0,01;1;shortest;47;0;57;
22;0,01;1;shortest;48;1;59;1,0
22;0,01;1;shortest;49;0;55;
22;0,01;1;shortest;50;1;59;1,0
22;0,01;1;shortest;51;1;59;1,0
22;0,01;1;shortest;52;0;17;
22;0,01;1;shortest;53;0;52;
22;0,01;1;shortest;54;1;59;1,0
22;0,01;1;shortest;55;1;59;1,0
22;0,01;1;shortest;56;1;59;1,0
22;0,01;1;shortest;57;1;59;1,0
22;0,01;1;shortest;58;1;59;1,0
22;0,01;1;shortest;59;0;49;
22;0,01;1;shortest;60;1;59;1,0
22;0,01;1;shortest;61;1;59;1,0
22;0,01;1;shortest;62;1;59;1,0
22;0,01;1;shortest;63;1;59;1,0
22;0,01;1;shortest;64;1;59;1,0
22;0,01;1;shortest;65;1;59;1,0
22;0,01;1;shortest;66;1;59;1,0
22;0,01;1;shortest;67;0;55;
22;0,01;1;shortest;68;1;59;1,0
22;0,01;1;shortest;69;1;59;1,0
22;0,01;1;shortest;70;1;59;1,0
22;0,01;1;shortest;71;1;59;1,0
22;0,01;1;shortest;72;1;59;1,0
22;0,01;1;shortest;73;1;59;1,0
22;0,01;1;shortest;74;1;59;1,0
22;0,01;1;shortest;75;1;59;1,0
22;0,01;1;shortest;76;1;59;1,0
22;0,01;1;shortest;77;1;59;1,0
22;0,01;1;shortest;78;1;59;1,0
22;0,01;1;shortest;79;1;59;1,0
22;0,01;1;shortest;80;1;59;1,0
22;0,01;1;shortest;81;1;59;1,0
22;0,01;1;shortest;82;1;59;1,0
22;0,01;1;shortest;83;1;59;1,0
22;0,01;1;shortest;84;1;59;1,0
22;0,01;1;shortest;85;0;57;
22;0,01;1;shortest;86;1;59;1,0
22;0,01;1;shortest;87;1;59;1,0
22;0,01;1;shortest;88;1;59;1,0
22;0,01;1;shortest;89;1;59;1,0
22;0,01;1;shortest;90;1;59;1,0
22;0,01;1;shortest;91;1;59;1,0
22;0,01;1;shortest;92;1;59;1,0
22;0,01;1;shortest;93;1;59;1,0
22;0,01;1;shortest;94;1;59;1,0
22;0,01;1;shortest;95;1;59;1,0
22;0,01;1;shortest;96;0;57;
22;0,01;1;shortest;97;0;52;
22;0,01;1;shortest;98;1;59;1,0
22;0,01;1;shortest;99;1;59;1,0
22;0,01;1;shortest;100;1;59;1,0
22;0,01;1;safe;1;1;59;1,0
22;0,01;1;safe;2;1;59;1,0
22;0,01;1;safe;3;0;16;
22;0,01;1;safe;4;1;59;1,0
22;0,01;1;safe;5;1;59;1,0
22;0,01;1;safe;6;0;18;
22;0,01;1;safe;7;1;59;1,0
22;0,01;1;safe;8;1;59;1,0
22;0,01;1;safe;9;1;59;1,0
22;0,01;1;safe;10;1;59;1,0
22;0,01;1;safe;11;1;59;1,0
22;0,01;1;safe;12;1;59;1,0
22;0,01;1;safe;13;1;59;1,0
22;0,01;1;safe;14;0;57;
22;0,01;1;safe;15;1;59;1,0
22;0,01;1;safe;16;1;59;1,0
22;0,01;1;safe;17;0;58;
22;0,01;1;safe;18;1;59;1,0
22;0,01;1;safe;19;1;59;1,0
22;0,01;1;safe;20;1;59;1,0
22;0,01;1;safe;21;1;59;1,0
22;0,01;1;safe;22;0;55;
22;0,01;1;safe;23;0;14;
22;0,01;1;safe;24;1;59;1,0
22;0,01;1;safe;25;1;59;1,0
22;0,01;1;safe;26;1;59;1,0
22;0,01;1;safe;27;1;59;1,0
22;0,01;1;safe;28;1;59;1,0
22;0,01;1;safe;29;0;59;
22;0,01;1;safe;30;1;59;1,0
22;0,01;1;safe;31;1;59;1,0
22;0,01;1;safe;32;1;59;1,0
22;0,01;1;safe;33;1;59;1,0
22;0,01;1;safe;34;1;59;1,0
22;0,01;1;safe;35;1;59;1,0
22;0,01;1;safe;36;1;59;1,0
22;0,01;1;safe;37;1;59;1,0
22;0,01;1;safe;38;1;59;1,0
22;0,01;1;safe;39;1;59;1,0
22;0,01;1;safe;40;1;59;1,0
22;0,01;1;safe;41;1;59;1,0
22;0,01;1;safe;42;1;59;1,0
22;0,01;1;safe;43;1;59;1,0
22;0,01;1;safe;44;1;59;1,0
22;0,01;1;safe;45;1;59;1,0
22;0,01;1;safe;46;1;59;1,0
22;0,01;1;safe;47;1;59;1,0
22;0,01;1;safe;48;1;59;1,0
22;0,01;1;safe;49;0;16;
22;0,01;1;safe;50;1;59;1,0
22;0,01;1;safe;51;1;59;1,0
22;0,01;1;safe;52;1;59;1,0
22;0,01;1;safe;53;1;59;1,0
22;0,01;1;safe;54;1;59;1,0
22;0,01;1;safe;55;1;59;1,0
22;0,01;1;safe;56;1;59;1,0
22;0,01;1;safe;57;0;58;
22;0,01;1;safe;58;1;59;1,0
22;0,01;1;safe;59;1;59;1,0
22;0,01;1;safe;60;1;59;1,0
22;0,01;1;safe;61;1;59;1,0
22;0,01;1;safe;62;1;59;1,0
22;0,01;1;safe;63;1;59;1,0
22;0,01;1;safe;64;1;59;1,0
22;0,01;1;safe;65;1;59;1,0
22;0,01;1;safe;66;0;16;
22;0,01;1;safe;67;1;59;1,0
22;0,01;1;safe;68;1;59;1,0
22;0,01;1;safe;69;1;59;1,0
22;0,01;1;safe;70;1;59;1,0
22;0,01;1;safe;71;1;59;1,0
22;0,01;1;safe;72;1;59;1,0
22;0,01;1;safe;73;1;59;1,0
22;0,01;1;safe;74;1;59;1,0
22;0,01;1;safe;75;1;59;1,0
22;0,01;1;safe;76;1;59;1,0
22;0,01;1;safe;77;0;52;
22;0,01;1;safe;78;1;59;1,0
22;0,01;1;safe;79;1;59;1,0
22;0,01;1;safe;80;1;59;1,0
22;0,01;1;safe;81;1;59;1,0
22;0,01;1;safe;82;1;59;1,0
22;0,01;1;safe;83;1;59;1,0
22;0,01;1;safe;84;1;59;1,0
22;0,01;1;safe;85;1;59;1,0
22;0,01;1;safe;86;1;59;1,0
22;0,01;1;safe;87;1;59;1,0
22;0,01;1;safe;88;1;59;1,0
22;0,01;1;safe;89;1;59;1,0
22;0,01;1;safe;90;1;59;1,0
22;0,01;1;safe;91;1;59;1,0
22;0,01;1;safe;92;1;59;1,0
22;0,01;1;safe;93;1;59;1,0
22;0,01;1;safe;94;1;59;1,0
22;0,01;1;safe;95;1;59;1,0
22;0,01;1;safe;96;0;59;
22;0,01;1;safe;97;1;59;1,0
22;0,01;1;safe;98;1;59;1,0
22;0,01;1;safe;99;1;59;1,0
22;0,01;1;safe;100;1;59;1,0
22;0,01;1;predictive;1;1;59;1,0
22;0,01;1;predictive;2;1;59;1,0
22;0,01;1;predictive;3;1;76;0,7763157894736842
22;0,01;1;predictive;4;1;59;1,0
22;0,01;1;predictive;5;1;97;0,6082474226804123
22;0,01;1;predictive;6;1;59;1,0
22;0,01;1;predictive;7;1;61;0,9672131147540983
22;0,01;1;predictive;8;1;59;1,0
22;0,01;1;predictive;9;1;59;1,0
22;0,01;1;predictive;10;1;59;1,0
22;0,01;1;predictive;11;1;59;1,0
22;0,01;1;predictive;12;1;59;1,0
22;0,01;1;predictive;13;1;59;1,0
22;0,01;1;predictive;14;1;59;1,0
22;0,01;1;predictive;15;1;59;1,0
22;0,01;1;predictive;16;1;59;1,0
22;0,01;1;predictive;17;1;59;1,0
22;0,01;1;predictive;18;1;59;1,0
22;0,01;1;predictive;19;1;59;1,0
22;0,01;1;predictive;20;1;64;0,921875
22;0,01;1;predictive;21;1;59;1,0
22;0,01;1;predictive;22;1;59;1,0
22;0,01;1;predictive;23;1;59;1,0
22;0,01;1;predictive;24;1;60;0,9833333333333333
22;0,01;1;predictive;25;1;59;1,0
22;0,01;1;predictive;26;1;59;1,0
22;0,01;1;predictive;27;1;112;0,5267857142857143
22;0,01;1;predictive;28;1;59;1,0
22;0,01;1;predictive;29;1;59;1,0
22;0,01;1;predictive;30;1;59;1,0
22;0,01;1;predictive;31;1;59;1,0
22;0,01;1;predictive;32;1;59;1,0
22;0,01;1;predictive;33;1;59;1,0
22;0,01;1;predictive;34;1;59;1,0
22;0,01;1;predictive;35;1;59;1,0
22;0,01;1;predictive;36;1;59;1,0
22;0,01;1;predictive;37;1;59;1,0
22;0,01;1;predictive;38;1;77;0,7662337662337663
22;0,01;1;predictive;39;1;92;0,6413043478260869
22;0,01;1;predictive;40;1;59;1,0
22;0,01;1;predictive;41;1;59;1,0
22;0,01;1;predictive;42;1;59;1,0
22;0,01;1;predictive;43;1;59;1,0
22;0,01;1;predictive;44;1;59;1,0
22;0,01;1;predictive;45;1;90;0,6555555555555556
22;0,01;1;predictive;46;1;59;1,0
22;0,01;1;predictive;47;1;181;0,3259668508287293
22;0,01;1;predictive;48;1;59;1,0
22;0,01;1;predictive;49;1;59;1,0
22;0,01;1;predictive;50;1;59;1,0
22;0,01;1;predictive;51;1;59;1,0
22;0,01;1;predictive;52;1;59;1,0
22;0,01;1;predictive;53;1;59;1,0
22;0,01;1;predictive;54;1;59;1,0
22;0,01;1;predictive;55;1;59;1,0
22;0,01;1;predictive;56;1;59;1,0
22;0,01;1;predictive;57;1;59;1,0
22;0,01;1;predictive;58;1;59;1,0
22;0,01;1;predictive;59;1;59;1,0
22;0,01;1;predictive;60;1;59;1,0
22;0,01;1;predictive;61;1;59;1,0
22;0,01;1;predictive;62;1;59;1,0
22;0,01;1;predictive;63;1;59;1,0
22;0,01;1;predictive;64;1;59;1,0
22;0,01;1;predictive;65;1;59;1,0
22;0,01;1;predictive;66;1;59;1,0
22;0,01;1;predictive;67;1;59;1,0
22;0,01;1;predictive;68;1;59;1,0
22;0,01;1;predictive;69;1;59;1,0
22;0,01;1;predictive;70;1;59;1,0
22;0,01;1;predictive;71;1;59;1,0
22;0,01;1;predictive;72;1;59;1,0
22;0,01;1;predictive;73;1;59;1,0
22;0,01;1;predictive;74;1;59;1,0
22;0,01;1;predictive;75;1;59;1,0
22;0,01;1;predictive;76;1;59;1,0
22;0,01;1;predictive;77;1;59;1,0
22;0,01;1;predictive;78;1;59;1,0
22;0,01;1;predictive;79;1;59;1,0
22;0,01;1;predictive;80;1;59;1,0
22;0,01;1;predictive;81;1;59;1,0
22;0,01;1;predictive;82;1;59;1,0
22;0,01;1;predictive;83;1;59;1,0
22;0,01;1;predictive;84;1;59;1,0
22;0,01;1;predictive;85;1;59;1,0
22;0,01;1;predictive;86;1;59;1,0
22;0,01;1;predictive;87;1;106;0,5566037735849056
22;0,01;1;predictive;88;1;59;1,0
22;0,01;1;predictive;89;1;59;1,0
22;0,01;1;predictive;90;1;59;1,0
22;0,01;1;predictive;91;1;59;1,0
22;0,01;1;predictive;92;1;65;0,9076923076923077
22;0,01;1;predictive;93;1;59;1,0
22;0,01;1;predictive;94;1;59;1,0
22;0,01;1;predictive;95;1;59;1,0
22;0,01;1;predictive;96;1;59;1,0
22;0,01;1;predictive;97;1;153;0,38562091503267976
22;0,01;1;predictive;98;1;59;1,0
22;0,01;1;predictive;99;1;59;1,0
22;0,01;1;predictive;100;1;59;1,0
22;0,01;2;shortest;1;1;55;1,0
22;0,01;2;shortest;2;1;55;1,0
22;0,01;2;shortest;3;1;55;1,0
22;0,01;2;shortest;4;1;55;1,0
22;0,01;2;shortest;5;1;55;1,0
22;0,01;2;shortest;6;1;55;1,0
22;0,01;2;shortest;7;1;55;1,0
22;0,01;2;shortest;8;1;55;1,0
22;0,01;2;shortest;9;1;55;1,0
22;0,01;2;shortest;10;1;55;1,0
22;0,01;2;shortest;11;1;55;1,0
22;0,01;2;shortest;12;1;55;1,0
22;0,01;2;shortest;13;1;55;1,0
22;0,01;2;shortest;14;1;55;1,0
22;0,01;2;shortest;15;1;55;1,0
22;0,01;2;shortest;16;1;55;1,0
22;0,01;2;shortest;17;1;55;1,0
22;0,01;2;shortest;18;1;55;1,0
22;0,01;2;shortest;19;1;55;1,0
22;0,01;2;shortest;20;1;55;1,0
22;0,01;2;shortest;21;1;55;1,0
22;0,01;2;shortest;22;1;55;1,0
22;0,01;2;shortest;23;1;55;1,0
22;0,01;2;shortest;24;1;55;1,0
22;0,01;2;shortest;25;1;55;1,0
22;0,01;2;shortest;26;1;55;1,0
22;0,01;2;shortest;27;1;55;1,0
22;0,01;2;shortest;28;1;55;1,0
22;0,01;2;shortest;29;1;55;1,0
22;0,01;2;shortest;30;1;55;1,0
22;0,01;2;shortest;31;1;55;1,0
22;0,01;2;shortest;32;0;29;
22;0,01;2;shortest;33;1;55;1,0
22;0,01;2;shortest;34;1;55;1,0
22;0,01;2;shortest;35;1;55;1,0
22;0,01;2;shortest;36;1;55;1,0
22;0,01;2;shortest;37;1;55;1,0
22;0,01;2;shortest;38;1;55;1,0
22;0,01;2;shortest;39;1;55;1,0
22;0,01;2;shortest;40;1;55;1,0
22;0,01;2;shortest;41;1;55;1,0
22;0,01;2;shortest;42;1;55;1,0
22;0,01;2;shortest;43;1;55;1,0
22;0,01;2;shortest;44;0;50;
22;0,01;2;shortest;45;1;55;1,0
22;0,01;2;shortest;46;1;55;1,0
22;0,01;2;shortest;47;1;55;1,0
22;0,01;2;shortest;48;1;55;1,0
22;0,01;2;shortest;49;1;55;1,0
22;0,01;2;shortest;50;1;55;1,0
22;0,01;2;shortest;51;1;55;1,0
22;0,01;2;shortest;52;1;55;1,0
22;0,01;2;shortest;53;1;55;1,0
22;0,01;2;shortest;54;0;52;
22;0,01;2;shortest;55;1;55;1,0
22;0,01;2;shortest;56;1;55;1,0
22;0,01;2;shortest;57;1;55;1,0
22;0,01;2;shortest;58;1;55;1,0
22;0,01;2;shortest;59;0;49;
22;0,01;2;shortest;60;1;55;1,0
22;0,01;2;shortest;61;1;55;1,0
22;0,01;2;shortest;62;1;55;1,0
22;0,01;2;shortest;63;1;55;1,0
22;0,01;2;shortest;64;0;54;
22;0,01;2;shortest;65;1;55;1,0
22;0,01;2;shortest;66;1;55;1,0
22;0,01;2;shortest;67;1;55;1,0
22;0,01;2;shortest;68;1;55;1,0
22;0,01;2;shortest;69;1;55;1,0
22;0,01;2;shortest;70;1;55;1,0
22;0,01;2;shortest;71;1;55;1,0
22;0,01;2;shortest;72;0;53;
22;0,01;2;shortest;73;1;55;1,0
22;0,01;2;shortest;74;1;55;1,0
22;0,01;2;shortest;75;1;55;1,0
22;0,01;2;shortest;76;1;55;1,0
22;0,01;2;shortest;77;1;55;1,0
22;0,01;2;shortest;78;1;55;1,0
22;0,01;2;shortest;79;1;55;1,0
22;0,01;2;shortest;80;1;55;1,0
22;0,01;2;shortest;81;1;55;1,0
22;0,01;2;shortest;82;1;55;1,0
22;0,01;2;shortest;83;1;55;1,0
22;0,01;2;shortest;84;1;55;1,0
22;0,01;2;shortest;85;1;55;1,0
22;0,01;2;shortest;86;1;55;1,0
22;0,01;2;shortest;87;1;55;1,0
22;0,01;2;shortest;88;1;55;1,0
22;0,01;2;shortest;89;1;55;1,0
22;0,01;2;shortest;90;1;55;1,0
22;0,01;2;shortest;91;1;55;1,0
22;0,01;2;shortest;92;1;55;1,0
22;0,01;2;shortest;93;1;55;1,0
22;0,01;2;shortest;94;1;55;1,0
22;0,01;2;shortest;95;1;55;1,0
22;0,01;2;shortest;96;1;55;1,0
22;0,01;2;shortest;97;1;55;1,0
22;0,01;2;shortest;98;1;55;1,0
22;0,01;2;shortest;99;1;55;1,0
22;0,01;2;shortest;100;1;55;1,0
22;0,01;2;safe;1;1;55;1,0
22;0,01;2;safe;2;1;55;1,0
22;0,01;2;safe;3;1;55;1,0
22;0,01;2;safe;4;1;55;1,0
22;0,01;2;safe;5;1;55;1,0
22;0,01;2;safe;6;1;55;1,0
22;0,01;2;safe;7;1;55;1,0
22;0,01;2;safe;8;1;55;1,0
22;0,01;2;safe;9;1;55;1,0
22;0,01;2;safe;10;1;55;1,0
22;0,01;2;safe;11;1;55;1,0
22;0,01;2;safe;12;1;55;1,0
22;0,01;2;safe;13;1;55;1,0
22;0,01;2;safe;14;1;55;1,0
22;0,01;2;safe;15;1;55;1,0
22;0,01;2;safe;16;1;55;1,0
22;0,01;2;safe;17;1;55;1,0
22;0,01;2;safe;18;1;55;1,0
22;0,01;2;safe;19;1;55;1,0
22;0,01;2;safe;20;1;55;1,0
22;0,01;2;safe;21;1;55;1,0
22;0,01;2;safe;22;1;55;1,0
22;0,01;2;safe;23;1;55;1,0
22;0,01;2;safe;24;1;55;1,0
22;0,01;2;safe;25;1;55;1,0
22;0,01;2;safe;26;1;55;1,0
22;0,01;2;safe;27;1;55;1,0
22;0,01;2;safe;28;1;55;1,0
22;0,01;2;safe;29;1;55;1,0
22;0,01;2;safe;30;1;55;1,0
22;0,01;2;safe;31;1;55;1,0
22;0,01;2;safe;32;0;29;
22;0,01;2;safe;33;1;55;1,0
22;0,01;2;safe;34;1;55;1,0
22;0,01;2;safe;35;1;55;1,0
22;0,01;2;safe;36;1;55;1,0
22;0,01;2;safe;37;1;55;1,0
22;0,01;2;safe;38;1;55;1,0
22;0,01;2;safe;39;1;55;1,0
22;0,01;2;safe;40;1;55;1,0
22;0,01;2;safe;41;1;55;1,0
22;0,01;2;safe;42;1;55;1,0
22;0,01;2;safe;43;1;55;1,0
22;0,01;2;safe;44;0;50;
22;0,01;2;safe;45;1;55;1,0
22;0,01;2;safe;46;1;55;1,0
22;0,01;2;safe;47;1;55;1,0
22;0,01;2;safe;48;0;55;
22;0,01;2;safe;49;1;55;1,0
22;0,01;2;safe;50;1;55;1,0
22;0,01;2;safe;51;1;55;1,0
22;0,01;2;safe;52;1;55;1,0
22;0,01;2;safe;53;1;55;1,0
22;0,01;2;safe;54;1;55;1,0
22;0,01;2;safe;55;1;55;1,0
22;0,01;2;safe;56;0;54;
22;0,01;2;safe;57;1;55;1,0
22;0,01;2;safe;58;1;55;1,0
22;0,01;2;safe;59;1;55;1,0
22;0,01;2;safe;60;1;55;1,0
22;0,01;2;safe;61;1;55;1,0
22;0,01;2;safe;62;1;55;1,0
22;0,01;2;safe;63;1;55;1,0
22;0,01;2;safe;64;1;55;1,0
22;0,01;2;safe;65;1;55;1,0
22;0,01;2;safe;66;1;55;1,0
22;0,01;2;safe;67;1;55;1,0
22;0,01;2;safe;68;1;55;1,0
22;0,01;2;safe;69;1;55;1,0
22;0,01;2;safe;70;1;55;1,0
22;0,01;2;safe;71;1;55;1,0
22;0,01;2;safe;72;0;53;
22;0,01;2;safe;73;0;54;
22;0,01;2;safe;74;1;55;1,0
22;0,01;2;safe;75;1;55;1,0
22;0,01;2;safe;76;1;55;1,0
22;0,01;2;safe;77;1;55;1,0
22;0,01;2;safe;78;1;55;1,0
22;0,01;2;safe;79;1;55;1,0
22;0,01;2;safe;80;0;45;
22;0,01;2;safe;81;1;55;1,0
22;0,01;2;safe;82;1;55;1,0
22;0,01;2;safe;83;1;55;1,0
22;0,01;2;safe;84;1;55;1,0
22;0,01;2;safe;85;1;55;1,0
22;0,01;2;safe;86;1;55;1,0
22;0,01;2;safe;87;1;55;1,0
22;0,01;2;safe;88;1;55;1,0
22;0,01;2;safe;89;1;55;1,0
22;0,01;2;safe;90;1;55;1,0
22;0,01;2;safe;91;0;52;
22;0,01;2;safe;92;1;55;1,0
22;0,01;2;safe;93;1;55;1,0
22;0,01;2;safe;94;1;55;1,0
22;0,01;2;safe;95;1;55;1,0
22;0,01;2;safe;96;1;55;1,0
22;0,01;2;safe;97;1;55;1,0
22;0,01;2;safe;98;1;55;1,0
22;0,01;2;safe;99;1;55;1,0
22;0,01;2;safe;100;1;55;1,0
22;0,01;2;predictive;1;1;55;1,0
22;0,01;2;predictive;2;1;55;1,0
22;0,01;2;predictive;3;1;55;1,0
22;0,01;2;predictive;4;1;55;1,0
22;0,01;2;predictive;5;1;55;1,0
22;0,01;2;predictive;6;1;55;1,0
22;0,01;2;predictive;7;1;55;1,0
22;0,01;2;predictive;8;1;55;1,0
22;0,01;2;predictive;9;1;55;1,0
22;0,01;2;predictive;10;1;55;1,0
22;0,01;2;predictive;11;1;55;1,0
22;0,01;2;predictive;12;1;55;1,0
22;0,01;2;predictive;13;1;55;1,0
22;0,01;2;predictive;14;1;55;1,0
22;0,01;2;predictive;15;1;55;1,0
22;0,01;2;predictive;16;1;55;1,0
22;0,01;2;predictive;17;1;55;1,0
22;0,01;2;predictive;18;1;55;1,0
22;0,01;2;predictive;19;1;55;1,0
22;0,01;2;predictive;20;1;55;1,0
22;0,01;2;predictive;21;1;55;1,0
22;0,01;2;predictive;22;1;55;1,0
22;0,01;2;predictive;23;1;55;1,0
22;0,01;2;predictive;24;1;55;1,0
22;0,01;2;predictive;25;1;55;1,0
22;0,01;2;predictive;26;1;55;1,0
22;0,01;2;predictive;27;1;55;1,0
22;0,01;2;predictive;28;1;55;1,0
22;0,01;2;predictive;29;1;55;1,0
22;0,01;2;predictive;30;1;55;1,0
22;0,01;2;predictive;31;1;55;1,0
22;0,01;2;predictive;32;1;128;0,4296875
22;0,01;2;predictive;33;1;55;1,0
22;0,01;2;predictive;34;1;55;1,0
22;0,01;2;predictive;35;1;55;1,0
22;0,01;2;predictive;36;1;55;1,0
22;0,01;2;predictive;37;1;55;1,0
22;0,01;2;predictive;38;1;55;1,0
22;0,01;2;predictive;39;1;55;1,0
22;0,01;2;predictive;40;1;55;1,0
22;0,01;2;predictive;41;1;55;1,0
22;0,01;2;predictive;42;1;55;1,0
22;0,01;2;predictive;43;1;55;1,0
22;0,01;2;predictive;44;1;55;1,0
22;0,01;2;predictive;45;1;55;1,0
22;0,01;2;predictive;46;1;55;1,0
22;0,01;2;predictive;47;1;56;0,9821428571428571
22;0,01;2;predictive;48;1;55;1,0
22;0,01;2;predictive;49;1;55;1,0
22;0,01;2;predictive;50;1;55;1,0
22;0,01;2;predictive;51;1;55;1,0
22;0,01;2;predictive;52;1;55;1,0
22;0,01;2;predictive;53;1;55;1,0
22;0,01;2;predictive;54;1;55;1,0
22;0,01;2;predictive;55;1;57;0,9649122807017544
22;0,01;2;predictive;56;1;55;1,0
22;0,01;2;predictive;57;1;181;0,30386740331491713
22;0,01;2;predictive;58;1;55;1,0
22;0,01;2;predictive;59;1;55;1,0
22;0,01;2;predictive;60;1;55;1,0
22;0,01;2;predictive;61;1;55;1,0
22;0,01;2;predictive;62;1;55;1,0
22;0,01;2;predictive;63;1;55;1,0
22;0,01;2;predictive;64;1;55;1,0
22;0,01;2;predictive;65;1;55;1,0
22;0,01;2;predictive;66;1;55;1,0
22;0,01;2;predictive;67;1;55;1,0
22;0,01;2;predictive;68;1;55;1,0
22;0,01;2;predictive;69;1;55;1,0
22;0,01;2;predictive;70;1;55;1,0
22;0,01;2;predictive;71;1;55;1,0
22;0,01;2;predictive;72;1;55;1,0
22;0,01;2;predictive;73;1;55;1,0
22;0,01;2;predictive;74;1;55;1,0
22;0,01;2;predictive;75;1;55;1,0
22;0,01;2;predictive;76;1;55;1,0
22;0,01;2;predictive;77;1;55;1,0
22;0,01;2;predictive;78;1;55;1,0
22;0,01;2;predictive;79;1;56;0,9821428571428571
22;0,01;2;predictive;80;1;55;1,0
22;0,01;2;predictive;81;1;55;1,0
22;0,01;2;predictive;82;1;55;1,0
22;0,01;2;predictive;83;1;55;1,0
22;0,01;2;predictive;84;1;55;1,0
22;0,01;2;predictive;85;1;55;1,0
22;0,01;2;predictive;86;1;55;1,0
22;0,01;2;predictive;87;1;55;1,0
22;0,01;2;predictive;88;1;55;1,0
22;0,01;2;predictive;89;1;55;1,0
22;0,01;2;predictive;90;1;55;1,0
22;0,01;2;predictive;91;1;55;1,0
22;0,01;2;predictive;92;1;55;1,0
22;0,01;2;predictive;93;1;55;1,0
22;0,01;2;predictive;94;1;55;1,0
22;0,01;2;predictive;95;1;55;1,0
22;0,01;2;predictive;96;1;55;1,0
22;0,01;2;predictive;97;1;55;1,0
22;0,01;2;predictive;98;1;55;1,0
22;0,01;2;predictive;99;1;55;1,0
22;0,01;2;predictive;100;1;55;1,0
22;0,01;3;shortest;1;1;41;1,0
22;0,01;3;shortest;2;1;41;1,0
22;0,01;3;shortest;3;1;41;1,0
22;0,01;3;shortest;4;1;41;1,0
22;0,01;3;shortest;5;0;38;
22;0,01;3;shortest;6;1;41;1,0
22;0,01;3;shortest;7;1;41;1,0
22;0,01;3;shortest;8;1;41;1,0
22;0,01;3;shortest;9;1;41;1,0
22;0,01;3;shortest;10;1;41;1,0
22;0,01;3;shortest;11;1;41;1,0
22;0,01;3;shortest;12;1;41;1,0
22;0,01;3;shortest;13;1;41;1,0
22;0,01;3;shortest;14;1;41;1,0
22;0,01;3;shortest;15;1;41;1,0
22;0,01;3;shortest;16;1;41;1,0
22;0,01;3;shortest;17;1;41;1,0
22;0,01;3;shortest;18;1;41;1,0
22;0,01;3;shortest;19;0;40;
22;0,01;3;shortest;20;1;41;1,0
22;0,01;3;shortest;21;1;41;1,0
22;0,01;3;shortest;22;1;41;1,0
22;0,01;3;shortest;23;1;41;1,0
22;0,01;3;shortest;24;1;41;1,0
22;0,01;3;shortest;25;1;41;1,0
22;0,01;3;shortest;26;1;41;1,0
22;0,01;3;shortest;27;1;41;1,0
22;0,01;3;shortest;28;1;41;1,0
22;0,01;3;shortest;29;1;41;1,0
22;0,01;3;shortest;30;1;41;1,0
22;0,01;3;shortest;31;1;41;1,0
22;0,01;3;shortest;32;1;41;1,0
22;0,01;3;shortest;33;1;41;1,0
22;0,01;3;shortest;34;1;41;1,0
22;0,01;3;shortest;35;1;41;1,0
22;0,01;3;shortest;36;0;35;
22;0,01;3;shortest;37;1;41;1,0
22;0,01;3;shortest;38;1;41;1,0
22;0,01;3;shortest;39;1;41;1,0
22;0,01;3;shortest;40;1;41;1,0
22;0,01;3;shortest;41;1;41;1,0
22;0,01;3;shortest;42;1;41;1,0
22;0,01;3;shortest;43;1;41;1,0
22;0,01;3;shortest;44;1;41;1,0
22;0,01;3;shortest;45;1;41;1,0
22;0,01;3;shortest;46;1;41;1,0
22;0,01;3;shortest;47;1;41;1,0
22;0,01;3;shortest;48;1;41;1,0
22;0,01;3;shortest;49;1;41;1,0
22;0,01;3;shortest;50;1;41;1,0
22;0,01;3;shortest;51;1;41;1,0
22;0,01;3;shortest;52;1;41;1,0
22;0,01;3;shortest;53;1;41;1,0
22;0,01;3;shortest;54;1;41;1,0
22;0,01;3;shortest;55;1;41;1,0
22;0,01;3;shortest;56;1;41;1,0
22;0,01;3;shortest;57;1;41;1,0
22;0,01;3;shortest;58;0;38;
22;0,01;3;shortest;59;1;41;1,0
22;0,01;3;shortest;60;1;41;1,0
22;0,01;3;shortest;61;1;41;1,0
22;0,01;3;shortest;62;1;41;1,0
22;0,01;3;shortest;63;1;41;1,0
22;0,01;3;shortest;64;1;41;1,0
22;0,01;3;shortest;65;1;41;1,0
22;0,01;3;shortest;66;1;41;1,0
22;0,01;3;shortest;67;1;41;1,0
22;0,01;3;shortest;68;1;41;1,0
22;0,01;3;shortest;69;1;41;1,0
22;0,01;3;shortest;70;1;41;1,0
22;0,01;3;shortest;71;1;41;1,0
22;0,01;3;shortest;72;1;41;1,0
22;0,01;3;shortest;73;1;41;1,0
22;0,01;3;shortest;74;1;41;1,0
22;0,01;3;shortest;75;1;41;1,0
22;0,01;3;shortest;76;1;41;1,0
22;0,01;3;shortest;77;1;41;1,0
22;0,01;3;shortest;78;1;41;1,0
22;0,01;3;shortest;79;1;41;1,0
22;0,01;3;shortest;80;1;41;1,0
22;0,01;3;shortest;81;1;41;1,0
22;0,01;3;shortest;82;1;41;1,0
22;0,01;3;shortest;83;1;41;1,0
22;0,01;3;shortest;84;1;41;1,0
22;0,01;3;shortest;85;1;41;1,0
22;0,01;3;shortest;86;1;41;1,0
22;0,01;3;shortest;87;1;41;1,0
22;0,01;3;shortest;88;1;41;1,0
22;0,01;3;shortest;89;1;41;1,0
22;0,01;3;shortest;90;1;41;1,0
22;0,01;3;shortest;91;1;41;1,0
22;0,01;3;shortest;92;1;41;1,0
22;0,01;3;shortest;93;1;41;1,0
22;0,01;3;shortest;94;1;41;1,0
22;0,01;3;shortest;95;1;41;1,0
22;0,01;3;shortest;96;1;41;1,0
22;0,01;3;shortest;97;1;41;1,0
22;0,01;3;shortest;98;0;40;
22;0,01;3;shortest;99;1;41;1,0
22;0,01;3;shortest;100;1;41;1,0
22;0,01;3;safe;1;1;41;1,0
22;0,01;3;safe;2;1;41;1,0
22;0,01;3;safe;3;1;41;1,0
22;0,01;3;safe;4;1;41;1,0
22;0,01;3;safe;5;1;42;0,9761904761904762
22;0,01;3;safe;6;1;41;1,0
22;0,01;3;safe;7;1;41;1,0
22;0,01;3;safe;8;1;41;1,0
22;0,01;3;safe;9;1;41;1,0
22;0,01;3;safe;10;1;41;1,0
22;0,01;3;safe;11;1;41;1,0
22;0,01;3;safe;12;1;41;1,0
22;0,01;3;safe;13;1;41;1,0
22;0,01;3;safe;14;1;41;1,0
22;0,01;3;safe;15;1;41;1,0
22;0,01;3;safe;16;1;41;1,0
22;0,01;3;safe;17;1;41;1,0
22;0,01;3;safe;18;1;41;1,0
22;0,01;3;safe;19;1;41;1,0
22;0,01;3;safe;20;1;41;1,0
22;0,01;3;safe;21;1;41;1,0
22;0,01;3;safe;22;1;41;1,0
22;0,01;3;safe;23;1;41;1,0
22;0,01;3;safe;24;1;41;1,0
22;0,01;3;safe;25;1;41;1,0
22;0,01;3;safe;26;1;41;1,0
22;0,01;3;safe;27;1;41;1,0
22;0,01;3;safe;28;1;41;1,0
22;0,01;3;safe;29;1;41;1,0
22;0,01;3;safe;30;1;41;1,0
22;0,01;3;safe;31;1;41;1,0
22;0,01;3;safe;32;1;41;1,0
22;0,01;3;safe;33;1;41;1,0
22;0,01;3;safe;34;1;41;1,0
22;0,01;3;safe;35;1;41;1,0
22;0,01;3;safe;36;1;41;1,0
22;0,01;3;safe;37;1;41;1,0
22;0,01;3;safe;38;1;41;1,0
22;0,01;3;safe;39;1;41;1,0
22;0,01;3;safe;40;1;41;1,0
22;0,01;3;safe;41;1;41;1,0
22;0,01;3;safe;42;1;41;1,0
22;0,01;3;safe;43;1;41;1,0
22;0,01;3;safe;44;1;41;1,0
22;0,01;3;safe;45;1;41;1,0
22;0,01;3;safe;46;1;41;1,0
22;0,01;3;safe;47;1;41;1,0
22;0,01;3;safe;48;1;41;1,0
22;0,01;3;safe;49;1;41;1,0
22;0,01;3;safe;50;1;41;1,0
22;0,01;3;safe;51;1;41;1,0
22;0,01;3;safe;52;1;41;1,0
22;0,01;3;safe;53;1;41;1,0
22;0,01;3;safe;54;1;41;1,0
22;0,01;3;safe;55;0;41;
22;0,01;3;safe;56;1;41;1,0
22;0,01;3;safe;57;1;41;1,0
22;0,01;3;safe;58;1;41;1,0
22;0,01;3;safe;59;1;41;1,0
22;0,01;3;safe;60;1;41;1,0
22;0,01;3;safe;61;1;41;1,0
22;0,01;3;safe;62;1;41;1,0
22;0,01;3;safe;63;1;41;1,0
22;0,01;3;safe;64;1;41;1,0
22;0,01;3;safe;65;1;41;1,0
22;0,01;3;safe;66;1;41;1,0
22;0,01;3;safe;67;1;41;1,0
22;0,01;3;safe;68;1;41;1,0
22;0,01;3;safe;69;1;41;1,0
22;0,01;3;safe;70;1;41;1,0
22;0,01;3;safe;71;1;41;1,0
22;0,01;3;safe;72;1;41;1,0
22;0,01;3;safe;73;0;41;
22;0,01;3;safe;74;1;41;1,0
22;0,01;3;safe;75;1;41;1,0
22;0,01;3;safe;76;1;41;1,0
22;0,01;3;safe;77;1;41;1,0
22;0,01;3;safe;78;1;41;1,0
22;0,01;3;safe;79;1;41;1,0
22;0,01;3;safe;80;0;40;
22;0,01;3;safe;81;1;41;1,0
22;0,01;3;safe;82;1;41;1,0
22;0,01;3;safe;83;1;41;1,0
22;0,01;3;safe;84;1;41;1,0
22;0,01;3;safe;85;1;41;1,0
22;0,01;3;safe;86;1;41;1,0
22;0,01;3;safe;87;1;41;1,0
22;0,01;3;safe;88;1;41;1,0
22;0,01;3;safe;89;1;41;1,0
22;0,01;3;safe;90;1;41;1,0
22;0,01;3;safe;91;1;41;1,0
22;0,01;3;safe;92;1;41;1,0
22;0,01;3;safe;93;0;40;
22;0,01;3;safe;94;1;41;1,0
22;0,01;3;safe;95;1;41;1,0
22;0,01;3;safe;96;1;41;1,0
22;0,01;3;safe;97;1;41;1,0
22;0,01;3;safe;98;1;41;1,0
22;0,01;3;safe;99;1;41;1,0
22;0,01;3;safe;100;1;41;1,0
22;0,01;3;predictive;1;1;41;1,0
22;0,01;3;predictive;2;1;41;1,0
22;0,01;3;predictive;3;1;41;1,0
22;0,01;3;predictive;4;1;41;1,0
22;0,01;3;predictive;5;1;43;0,9534883720930233
22;0,01;3;predictive;6;1;41;1,0
22;0,01;3;predictive;7;1;41;1,0
22;0,01;3;predictive;8;1;41;1,0
22;0,01;3;predictive;9;1;41;1,0
22;0,01;3;predictive;10;1;41;1,0
22;0,01;3;predictive;11;1;41;1,0
22;0,01;3;predictive;12;1;41;1,0
22;0,01;3;predictive;13;1;41;1,0
22;0,01;3;predictive;14;1;41;1,0
22;0,01;3;predictive;15;1;41;1,0
22;0,01;3;predictive;16;1;42;0,9761904761904762
22;0,01;3;predictive;17;1;41;1,0
22;0,01;3;predictive;18;1;41;1,0
22;0,01;3;predictive;19;1;41;1,0
22;0,01;3;predictive;20;1;41;1,0
22;0,01;3;predictive;21;1;41;1,0
22;0,01;3;predictive;22;1;41;1,0
22;0,01;3;predictive;23;1;41;1,0
22;0,01;3;predictive;24;1;41;1,0
22;0,01;3;predictive;25;1;41;1,0
22;0,01;3;predictive;26;1;41;1,0
22;0,01;3;predictive;27;1;41;1,0
22;0,01;3;predictive;28;1;41;1,0
22;0,01;3;predictive;29;1;41;1,0
22;0,01;3;predictive;30;1;41;1,0
22;0,01;3;predictive;31;1;41;1,0
22;0,01;3;predictive;32;1;41;1,0
22;0,01;3;predictive;33;1;41;1,0
22;0,01;3;predictive;34;1;41;1,0
22;0,01;3;predictive;35;1;41;1,0
22;0,01;3;predictive;36;1;41;1,0
22;0,01;3;predictive;37;1;41;1,0
22;0,01;3;predictive;38;1;41;1,0
22;0,01;3;predictive;39;1;41;1,0
22;0,01;3;predictive;40;1;41;1,0
22;0,01;3;predictive;41;1;41;1,0
22;0,01;3;predictive;42;1;41;1,0
22;0,01;3;predictive;43;1;41;1,0
22;0,01;3;predictive;44;1;41;1,0
22;0,01;3;predictive;45;1;41;1,0
22;0,01;3;predictive;46;1;41;1,0
22;0,01;3;predictive;47;1;41;1,0
22;0,01;3;predictive;48;1;41;1,0
22;0,01;3;predictive;49;1;41;1,0
22;0,01;3;predictive;50;1;41;1,0
22;0,01;3;predictive;51;1;41;1,0
22;0,01;3;predictive;52;1;41;1,0
22;0,01;3;predictive;53;1;41;1,0
22;0,01;3;predictive;54;1;41;1,0
22;0,01;3;predictive;55;1;41;1,0
22;0,01;3;predictive;56;1;47;0,8723404255319149
22;0,01;3;predictive;57;1;41;1,0
22;0,01;3;predictive;58;1;41;1,0
22;0,01;3;predictive;59;1;41;1,0
22;0,01;3;predictive;60;1;41;1,0
22;0,01;3;predictive;61;1;41;1,0
22;0,01;3;predictive;62;1;41;1,0
22;0,01;3;predictive;63;1;41;1,0
22;0,01;3;predictive;64;1;41;1,0
22;0,01;3;predictive;65;1;41;1,0
22;0,01;3;predictive;66;1;41;1,0
22;0,01;3;predictive;67;1;41;1,0
22;0,01;3;predictive;68;1;41;1,0
22;0,01;3;predictive;69;1;41;1,0
22;0,01;3;predictive;70;1;41;1,0
22;0,01;3;predictive;71;1;41;1,0
22;0,01;3;predictive;72;1;41;1,0
22;0,01;3;predictive;73;1;41;1,0
22;0,01;3;predictive;74;1;41;1,0
22;0,01;3;predictive;75;1;41;1,0
22;0,01;3;predictive;76;1;41;1,0
22;0,01;3;predictive;77;1;41;1,0
22;0,01;3;predictive;78;1;41;1,0
22;0,01;3;predictive;79;1;41;1,0
22;0,01;3;predictive;80;1;41;1,0
22;0,01;3;predictive;81;1;41;1,0
22;0,01;3;predictive;82;1;41;1,0
22;0,01;3;predictive;83;1;41;1,0
22;0,01;3;predictive;84;1;41;1,0
22;0,01;3;predictive;85;1;41;1,0
22;0,01;3;predictive;86;1;41;1,0
22;0,01;3;predictive;87;1;41;1,0
22;0,01;3;predictive;88;1;41;1,0
22;0,01;3;predictive;89;1;41;1,0
22;0,01;3;predictive;90;1;41;1,0
22;0,01;3;predictive;91;1;41;1,0
22;0,01;3;predictive;92;1;41;1,0
22;0,01;3;predictive;93;1;41;1,0
22;0,01;3;predictive;94;1;41;1,0
22;0,01;3;predictive;95;1;43;0,9534883720930233
22;0,01;3;predictive;96;1;41;1,0
22;0,01;3;predictive;97;1;41;1,0
22;0,01;3;predictive;98;1;41;1,0
22;0,01;3;predictive;99;1;41;1,0
22;0,01;3;predictive;100;1;41;1,0
22;0,02;1;shortest;1;1;59;1,0
22;0,02;1;shortest;2;1;59;1,0
22;0,02;1;shortest;3;1;59;1,0
22;0,02;1;shortest;4;0;58;
22;0,02;1;shortest;5;1;59;1,0
22;0,02;1;shortest;6;1;59;1,0
22;0,02;1;shortest;7;0;19;
22;0,02;1;shortest;8;1;59;1,0
22;0,02;1;shortest;9;1;59;1,0
22;0,02;1;shortest;10;1;59;1,0
22;0,02;1;shortest;11;1;59;1,0
22;0,02;1;shortest;12;1;59;1,0
22;0,02;1;shortest;13;1;59;1,0
22;0,02;1;shortest;14;1;59;1,0
22;0,02;1;shortest;15;1;59;1,0
22;0,02;1;shortest;16;1;59;1,0
22;0,02;1;shortest;17;0;57;
22;0,02;1;shortest;18;1;59;1,0
22;0,02;1;shortest;19;1;59;1,0
22;0,02;1;shortest;20;1;59;1,0
22;0,02;1;shortest;21;0;53;
22;0,02;1;shortest;22;1;59;1,0
22;0,02;1;shortest;23;1;59;1,0
22;0,02;1;shortest;24;1;59;1,0
22;0,02;1;shortest;25;1;59;1,0
22;0,02;1;shortest;26;1;59;1,0
22;0,02;1;shortest;27;1;59;1,0
22;0,02;1;shortest;28;1;59;1,0
22;0,02;1;shortest;29;0;57;
22;0,02;1;shortest;30;0;47;
22;0,02;1;shortest;31;1;59;1,0
22;0,02;1;shortest;32;1;59;1,0
22;0,02;1;shortest;33;1;59;1,0
22;0,02;1;shortest;34;1;59;1,0
22;0,02;1;shortest;35;1;59;1,0
22;0,02;1;shortest;36;1;59;1,0
22;0,02;1;shortest;37;1;59;1,0
22;0,02;1;shortest;38;1;59;1,0
22;0,02;1;shortest;39;1;59;1,0
22;0,02;1;shortest;40;1;59;1,0
22;0,02;1;shortest;41;1;59;1,0
22;0,02;1;shortest;42;1;59;1,0
22;0,02;1;shortest;43;1;59;1,0
22;0,02;1;shortest;44;0;15;
22;0,02;1;shortest;45;0;14;
22;0,02;1;shortest;46;1;59;1,0
22;0,02;1;shortest;47;1;59;1,0
22;0,02;1;shortest;48;1;59;1,0
22;0,02;1;shortest;49;0;21;
22;0,02;1;shortest;50;1;59;1,0
22;0,02;1;shortest;51;1;59;1,0
22;0,02;1;shortest;52;1;59;1,0
22;0,02;1;shortest;53;0;16;
22;0,02;1;shortest;54;1;59;1,0
22;0,02;1;shortest;55;1;59;1,0
22;0,02;1;shortest;56;1;59;1,0
22;0,02;1;shortest;57;0;57;
22;0,02;1;shortest;58;1;59;1,0
22;0,02;1;shortest;59;0;53;
22;0,02;1;shortest;60;1;59;1,0
22;0,02;1;shortest;61;0;16;
22;0,02;1;shortest;62;1;59;1,0
22;0,02;1;shortest;63;1;59;1,0
22;0,02;1;shortest;64;1;59;1,0
22;0,02;1;shortest;65;0;55;
22;0,02;1;shortest;66;1;59;1,0
22;0,02;1;shortest;67;0;53;
22;0,02;1;shortest;68;1;59;1,0
22;0,02;1;shortest;69;0;53;
22;0,02;1;shortest;70;0;16;
22;0,02;1;shortest;71;1;59;1,0
22;0,02;1;shortest;72;1;59;1,0
22;0,02;1;shortest;73;1;59;1,0
22;0,02;1;shortest;74;1;59;1,0
22;0,02;1;shortest;75;1;59;1,0
22;0,02;1;shortest;76;1;59;1,0
22;0,02;1;shortest;77;1;59;1,0
22;0,02;1;shortest;78;1;59;1,0
22;0,02;1;shortest;79;1;59;1,0
22;0,02;1;shortest;80;1;59;1,0
22;0,02;1;shortest;81;1;59;1,0
22;0,02;1;shortest;82;0;14;
22;0,02;1;shortest;83;1;59;1,0
22;0,02;1;shortest;84;0;56;
22;0,02;1;shortest;85;1;59;1,0
22;0,02;1;shortest;86;1;59;1,0
22;0,02;1;shortest;87;1;59;1,0
22;0,02;1;shortest;88;0;58;
22;0,02;1;shortest;89;1;59;1,0
22;0,02;1;shortest;90;1;59;1,0
22;0,02;1;shortest;91;1;59;1,0
22;0,02;1;shortest;92;1;59;1,0
22;0,02;1;shortest;93;1;59;1,0
22;0,02;1;shortest;94;1;59;1,0
22;0,02;1;shortest;95;1;59;1,0
22;0,02;1;shortest;96;1;59;1,0
22;0,02;1;shortest;97;0;57;
22;0,02;1;shortest;98;0;52;
22;0,02;1;shortest;99;0;55;
22;0,02;1;shortest;100;1;59;1,0
22;0,02;1;safe;1;1;59;1,0
22;0,02;1;safe;2;1;59;1,0
22;0,02;1;safe;3;1;59;1,0
22;0,02;1;safe;4;0;58;
22;0,02;1;safe;5;1;59;1,0
22;0,02;1;safe;6;1;59;1,0
22;0,02;1;safe;7;0;19;
22;0,02;1;safe;8;1;59;1,0
22;0,02;1;safe;9;1;59;1,0
22;0,02;1;safe;10;1;59;1,0
22;0,02;1;safe;11;1;59;1,0
22;0,02;1;safe;12;1;59;1,0
22;0,02;1;safe;13;1;59;1,0
22;0,02;1;safe;14;1;59;1,0
22;0,02;1;safe;15;1;59;1,0
22;0,02;1;safe;16;1;59;1,0
22;0,02;1;safe;17;0;57;
22;0,02;1;safe;18;1;59;1,0
22;0,02;1;safe;19;1;59;1,0
22;0,02;1;safe;20;1;59;1,0
22;0,02;1;safe;21;0;53;
22;0,02;1;safe;22;1;59;1,0
22;0,02;1;safe;23;0;16;
22;0,02;1;safe;24;1;59;1,0
22;0,02;1;safe;25;1;59;1,0
22;0,02;1;safe;26;1;59;1,0
22;0,02;1;safe;27;1;59;1,0
22;0,02;1;safe;28;1;59;1,0
22;0,02;1;safe;29;1;59;1,0
22;0,02;1;safe;30;1;59;1,0
22;0,02;1;safe;31;1;59;1,0
22;0,02;1;safe;32;1;59;1,0
22;0,02;1;safe;33;0;16;
22;0,02;1;safe;34;1;59;1,0
22;0,02;1;safe;35;1;59;1,0
22;0,02;1;safe;36;1;59;1,0
22;0,02;1;safe;37;1;59;1,0
22;0,02;1;safe;38;1;59;1,0
22;0,02;1;safe;39;1;59;1,0
22;0,02;1;safe;40;1;59;1,0
22;0,02;1;safe;41;0;56;
22;0,02;1;safe;42;0;16;
22;0,02;1;safe;43;1;59;1,0
22;0,02;1;safe;44;1;60;0,9833333333333333
22;0,02;1;safe;45;0;16;
22;0,02;1;safe;46;1;59;1,0
22;0,02;1;safe;47;1;59;1,0
22;0,02;1;safe;48;1;59;1,0
22;0,02;1;safe;49;1;59;1,0
22;0,02;1;safe;50;1;59;1,0
22;0,02;1;safe;51;0;16;
22;0,02;1;safe;52;1;59;1,0
22;0,02;1;safe;53;1;59;1,0
22;0,02;1;safe;54;1;59;1,0
22;0,02;1;safe;55;1;59;1,0
22;0,02;1;safe;56;0;14;
22;0,02;1;safe;57;0;58;
22;0,02;1;safe;58;1;59;1,0
22;0,02;1;safe;59;1;59;1,0
22;0,02;1;safe;60;1;59;1,0
22;0,02;1;safe;61;1;59;1,0
22;0,02;1;safe;62;1;59;1,0
22;0,02;1;safe;63;1;59;1,0
22;0,02;1;safe;64;1;59;1,0
22;0,02;1;safe;65;1;59;1,0
22;0,02;1;safe;66;1;59;1,0
22;0,02;1;safe;67;1;59;1,0
22;0,02;1;safe;68;1;59;1,0
22;0,02;1;safe;69;0;54;
22;0,02;1;safe;70;1;59;1,0
22;0,02;1;safe;71;1;59;1,0
22;0,02;1;safe;72;1;59;1,0
22;0,02;1;safe;73;1;59;1,0
22;0,02;1;safe;74;1;59;1,0
22;0,02;1;safe;75;1;59;1,0
22;0,02;1;safe;76;0;59;
22;0,02;1;safe;77;1;59;1,0
22;0,02;1;safe;78;0;47;
22;0,02;1;safe;79;1;59;1,0
22;0,02;1;safe;80;1;59;1,0
22;0,02;1;safe;81;1;59;1,0
22;0,02;1;safe;82;0;55;
22;0,02;1;safe;83;1;59;1,0
22;0,02;1;safe;84;1;59;1,0
22;0,02;1;safe;85;1;59;1,0
22;0,02;1;safe;86;1;59;1,0
22;0,02;1;safe;87;0;19;
22;0,02;1;safe;88;0;57;
22;0,02;1;safe;89;1;59;1,0
22;0,02;1;safe;90;1;59;1,0
22;0,02;1;safe;91;1;59;1,0
22;0,02;1;safe;92;0;15;
22;0,02;1;safe;93;1;59;1,0
22;0,02;1;safe;94;1;59;1,0
22;0,02;1;safe;95;1;59;1,0
22;0,02;1;safe;96;0;18;
22;0,02;1;safe;97;1;59;1,0
22;0,02;1;safe;98;1;59;1,0
22;0,02;1;safe;99;1;59;1,0
22;0,02;1;safe;100;1;59;1,0
22;0,02;1;predictive;1;1;59;1,0
22;0,02;1;predictive;2;1;59;1,0
22;0,02;1;predictive;3;1;59;1,0
22;0,02;1;predictive;4;1;102;0,5784313725490197
22;0,02;1;predictive;5;1;59;1,0
22;0,02;1;predictive;6;1;59;1,0
22;0,02;1;predictive;7;1;60;0,9833333333333333
22;0,02;1;predictive;8;1;123;0,4796747967479675
22;0,02;1;predictive;9;0;139;
22;0,02;1;predictive;10;1;59;1,0
22;0,02;1;predictive;11;1;59;1,0
22;0,02;1;predictive;12;1;59;1,0
22;0,02;1;predictive;13;1;59;1,0
22;0,02;1;predictive;14;1;59;1,0
22;0,02;1;predictive;15;1;59;1,0
22;0,02;1;predictive;16;1;59;1,0
22;0,02;1;predictive;17;1;93;0,6344086021505376
22;0,02;1;predictive;18;1;59;1,0
22;0,02;1;predictive;19;1;64;0,921875
22;0,02;1;predictive;20;1;59;1,0
22;0,02;1;predictive;21;1;59;1,0
22;0,02;1;predictive;22;1;59;1,0
22;0,02;1;predictive;23;1;59;1,0
22;0,02;1;predictive;24;1;59;1,0
22;0,02;1;predictive;25;1;59;1,0
22;0,02;1;predictive;26;1;59;1,0
22;0,02;1;predictive;27;1;111;0,5315315315315315
22;0,02;1;predictive;28;1;59;1,0
22;0,02;1;predictive;29;1;59;1,0
22;0,02;1;predictive;30;1;59;1,0
22;0,02;1;predictive;31;1;59;1,0
22;0,02;1;predictive;32;1;69;0,855072463768116
22;0,02;1;predictive;33;1;59;1,0
22;0,02;1;predictive;34;1;59;1,0
22;0,02;1;predictive;35;1;59;1,0
22;0,02;1;predictive;36;1;66;0,8939393939393939
22;0,02;1;predictive;37;1;59;1,0
22;0,02;1;predictive;38;1;111;0,5315315315315315
22;0,02;1;predictive;39;1;82;0,7195121951219512
22;0,02;1;predictive;40;1;59;1,0
22;0,02;1;predictive;41;1;59;1,0
22;0,02;1;predictive;42;1;59;1,0
22;0,02;1;predictive;43;1;59;1,0
22;0,02;1;predictive;44;1;59;1,0
22;0,02;1;predictive;45;1;59;1,0
22;0,02;1;predictive;46;1;59;1,0
22;0,02;1;predictive;47;1;59;1,0
22;0,02;1;predictive;48;1;59;1,0
22;0,02;1;predictive;49;1;59;1,0
22;0,02;1;predictive;50;1;102;0,5784313725490197
22;0,02;1;predictive;51;1;59;1,0
22;0,02;1;predictive;52;1;59;1,0
22;0,02;1;predictive;53;1;59;1,0
22;0,02;1;predictive;54;1;59;1,0
22;0,02;1;predictive;55;1;59;1,0
22;0,02;1;predictive;56;1;59;1,0
22;0,02;1;predictive;57;1;59;1,0
22;0,02;1;predictive;58;1;59;1,0
22;0,02;1;predictive;59;1;59;1,0
22;0,02;1;predictive;60;1;59;1,0
22;0,02;1;predictive;61;1;59;1,0
22;0,02;1;predictive;62;1;64;0,921875
22;0,02;1;predictive;63;1;60;0,9833333333333333
22;0,02;1;predictive;64;1;117;0,5042735042735043
22;0,02;1;predictive;65;1;77;0,7662337662337663
22;0,02;1;predictive;66;1;68;0,8676470588235294
22;0,02;1;predictive;67;1;59;1,0
22;0,02;1;predictive;68;1;59;1,0
22;0,02;1;predictive;69;1;59;1,0
22;0,02;1;predictive;70;1;59;1,0
22;0,02;1;predictive;71;1;59;1,0
22;0,02;1;predictive;72;1;59;1,0
22;0,02;1;predictive;73;1;59;1,0
22;0,02;1;predictive;74;1;59;1,0
22;0,02;1;predictive;75;1;59;1,0
22;0,02;1;predictive;76;1;59;1,0
22;0,02;1;predictive;77;1;59;1,0
22;0,02;1;predictive;78;1;59;1,0
22;0,02;1;predictive;79;1;144;0,4097222222222222
22;0,02;1;predictive;80;1;59;1,0
22;0,02;1;predictive;81;1;59;1,0
22;0,02;1;predictive;82;1;59;1,0
22;0,02;1;predictive;83;1;59;1,0
22;0,02;1;predictive;84;1;59;1,0
22;0,02;1;predictive;85;1;59;1,0
22;0,02;1;predictive;86;1;59;1,0
22;0,02;1;predictive;87;1;59;1,0
22;0,02;1;predictive;88;1;59;1,0
22;0,02;1;predictive;89;1;62;0,9516129032258065
22;0,02;1;predictive;90;1;59;1,0
22;0,02;1;predictive;91;1;59;1,0
22;0,02;1;predictive;92;1;59;1,0
22;0,02;1;predictive;93;1;59;1,0
22;0,02;1;predictive;94;1;59;1,0
22;0,02;1;predictive;95;1;59;1,0
22;0,02;1;predictive;96;1;59;1,0
22;0,02;1;predictive;97;1;59;1,0
22;0,02;1;predictive;98;1;59;1,0
22;0,02;1;predictive;99;1;59;1,0
22;0,02;1;predictive;100;1;61;0,9672131147540983
22;0,02;2;shortest;1;1;55;1,0
22;0,02;2;shortest;2;1;55;1,0
22;0,02;2;shortest;3;1;55;1,0
22;0,02;2;shortest;4;1;55;1,0
22;0,02;2;shortest;5;1;55;1,0
22;0,02;2;shortest;6;1;55;1,0
22;0,02;2;shortest;7;1;55;1,0
22;0,02;2;shortest;8;1;55;1,0
22;0,02;2;shortest;9;1;55;1,0
22;0,02;2;shortest;10;0;54;
22;0,02;2;shortest;11;1;55;1,0
22;0,02;2;shortest;12;1;55;1,0
22;0,02;2;shortest;13;1;55;1,0
22;0,02;2;shortest;14;1;55;1,0
22;0,02;2;shortest;15;1;55;1,0
22;0,02;2;shortest;16;1;55;1,0
22;0,02;2;shortest;17;1;55;1,0
22;0,02;2;shortest;18;1;55;1,0
22;0,02;2;shortest;19;1;55;1,0
22;0,02;2;shortest;20;1;55;1,0
22;0,02;2;shortest;21;1;55;1,0
22;0,02;2;shortest;22;1;55;1,0
22;0,02;2;shortest;23;1;55;1,0
22;0,02;2;shortest;24;1;55;1,0
22;0,02;2;shortest;25;1;55;1,0
22;0,02;2;shortest;26;1;55;1,0
22;0,02;2;shortest;27;1;55;1,0
22;0,02;2;shortest;28;1;55;1,0
22;0,02;2;shortest;29;1;55;1,0
22;0,02;2;shortest;30;1;55;1,0
22;0,02;2;shortest;31;1;55;1,0
22;0,02;2;shortest;32;1;55;1,0
22;0,02;2;shortest;33;1;55;1,0
22;0,02;2;shortest;34;1;55;1,0
22;0,02;2;shortest;35;1;55;1,0
22;0,02;2;shortest;36;0;54;
22;0,02;2;shortest;37;1;55;1,0
22;0,02;2;shortest;38;1;55;1,0
22;0,02;2;shortest;39;1;55;1,0
22;0,02;2;shortest;40;0;53;
22;0,02;2;shortest;41;1;55;1,0
22;0,02;2;shortest;42;1;55;1,0
22;0,02;2;shortest;43;1;55;1,0
22;0,02;2;shortest;44;1;55;1,0
22;0,02;2;shortest;45;1;55;1,0
22;0,02;2;shortest;46;0;54;
22;0,02;2;shortest;47;1;55;1,0
22;0,02;2;shortest;48;0;49;
22;0,02;2;shortest;49;1;55;1,0
22;0,02;2;shortest;50;1;55;1,0
22;0,02;2;shortest;51;0;52;
22;0,02;2;shortest;52;1;55;1,0
22;0,02;2;shortest;53;0;51;
22;0,02;2;shortest;54;1;55;1,0
22;0,02;2;shortest;55;1;55;1,0
22;0,02;2;shortest;56;1;55;1,0
22;0,02;2;shortest;57;1;55;1,0
22;0,02;2;shortest;58;1;55;1,0
22;0,02;2;shortest;59;1;55;1,0
22;0,02;2;shortest;60;1;55;1,0
22;0,02;2;shortest;61;1;55;1,0
22;0,02;2;shortest;62;1;55;1,0
22;0,02;2;shortest;63;1;55;1,0
22;0,02;2;shortest;64;1;55;1,0
22;0,02;2;shortest;65;1;55;1,0
22;0,02;2;shortest;66;1;55;1,0
22;0,02;2;shortest;67;1;55;1,0
22;0,02;2;shortest;68;1;55;1,0
22;0,02;2;shortest;69;1;55;1,0
22;0,02;2;shortest;70;1;55;1,0
22;0,02;2;shortest;71;1;55;1,0
22;0,02;2;shortest;72;1;55;1,0
22;0,02;2;shortest;73;1;55;1,0
22;0,02;2;shortest;74;1;55;1,0
22;0,02;2;shortest;75;1;55;1,0
22;0,02;2;shortest;76;1;55;1,0
22;0,02;2;shortest;77;1;55;1,0
22;0,02;2;shortest;78;1;55;1,0
22;0,02;2;shortest;79;1;55;1,0
22;0,02;2;shortest;80;1;55;1,0
22;0,02;2;shortest;81;1;55;1,0
22;0,02;2;shortest;82;1;55;1,0
22;0,02;2;shortest;83;1;55;1,0
22;0,02;2;shortest;84;1;55;1,0
22;0,02;2;shortest;85;1;55;1,0
22;0,02;2;shortest;86;1;55;1,0
22;0,02;2;shortest;87;1;55;1,0
22;0,02;2;shortest;88;1;55;1,0
22;0,02;2;shortest;89;1;55;1,0
22;0,02;2;shortest;90;1;55;1,0
22;0,02;2;shortest;91;1;55;1,0
22;0,02;2;shortest;92;1;55;1,0
22;0,02;2;shortest;93;1;55;1,0
22;0,02;2;shortest;94;0;46;
22;0,02;2;shortest;95;1;55;1,0
22;0,02;2;shortest;96;1;55;1,0
22;0,02;2;shortest;97;1;55;1,0
22;0,02;2;shortest;98;1;55;1,0
22;0,02;2;shortest;99;0;50;
22;0,02;2;shortest;100;1;55;1,0
22;0,02;2;safe;1;1;55;1,0
22;0,02;2;safe;2;1;55;1,0
22;0,02;2;safe;3;1;55;1,0
22;0,02;2;safe;4;1;55;1,0
22;0,02;2;safe;5;1;55;1,0
22;0,02;2;safe;6;1;55;1,0
22;0,02;2;safe;7;1;55;1,0
22;0,02;2;safe;8;1;55;1,0
22;0,02;2;safe;9;1;55;1,0
22;0,02;2;safe;10;0;54;
22;0,02;2;safe;11;1;55;1,0
22;0,02;2;safe;12;1;55;1,0
22;0,02;2;safe;13;1;55;1,0
22;0,02;2;safe;14;1;55;1,0
22;0,02;2;safe;15;1;55;1,0
22;0,02;2;safe;16;1;55;1,0
22;0,02;2;safe;17;1;55;1,0
22;0,02;2;safe;18;1;55;1,0
22;0,02;2;safe;19;0;50;
22;0,02;2;safe;20;1;55;1,0
22;0,02;2;safe;21;0;54;
22;0,02;2;safe;22;1;55;1,0
22;0,02;2;safe;23;1;55;1,0
22;0,02;2;safe;24;1;55;1,0
22;0,02;2;safe;25;1;55;1,0
22;0,02;2;safe;26;1;55;1,0
22;0,02;2;safe;27;1;55;1,0
22;0,02;2;safe;28;1;55;1,0
22;0,02;2;safe;29;1;55;1,0
22;0,02;2;safe;30;0;49;
22;0,02;2;safe;31;1;55;1,0
22;0,02;2;safe;32;1;55;1,0
22;0,02;2;safe;33;1;55;1,0
22;0,02;2;safe;34;1;55;1,0
22;0,02;2;safe;35;1;55;1,0
22;0,02;2;safe;36;1;55;1,0
22;0,02;2;safe;37;1;55;1,0
22;0,02;2;safe;38;1;55;1,0
22;0,02;2;safe;39;0;54;
22;0,02;2;safe;40;1;55;1,0
22;0,02;2;safe;41;1;55;1,0
22;0,02;2;safe;42;1;55;1,0
22;0,02;2;safe;43;1;55;1,0
22;0,02;2;safe;44;1;55;1,0
22;0,02;2;safe;45;1;55;1,0
22;0,02;2;safe;46;1;55;1,0
22;0,02;2;safe;47;1;55;1,0
22;0,02;2;safe;48;1;55;1,0
22;0,02;2;safe;49;0;53;
22;0,02;2;safe;50;1;55;1,0
22;0,02;2;safe;51;0;49;
22;0,02;2;safe;52;1;55;1,0
22;0,02;2;safe;53;1;55;1,0
22;0,02;2;safe;54;1;55;1,0
22;0,02;2;safe;55;1;55;1,0
22;0,02;2;safe;56;1;55;1,0
22;0,02;2;safe;57;1;55;1,0
22;0,02;2;safe;58;1;55;1,0
22;0,02;2;safe;59;0;52;
22;0,02;2;safe;60;1;55;1,0
22;0,02;2;safe;61;1;55;1,0
22;0,02;2;safe;62;0;53;
22;0,02;2;safe;63;1;55;1,0
22;0,02;2;safe;64;1;55;1,0
22;0,02;2;safe;65;1;55;1,0
22;0,02;2;safe;66;1;55;1,0
22;0,02;2;safe;67;1;55;1,0
22;0,02;2;safe;68;1;55;1,0
22;0,02;2;safe;69;1;55;1,0
22;0,02;2;safe;70;1;55;1,0
22;0,02;2;safe;71;1;55;1,0
22;0,02;2;safe;72;1;55;1,0
22;0,02;2;safe;73;1;55;1,0
22;0,02;2;safe;74;1;55;1,0
22;0,02;2;safe;75;1;55;1,0
22;0,02;2;safe;76;1;55;1,0
22;0,02;2;safe;77;0;51;
22;0,02;2;safe;78;1;55;1,0
22;0,02;2;safe;79;1;55;1,0
22;0,02;2;safe;80;1;55;1,0
22;0,02;2;safe;81;1;55;1,0
22;0,02;2;safe;82;1;55;1,0
22;0,02;2;safe;83;1;55;1,0
22;0,02;2;safe;84;1;55;1,0
22;0,02;2;safe;85;1;55;1,0
22;0,02;2;safe;86;1;55;1,0
22;0,02;2;safe;87;1;55;1,0
22;0,02;2;safe;88;1;55;1,0
22;0,02;2;safe;89;1;55;1,0
22;0,02;2;safe;90;1;55;1,0
22;0,02;2;safe;91;0;54;
22;0,02;2;safe;92;1;55;1,0
22;0,02;2;safe;93;1;55;1,0
22;0,02;2;safe;94;1;55;1,0
22;0,02;2;safe;95;1;55;1,0
22;0,02;2;safe;96;1;55;1,0
22;0,02;2;safe;97;1;55;1,0
22;0,02;2;safe;98;1;55;1,0
22;0,02;2;safe;99;1;55;1,0
22;0,02;2;safe;100;1;55;1,0
22;0,02;2;predictive;1;1;55;1,0
22;0,02;2;predictive;2;1;55;1,0
22;0,02;2;predictive;3;1;55;1,0
22;0,02;2;predictive;4;1;55;1,0
22;0,02;2;predictive;5;1;55;1,0
22;0,02;2;predictive;6;1;55;1,0
22;0,02;2;predictive;7;1;55;1,0
22;0,02;2;predictive;8;1;55;1,0
22;0,02;2;predictive;9;1;55;1,0
22;0,02;2;predictive;10;1;67;0,8208955223880597
22;0,02;2;predictive;11;1;55;1,0
22;0,02;2;predictive;12;1;55;1,0
22;0,02;2;predictive;13;1;55;1,0
22;0,02;2;predictive;14;1;55;1,0
22;0,02;2;predictive;15;1;55;1,0
22;0,02;2;predictive;16;1;55;1,0
22;0,02;2;predictive;17;1;55;1,0
22;0,02;2;predictive;18;1;55;1,0
22;0,02;2;predictive;19;1;55;1,0
22;0,02;2;predictive;20;1;55;1,0
22;0,02;2;predictive;21;1;55;1,0
22;0,02;2;predictive;22;1;55;1,0
22;0,02;2;predictive;23;1;55;1,0
22;0,02;2;predictive;24;1;55;1,0
22;0,02;2;predictive;25;1;55;1,0
22;0,02;2;predictive;26;1;55;1,0
22;0,02;2;predictive;27;1;55;1,0
22;0,02;2;predictive;28;1;55;1,0
22;0,02;2;predictive;29;1;55;1,0
22;0,02;2;predictive;30;1;59;0,9322033898305084
22;0,02;2;predictive;31;1;55;1,0
22;0,02;2;predictive;32;1;55;1,0
22;0,02;2;predictive;33;1;55;1,0
22;0,02;2;predictive;34;1;55;1,0
22;0,02;2;predictive;35;1;55;1,0
22;0,02;2;predictive;36;1;55;1,0
22;0,02;2;predictive;37;1;55;1,0
22;0,02;2;predictive;38;1;69;0,7971014492753623
22;0,02;2;predictive;39;1;55;1,0
22;0,02;2;predictive;40;0;68;
22;0,02;2;predictive;41;1;111;0,4954954954954955
22;0,02;2;predictive;42;1;55;1,0
22;0,02;2;predictive;43;1;55;1,0
22;0,02;2;predictive;44;1;55;1,0
22;0,02;2;predictive;45;1;96;0,5729166666666666
22;0,02;2;predictive;46;1;55;1,0
22;0,02;2;predictive;47;1;55;1,0
22;0,02;2;predictive;48;1;55;1,0
22;0,02;2;predictive;49;1;55;1,0
22;0,02;2;predictive;50;1;55;1,0
22;0,02;2;predictive;51;1;55;1,0
22;0,02;2;predictive;52;1;55;1,0
22;0,02;2;predictive;53;1;55;1,0
22;0,02;2;predictive;54;1;55;1,0
22;0,02;2;predictive;55;1;55;1,0
22;0,02;2;predictive;56;1;55;1,0
22;0,02;2;predictive;57;1;55;1,0
22;0,02;2;predictive;58;1;55;1,0
22;0,02;2;predictive;59;1;63;0,873015873015873
22;0,02;2;predictive;60;1;55;1,0
22;0,02;2;predictive;61;1;55;1,0
22;0,02;2;predictive;62;1;55;1,0
22;0,02;2;predictive;63;1;55;1,0
22;0,02;2;predictive;64;1;55;1,0
22;0,02;2;predictive;65;1;55;1,0
22;0,02;2;predictive;66;1;55;1,0
22;0,02;2;predictive;67;1;55;1,0
22;0,02;2;predictive;68;1;55;1,0
22;0,02;2;predictive;69;1;55;1,0
22;0,02;2;predictive;70;1;55;1,0
22;0,02;2;predictive;71;1;55;1,0
22;0,02;2;predictive;72;1;55;1,0
22;0,02;2;predictive;73;1;55;1,0
22;0,02;2;predictive;74;1;55;1,0
22;0,02;2;predictive;75;1;55;1,0
22;0,02;2;predictive;76;1;60;0,9166666666666666
22;0,02;2;predictive;77;1;55;1,0
22;0,02;2;predictive;78;1;55;1,0
22;0,02;2;predictive;79;1;55;1,0
22;0,02;2;predictive;80;1;55;1,0
22;0,02;2;predictive;81;1;55;1,0
22;0,02;2;predictive;82;1;55;1,0
22;0,02;2;predictive;83;1;55;1,0
22;0,02;2;predictive;84;1;71;0,7746478873239436
22;0,02;2;predictive;85;1;55;1,0
22;0,02;2;predictive;86;1;55;1,0
22;0,02;2;predictive;87;1;55;1,0
22;0,02;2;predictive;88;1;55;1,0
22;0,02;2;predictive;89;1;55;1,0
22;0,02;2;predictive;90;1;55;1,0
22;0,02;2;predictive;91;1;61;0,9016393442622951
22;0,02;2;predictive;92;1;55;1,0
22;0,02;2;predictive;93;1;55;1,0
22;0,02;2;predictive;94;1;55;1,0
22;0,02;2;predictive;95;1;55;1,0
22;0,02;2;predictive;96;1;56;0,9821428571428571
22;0,02;2;predictive;97;1;55;1,0
22;0,02;2;predictive;98;1;55;1,0
22;0,02;2;predictive;99;1;55;1,0
22;0,02;2;predictive;100;1;55;1,0
22;0,02;3;shortest;1;1;41;1,0
22;0,02;3;shortest;2;1;41;1,0
22;0,02;3;shortest;3;1;41;1,0
22;0,02;3;shortest;4;1;41;1,0
22;0,02;3;shortest;5;1;41;1,0
22;0,02;3;shortest;6;0;40;
22;0,02;3;shortest;7;0;40;
22;0,02;3;shortest;8;1;41;1,0
22;0,02;3;shortest;9;1;41;1,0
22;0,02;3;shortest;10;1;41;1,0
22;0,02;3;shortest;11;1;41;1,0
22;0,02;3;shortest;12;1;41;1,0
22;0,02;3;shortest;13;1;41;1,0
22;0,02;3;shortest;14;1;41;1,0
22;0,02;3;shortest;15;1;41;1,0
22;0,02;3;shortest;16;1;41;1,0
22;0,02;3;shortest;17;1;41;1,0
22;0,02;3;shortest;18;1;41;1,0
22;0,02;3;shortest;19;1;41;1,0
22;0,02;3;shortest;20;1;41;1,0
22;0,02;3;shortest;21;1;41;1,0
22;0,02;3;shortest;22;1;41;1,0
22;0,02;3;shortest;23;1;41;1,0
22;0,02;3;shortest;24;1;41;1,0
22;0,02;3;shortest;25;1;41;1,0
22;0,02;3;shortest;26;1;41;1,0
22;0,02;3;shortest;27;1;41;1,0
22;0,02;3;shortest;28;1;41;1,0
22;0,02;3;shortest;29;1;41;1,0
22;0,02;3;shortest;30;1;41;1,0
22;0,02;3;shortest;31;1;41;1,0
22;0,02;3;shortest;32;1;41;1,0
22;0,02;3;shortest;33;1;41;1,0
22;0,02;3;shortest;34;1;41;1,0
22;0,02;3;shortest;35;0;38;
22;0,02;3;shortest;36;1;41;1,0
22;0,02;3;shortest;37;1;41;1,0
22;0,02;3;shortest;38;1;41;1,0
22;0,02;3;shortest;39;1;41;1,0
22;0,02;3;shortest;40;1;41;1,0
22;0,02;3;shortest;41;1;41;1,0
22;0,02;3;shortest;42;1;41;1,0
22;0,02;3;shortest;43;0;38;
22;0,02;3;shortest;44;1;41;1,0
22;0,02;3;shortest;45;1;41;1,0
22;0,02;3;shortest;46;1;41;1,0
22;0,02;3;shortest;47;1;41;1,0
22;0,02;3;shortest;48;0;32;
22;0,02;3;shortest;49;0;36;
22;0,02;3;shortest;50;1;41;1,0
22;0,02;3;shortest;51;1;41;1,0
22;0,02;3;shortest;52;1;41;1,0
22;0,02;3;shortest;53;1;41;1,0
22;0,02;3;shortest;54;1;41;1,0
22;0,02;3;shortest;55;1;41;1,0
22;0,02;3;shortest;56;1;41;1,0
22;0,02;3;shortest;57;1;41;1,0
22;0,02;3;shortest;58;1;41;1,0
22;0,02;3;shortest;59;1;41;1,0
22;0,02;3;shortest;60;1;41;1,0
22;0,02;3;shortest;61;1;41;1,0
22;0,02;3;shortest;62;1;41;1,0
22;0,02;3;shortest;63;1;41;1,0
22;0,02;3;shortest;64;1;41;1,0
22;0,02;3;shortest;65;1;41;1,0
22;0,02;3;shortest;66;1;41;1,0
22;0,02;3;shortest;67;1;41;1,0
22;0,02;3;shortest;68;1;41;1,0
22;0,02;3;shortest;69;1;41;1,0
22;0,02;3;shortest;70;1;41;1,0
22;0,02;3;shortest;71;0;38;
22;0,02;3;shortest;72;1;41;1,0
22;0,02;3;shortest;73;1;41;1,0
22;0,02;3;shortest;74;1;41;1,0
22;0,02;3;shortest;75;0;37;
22;0,02;3;shortest;76;1;41;1,0
22;0,02;3;shortest;77;1;41;1,0
22;0,02;3;shortest;78;0;38;
22;0,02;3;shortest;79;0;38;
22;0,02;3;shortest;80;1;41;1,0
22;0,02;3;shortest;81;1;41;1,0
22;0,02;3;shortest;82;1;41;1,0
22;0,02;3;shortest;83;1;41;1,0
22;0,02;3;shortest;84;1;41;1,0
22;0,02;3;shortest;85;1;41;1,0
22;0,02;3;shortest;86;1;41;1,0
22;0,02;3;shortest;87;1;41;1,0
22;0,02;3;shortest;88;1;41;1,0
22;0,02;3;shortest;89;1;41;1,0
22;0,02;3;shortest;90;1;41;1,0
22;0,02;3;shortest;91;1;41;1,0
22;0,02;3;shortest;92;1;41;1,0
22;0,02;3;shortest;93;1;41;1,0
22;0,02;3;shortest;94;1;41;1,0
22;0,02;3;shortest;95;1;41;1,0
22;0,02;3;shortest;96;1;41;1,0
22;0,02;3;shortest;97;0;39;
22;0,02;3;shortest;98;1;41;1,0
22;0,02;3;shortest;99;1;41;1,0
22;0,02;3;shortest;100;1;41;1,0
22;0,02;3;safe;1;1;41;1,0
22;0,02;3;safe;2;1;41;1,0
22;0,02;3;safe;3;1;41;1,0
22;0,02;3;safe;4;1;41;1,0
22;0,02;3;safe;5;1;41;1,0
22;0,02;3;safe;6;1;42;0,9761904761904762
22;0,02;3;safe;7;1;41;1,0
22;0,02;3;safe;8;1;41;1,0
22;0,02;3;safe;9;1;41;1,0
22;0,02;3;safe;10;0;38;
22;0,02;3;safe;11;1;41;1,0
22;0,02;3;safe;12;1;41;1,0
22;0,02;3;safe;13;1;41;1,0
22;0,02;3;safe;14;1;41;1,0
22;0,02;3;safe;15;1;41;1,0
22;0,02;3;safe;16;1;41;1,0
22;0,02;3;safe;17;1;41;1,0
22;0,02;3;safe;18;1;41;1,0
22;0,02;3;safe;19;0;40;
22;0,02;3;safe;20;1;41;1,0
22;0,02;3;safe;21;1;41;1,0
22;0,02;3;safe;22;1;41;1,0
22;0,02;3;safe;23;1;41;1,0
22;0,02;3;safe;24;0;37;
22;0,02;3;safe;25;1;41;1,0
22;0,02;3;safe;26;0;41;
22;0,02;3;safe;27;1;41;1,0
22;0,02;3;safe;28;1;42;0,9761904761904762
22;0,02;3;safe;29;1;41;1,0
22;0,02;3;safe;30;0;40;
22;0,02;3;safe;31;1;41;1,0
22;0,02;3;safe;32;1;41;1,0
22;0,02;3;safe;33;1;41;1,0
22;0,02;3;safe;34;1;41;1,0
22;0,02;3;safe;35;1;41;1,0
22;0,02;3;safe;36;1;41;1,0
22;0,02;3;safe;37;0;38;
22;0,02;3;safe;38;1;41;1,0
22;0,02;3;safe;39;1;41;1,0
22;0,02;3;safe;40;1;41;1,0
22;0,02;3;safe;41;1;41;1,0
22;0,02;3;safe;42;1;41;1,0
22;0,02;3;safe;43;1;41;1,0
22;0,02;3;safe;44;1;41;1,0
22;0,02;3;safe;45;1;41;1,0
22;0,02;3;safe;46;1;41;1,0
22;0,02;3;safe;47;1;41;1,0
22;0,02;3;safe;48;1;41;1,0
22;0,02;3;safe;49;1;41;1,0
22;0,02;3;safe;50;1;41;1,0
22;0,02;3;safe;51;1;41;1,0
22;0,02;3;safe;52;1;41;1,0
22;0,02;3;safe;53;1;41;1,0
22;0,02;3;safe;54;1;41;1,0
22;0,02;3;safe;55;1;41;1,0
22;0,02;3;safe;56;1;41;1,0
22;0,02;3;safe;57;1;41;1,0
22;0,02;3;safe;58;1;41;1,0
22;0,02;3;safe;59;1;41;1,0
22;0,02;3;safe;60;1;41;1,0
22;0,02;3;safe;61;1;41;1,0
22;0,02;3;safe;62;1;41;1,0
22;0,02;3;safe;63;1;41;1,0
22;0,02;3;safe;64;1;41;1,0
22;0,02;3;safe;65;1;41;1,0
22;0,02;3;safe;66;1;41;1,0
22;0,02;3;safe;67;1;41;1,0
22;0,02;3;safe;68;1;41;1,0
22;0,02;3;safe;69;1;41;1,0
22;0,02;3;safe;70;0;38;
22;0,02;3;safe;71;0;38;
22;0,02;3;safe;72;1;41;1,0
22;0,02;3;safe;73;1;41;1,0
22;0,02;3;safe;74;1;41;1,0
22;0,02;3;safe;75;1;41;1,0
22;0,02;3;safe;76;0;35;
22;0,02;3;safe;77;1;41;1,0
22;0,02;3;safe;78;1;41;1,0
22;0,02;3;safe;79;1;41;1,0
22;0,02;3;safe;80;1;41;1,0
22;0,02;3;safe;81;1;41;1,0
22;0,02;3;safe;82;1;41;1,0
22;0,02;3;safe;83;1;41;1,0
22;0,02;3;safe;84;1;41;1,0
22;0,02;3;safe;85;1;42;0,9761904761904762
22;0,02;3;safe;86;1;41;1,0
22;0,02;3;safe;87;1;41;1,0
22;0,02;3;safe;88;0;35;
22;0,02;3;safe;89;0;38;
22;0,02;3;safe;90;1;41;1,0
22;0,02;3;safe;91;1;41;1,0
22;0,02;3;safe;92;1;41;1,0
22;0,02;3;safe;93;1;41;1,0
22;0,02;3;safe;94;1;41;1,0
22;0,02;3;safe;95;0;40;
22;0,02;3;safe;96;1;41;1,0
22;0,02;3;safe;97;1;41;1,0
22;0,02;3;safe;98;1;41;1,0
22;0,02;3;safe;99;1;41;1,0
22;0,02;3;safe;100;1;41;1,0
22;0,02;3;predictive;1;1;41;1,0
22;0,02;3;predictive;2;1;41;1,0
22;0,02;3;predictive;3;1;41;1,0
22;0,02;3;predictive;4;1;41;1,0
22;0,02;3;predictive;5;1;41;1,0
22;0,02;3;predictive;6;1;43;0,9534883720930233
22;0,02;3;predictive;7;1;41;1,0
22;0,02;3;predictive;8;1;41;1,0
22;0,02;3;predictive;9;1;41;1,0
22;0,02;3;predictive;10;1;41;1,0
22;0,02;3;predictive;11;1;41;1,0
22;0,02;3;predictive;12;1;41;1,0
22;0,02;3;predictive;13;1;41;1,0
22;0,02;3;predictive;14;1;41;1,0
22;0,02;3;predictive;15;1;41;1,0
22;0,02;3;predictive;16;1;41;1,0
22;0,02;3;predictive;17;1;41;1,0
22;0,02;3;predictive;18;1;41;1,0
22;0,02;3;predictive;19;1;41;1,0
22;0,02;3;predictive;20;1;42;0,9761904761904762
22;0,02;3;predictive;21;1;41;1,0
22;0,02;3;predictive;22;1;41;1,0
22;0,02;3;predictive;23;1;41;1,0
22;0,02;3;predictive;24;1;41;1,0
22;0,02;3;predictive;25;1;41;1,0
22;0,02;3;predictive;26;1;41;1,0
22;0,02;3;predictive;27;1;41;1,0
22;0,02;3;predictive;28;1;65;0,6307692307692307
22;0,02;3;predictive;29;1;41;1,0
22;0,02;3;predictive;30;1;41;1,0
22;0,02;3;predictive;31;1;41;1,0
22;0,02;3;predictive;32;1;41;1,0
22;0,02;3;predictive;33;1;42;0,9761904761904762
22;0,02;3;predictive;34;1;41;1,0
22;0,02;3;predictive;35;1;41;1,0
22;0,02;3;predictive;36;1;71;0,5774647887323944
22;0,02;3;predictive;37;1;51;0,803921568627451
22;0,02;3;predictive;38;1;41;1,0
22;0,02;3;predictive;39;1;41;1,0
22;0,02;3;predictive;40;1;41;1,0
22;0,02;3;predictive;41;1;46;0,8913043478260869
22;0,02;3;predictive;42;1;41;1,0
22;0,02;3;predictive;43;1;41;1,0
22;0,02;3;predictive;44;1;41;1,0
22;0,02;3;predictive;45;1;41;1,0
22;0,02;3;predictive;46;1;41;1,0
22;0,02;3;predictive;47;1;41;1,0
22;0,02;3;predictive;48;1;41;1,0
22;0,02;3;predictive;49;1;52;0,7884615384615384
22;0,02;3;predictive;50;1;41;1,0
22;0,02;3;predictive;51;1;41;1,0
22;0,02;3;predictive;52;1;42;0,9761904761904762
22;0,02;3;predictive;53;1;41;1,0
22;0,02;3;predictive;54;1;41;1,0
22;0,02;3;predictive;55;1;41;1,0
22;0,02;3;predictive;56;1;41;1,0
22;0,02;3;predictive;57;1;41;1,0
22;0,02;3;predictive;58;1;41;1,0
22;0,02;3;predictive;59;1;41;1,0
22;0,02;3;predictive;60;1;46;0,8913043478260869
22;0,02;3;predictive;61;1;44;0,9318181818181818
22;0,02;3;predictive;62;1;41;1,0
22;0,02;3;predictive;63;1;41;1,0
22;0,02;3;predictive;64;1;41;1,0
22;0,02;3;predictive;65;1;41;1,0
22;0,02;3;predictive;66;1;41;1,0
22;0,02;3;predictive;67;1;41;1,0
22;0,02;3;predictive;68;1;51;0,803921568627451
22;0,02;3;predictive;69;1;44;0,9318181818181818
22;0,02;3;predictive;70;1;41;1,0
22;0,02;3;predictive;71;1;41;1,0
22;0,02;3;predictive;72;1;41;1,0
22;0,02;3;predictive;73;1;41;1,0
22;0,02;3;predictive;74;1;41;1,0
22;0,02;3;predictive;75;1;41;1,0
22;0,02;3;predictive;76;1;41;1,0
22;0,02;3;predictive;77;1;41;1,0
22;0,02;3;predictive;78;1;41;1,0
22;0,02;3;predictive;79;1;41;1,0
22;0,02;3;predictive;80;1;41;1,0
22;0,02;3;predictive;81;1;41;1,0
22;0,02;3;predictive;82;1;41;1,0
22;0,02;3;predictive;83;1;52;0,7884615384615384
22;0,02;3;predictive;84;1;41;1,0
22;0,02;3;predictive;85;1;41;1,0
22;0,02;3;predictive;86;1;41;1,0
22;0,02;3;predictive;87;1;57;0,7192982456140351
22;0,02;3;predictive;88;1;41;1,0
22;0,02;3;predictive;89;1;41;1,0
22;0,02;3;predictive;90;1;41;1,0
22;0,02;3;predictive;91;1;41;1,0
22;0,02;3;predictive;92;1;41;1,0
22;0,02;3;predictive;93;1;41;1,0
22;0,02;3;predictive;94;1;41;1,0
22;0,02;3;predictive;95;1;41;1,0
22;0,02;3;predictive;96;1;41;1,0
22;0,02;3;predictive;97;1;41;1,0
22;0,02;3;predictive;98;1;41;1,0
22;0,02;3;predictive;99;1;41;1,0
22;0,02;3;predictive;100;1;41;1,0
22;0,03;1;shortest;1;0;12;
22;0,03;1;shortest;2;1;59;1,0
22;0,03;1;shortest;3;0;16;
22;0,03;1;shortest;4;1;59;1,0
22;0,03;1;shortest;5;0;16;
22;0,03;1;shortest;6;1;59;1,0
22;0,03;1;shortest;7;1;59;1,0
22;0,03;1;shortest;8;1;59;1,0
22;0,03;1;shortest;9;1;59;1,0
22;0,03;1;shortest;10;0;14;
22;0,03;1;shortest;11;0;56;
22;0,03;1;shortest;12;1;59;1,0
22;0,03;1;shortest;13;1;59;1,0
22;0,03;1;shortest;14;1;59;1,0
22;0,03;1;shortest;15;1;59;1,0
22;0,03;1;shortest;16;1;59;1,0
22;0,03;1;shortest;17;1;59;1,0
22;0,03;1;shortest;18;1;59;1,0
22;0,03;1;shortest;19;1;59;1,0
22;0,03;1;shortest;20;0;57;
22;0,03;1;shortest;21;1;59;1,0
22;0,03;1;shortest;22;0;57;
22;0,03;1;shortest;23;0;48;
22;0,03;1;shortest;24;1;59;1,0
22;0,03;1;shortest;25;1;59;1,0
22;0,03;1;shortest;26;1;59;1,0
22;0,03;1;shortest;27;1;59;1,0
22;0,03;1;shortest;28;1;59;1,0
22;0,03;1;shortest;29;1;59;1,0
22;0,03;1;shortest;30;1;59;1,0
22;0,03;1;shortest;31;1;59;1,0
22;0,03;1;shortest;32;1;59;1,0
22;0,03;1;shortest;33;1;59;1,0
22;0,03;1;shortest;34;0;51;
22;0,03;1;shortest;35;1;59;1,0
22;0,03;1;shortest;36;1;59;1,0
22;0,03;1;shortest;37;0;58;
22;0,03;1;shortest;38;0;53;
22;0,03;1;shortest;39;1;59;1,0
22;0,03;1;shortest;40;1;59;1,0
22;0,03;1;shortest;41;0;54;
22;0,03;1;shortest;42;1;59;1,0
22;0,03;1;shortest;43;1;59;1,0
22;0,03;1;shortest;44;1;59;1,0
22;0,03;1;shortest;45;1;59;1,0
22;0,03;1;shortest;46;0;15;
22;0,03;1;shortest;47;1;59;1,0
22;0,03;1;shortest;48;1;59;1,0
22;0,03;1;shortest;49;1;59;1,0
22;0,03;1;shortest;50;1;59;1,0
22;0,03;1;shortest;51;1;59;1,0
22;0,03;1;shortest;52;0;16;
22;0,03;1;shortest;53;1;59;1,0
22;0,03;1;shortest;54;1;59;1,0
22;0,03;1;shortest;55;1;59;1,0
22;0,03;1;shortest;56;1;59;1,0
22;0,03;1;shortest;57;1;59;1,0
22;0,03;1;shortest;58;0;53;
22;0,03;1;shortest;59;1;59;1,0
22;0,03;1;shortest;60;0;56;
22;0,03;1;shortest;61;1;59;1,0
22;0,03;1;shortest;62;1;59;1,0
22;0,03;1;shortest;63;1;59;1,0
22;0,03;1;shortest;64;1;59;1,0
22;0,03;1;shortest;65;1;59;1,0
22;0,03;1;shortest;66;0;58;
22;0,03;1;shortest;67;1;59;1,0
22;0,03;1;shortest;68;1;59;1,0
22;0,03;1;shortest;69;1;59;1,0
22;0,03;1;shortest;70;1;59;1,0
22;0,03;1;shortest;71;0;16;
22;0,03;1;shortest;72;0;53;
22;0,03;1;shortest;73;0;53;
22;0,03;1;shortest;74;1;59;1,0
22;0,03;1;shortest;75;1;59;1,0
22;0,03;1;shortest;76;1;59;1,0
22;0,03;1;shortest;77;1;59;1,0
22;0,03;1;shortest;78;1;59;1,0
22;0,03;1;shortest;79;0;19;
22;0,03;1;shortest;80;1;59;1,0
22;0,03;1;shortest;81;1;59;1,0
22;0,03;1;shortest;82;1;59;1,0
22;0,03;1;shortest;83;0;13;
22;0,03;1;shortest;84;0;55;
22;0,03;1;shortest;85;1;59;1,0
22;0,03;1;shortest;86;1;59;1,0
22;0,03;1;shortest;87;1;59;1,0
22;0,03;1;shortest;88;0;47;
22;0,03;1;shortest;89;1;59;1,0
22;0,03;1;shortest;90;1;59;1,0
22;0,03;1;shortest;91;1;59;1,0
22;0,03;1;shortest;92;1;59;1,0
22;0,03;1;shortest;93;0;55;
22;0,03;1;shortest;94;1;59;1,0
22;0,03;1;shortest;95;0;55;
22;0,03;1;shortest;96;0;16;
22;0,03;1;shortest;97;0;58;
22;0,03;1;shortest;98;1;59;1,0
22;0,03;1;shortest;99;1;59;1,0
22;0,03;1;shortest;100;1;59;1,0
22;0,03;1;safe;1;0;12;
22;0,03;1;safe;2;1;59;1,0
22;0,03;1;safe;3;1;60;0,9833333333333333
22;0,03;1;safe;4;0;52;
22;0,03;1;safe;5;1;59;1,0
22;0,03;1;safe;6;0;15;
22;0,03;1;safe;7;0;58;
22;0,03;1;safe;8;1;59;1,0
22;0,03;1;safe;9;1;59;1,0
22;0,03;1;safe;10;1;59;1,0
22;0,03;1;safe;11;1;59;1,0
22;0,03;1;safe;12;1;59;1,0
22;0,03;1;safe;13;1;59;1,0
22;0,03;1;safe;14;1;59;1,0
22;0,03;1;safe;15;1;60;0,9833333333333333
22;0,03;1;safe;16;1;59;1,0
22;0,03;1;safe;17;1;59;1,0
22;0,03;1;safe;18;1;59;1,0
22;0,03;1;safe;19;1;59;1,0
22;0,03;1;safe;20;0;57;
22;0,03;1;safe;21;1;59;1,0
22;0,03;1;safe;22;1;59;1,0
22;0,03;1;safe;23;1;59;1,0
22;0,03;1;safe;24;1;59;1,0
22;0,03;1;safe;25;0;51;
22;0,03;1;safe;26;1;59;1,0
22;0,03;1;safe;27;1;59;1,0
22;0,03;1;safe;28;1;59;1,0
22;0,03;1;safe;29;1;59;1,0
22;0,03;1;safe;30;1;59;1,0
22;0,03;1;safe;31;1;59;1,0
22;0,03;1;safe;32;1;59;1,0
22;0,03;1;safe;33;1;59;1,0
22;0,03;1;safe;34;0;19;
22;0,03;1;safe;35;1;59;1,0
22;0,03;1;safe;36;1;59;1,0
22;0,03;1;safe;37;1;59;1,0
22;0,03;1;safe;38;1;59;1,0
22;0,03;1;safe;39;1;59;1,0
22;0,03;1;safe;40;1;59;1,0
22;0,03;1;safe;41;0;54;
22;0,03;1;safe;42;0;52;
22;0,03;1;safe;43;1;59;1,0
22;0,03;1;safe;44;1;59;1,0
22;0,03;1;safe;45;1;59;1,0
22;0,03;1;safe;46;1;59;1,0
22;0,03;1;safe;47;1;59;1,0
22;0,03;1;safe;48;1;59;1,0
22;0,03;1;safe;49;0;55;
22;0,03;1;safe;50;1;59;1,0
22;0,03;1;safe;51;0;17;
22;0,03;1;safe;52;1;59;1,0
22;0,03;1;safe;53;1;59;1,0
22;0,03;1;safe;54;0;55;
22;0,03;1;safe;55;0;52;
22;0,03;1;safe;56;1;59;1,0
22;0,03;1;safe;57;1;59;1,0
22;0,03;1;safe;58;1;59;1,0
22;0,03;1;safe;59;1;59;1,0
22;0,03;1;safe;60;0;58;
22;0,03;1;safe;61;1;59;1,0
22;0,03;1;safe;62;1;59;1,0
22;0,03;1;safe;63;1;59;1,0
22;0,03;1;safe;64;1;59;1,0
22;0,03;1;safe;65;1;59;1,0
22;0,03;1;safe;66;1;59;1,0
22;0,03;1;safe;67;1;59;1,0
22;0,03;1;safe;68;1;59;1,0
22;0,03;1;safe;69;1;59;1,0
22;0,03;1;safe;70;1;59;1,0
22;0,03;1;safe;71;0;16;
22;0,03;1;safe;72;0;57;
22;0,03;1;safe;73;1;59;1,0
22;0,03;1;safe;74;1;59;1,0
22;0,03;1;safe;75;1;59;1,0
22;0,03;1;safe;76;0;57;
22;0,03;1;safe;77;0;47;
22;0,03;1;safe;78;0;50;
22;0,03;1;safe;79;1;59;1,0
22;0,03;1;safe;80;0;56;
22;0,03;1;safe;81;0;58;
22;0,03;1;safe;82;1;59;1,0
22;0,03;1;safe;83;1;59;1,0
22;0,03;1;safe;84;1;59;1,0
22;0,03;1;safe;85;1;59;1,0
22;0,03;1;safe;86;1;59;1,0
22;0,03;1;safe;87;1;59;1,0
22;0,03;1;safe;88;0;57;
22;0,03;1;safe;89;1;59;1,0
22;0,03;1;safe;90;1;59;1,0
22;0,03;1;safe;91;1;59;1,0
22;0,03;1;safe;92;0;53;
22;0,03;1;safe;93;1;59;1,0
22;0,03;1;safe;94;1;59;1,0
22;0,03;1;safe;95;1;59;1,0
22;0,03;1;safe;96;1;59;1,0
22;0,03;1;safe;97;1;59;1,0
22;0,03;1;safe;98;1;59;1,0
22;0,03;1;safe;99;1;59;1,0
22;0,03;1;safe;100;0;16;
22;0,03;1;predictive;1;1;123;0,4796747967479675
22;0,03;1;predictive;2;1;59;1,0
22;0,03;1;predictive;3;1;59;1,0
22;0,03;1;predictive;4;1;59;1,0
22;0,03;1;predictive;5;1;59;1,0
22;0,03;1;predictive;6;1;61;0,9672131147540983
22;0,03;1;predictive;7;1;59;1,0
22;0,03;1;predictive;8;1;59;1,0
22;0,03;1;predictive;9;1;59;1,0
22;0,03;1;predictive;10;1;59;1,0
22;0,03;1;predictive;11;1;59;1,0
22;0,03;1;predictive;12;1;150;0,3933333333333333
22;0,03;1;predictive;13;1;59;1,0
22;0,03;1;predictive;14;1;59;1,0
22;0,03;1;predictive;15;1;59;1,0
22;0,03;1;predictive;16;1;59;1,0
22;0,03;1;predictive;17;1;62;0,9516129032258065
22;0,03;1;predictive;18;1;59;1,0
22;0,03;1;predictive;19;1;59;1,0
22;0,03;1;predictive;20;1;59;1,0
22;0,03;1;predictive;21;1;59;1,0
22;0,03;1;predictive;22;1;59;1,0
22;0,03;1;predictive;23;1;59;1,0
22;0,03;1;predictive;24;1;59;1,0
22;0,03;1;predictive;25;1;59;1,0
22;0,03;1;predictive;26;1;59;1,0
22;0,03;1;predictive;27;1;59;1,0
22;0,03;1;predictive;28;1;110;0,5363636363636364
22;0,03;1;predictive;29;1;59;1,0
22;0,03;1;predictive;30;1;59;1,0
22;0,03;1;predictive;31;1;59;1,0
22;0,03;1;predictive;32;1;59;1,0
22;0,03;1;predictive;33;1;60;0,9833333333333333
22;0,03;1;predictive;34;1;59;1,0
22;0,03;1;predictive;35;1;139;0,4244604316546763
22;0,03;1;predictive;36;1;59;1,0
22;0,03;1;predictive;37;1;59;1,0
22;0,03;1;predictive;38;1;59;1,0
22;0,03;1;predictive;39;1;61;0,9672131147540983
22;0,03;1;predictive;40;1;80;0,7375
22;0,03;1;predictive;41;1;59;1,0
22;0,03;1;predictive;42;1;62;0,9516129032258065
22;0,03;1;predictive;43;1;119;0,4957983193277311
22;0,03;1;predictive;44;1;59;1,0
22;0,03;1;predictive;45;1;59;1,0
22;0,03;1;predictive;46;0;91;
22;0,03;1;predictive;47;1;74;0,7972972972972973
22;0,03;1;predictive;48;1;59;1,0
22;0,03;1;predictive;49;1;59;1,0
22;0,03;1;predictive;50;1;78;0,7564102564102564
22;0,03;1;predictive;51;1;59;1,0
22;0,03;1;predictive;52;1;62;0,9516129032258065
22;0,03;1;predictive;53;1;59;1,0
22;0,03;1;predictive;54;1;59;1,0
22;0,03;1;predictive;55;1;59;1,0
22;0,03;1;predictive;56;1;59;1,0
22;0,03;1;predictive;57;1;70;0,8428571428571429
22;0,03;1;predictive;58;1;59;1,0
22;0,03;1;predictive;59;1;59;1,0
22;0,03;1;predictive;60;1;84;0,7023809523809523
22;0,03;1;predictive;61;1;59;1,0
22;0,03;1;predictive;62;1;130;0,45384615384615384
22;0,03;1;predictive;63;1;59;1,0
22;0,03;1;predictive;64;1;59;1,0
22;0,03;1;predictive;65;1;59;1,0
22;0,03;1;predictive;66;1;59;1,0
22;0,03;1;predictive;67;1;59;1,0
22;0,03;1;predictive;68;1;59;1,0
22;0,03;1;predictive;69;1;59;1,0
22;0,03;1;predictive;70;1;59;1,0
22;0,03;1;predictive;71;1;59;1,0
22;0,03;1;predictive;72;1;69;0,855072463768116
22;0,03;1;predictive;73;1;59;1,0
22;0,03;1;predictive;74;1;59;1,0
22;0,03;1;predictive;75;1;59;1,0
22;0,03;1;predictive;76;1;59;1,0
22;0,03;1;predictive;77;1;59;1,0
22;0,03;1;predictive;78;1;59;1,0
22;0,03;1;predictive;79;1;59;1,0
22;0,03;1;predictive;80;1;59;1,0
22;0,03;1;predictive;81;1;59;1,0
22;0,03;1;predictive;82;1;59;1,0
22;0,03;1;predictive;83;1;59;1,0
22;0,03;1;predictive;84;1;59;1,0
22;0,03;1;predictive;85;1;64;0,921875
22;0,03;1;predictive;86;1;59;1,0
22;0,03;1;predictive;87;0;131;
22;0,03;1;predictive;88;1;125;0,472
22;0,03;1;predictive;89;1;59;1,0
22;0,03;1;predictive;90;1;59;1,0
22;0,03;1;predictive;91;1;59;1,0
22;0,03;1;predictive;92;1;89;0,6629213483146067
22;0,03;1;predictive;93;1;59;1,0
22;0,03;1;predictive;94;1;59;1,0
22;0,03;1;predictive;95;1;59;1,0
22;0,03;1;predictive;96;1;59;1,0
22;0,03;1;predictive;97;1;59;1,0
22;0,03;1;predictive;98;1;60;0,9833333333333333
22;0,03;1;predictive;99;1;59;1,0
22;0,03;1;predictive;100;1;59;1,0
22;0,03;2;shortest;1;1;55;1,0
22;0,03;2;shortest;2;1;55;1,0
22;0,03;2;shortest;3;1;55;1,0
22;0,03;2;shortest;4;1;55;1,0
22;0,03;2;shortest;5;1;55;1,0
22;0,03;2;shortest;6;1;55;1,0
22;0,03;2;shortest;7;1;55;1,0
22;0,03;2;shortest;8;1;55;1,0
22;0,03;2;shortest;9;1;55;1,0
22;0,03;2;shortest;10;1;55;1,0
22;0,03;2;shortest;11;1;55;1,0
22;0,03;2;shortest;12;1;55;1,0
22;0,03;2;shortest;13;1;55;1,0
22;0,03;2;shortest;14;1;55;1,0
22;0,03;2;shortest;15;1;55;1,0
22;0,03;2;shortest;16;1;55;1,0
22;0,03;2;shortest;17;1;55;1,0
22;0,03;2;shortest;18;1;55;1,0
22;0,03;2;shortest;19;1;55;1,0
22;0,03;2;shortest;20;1;55;1,0
22;0,03;2;shortest;21;1;55;1,0
22;0,03;2;shortest;22;1;55;1,0
22;0,03;2;shortest;23;1;55;1,0
22;0,03;2;shortest;24;1;55;1,0
22;0,03;2;shortest;25;1;55;1,0
22;0,03;2;shortest;26;1;55;1,0
22;0,03;2;shortest;27;1;55;1,0
22;0,03;2;shortest;28;1;55;1,0
22;0,03;2;shortest;29;0;52;
22;0,03;2;shortest;30;1;55;1,0
22;0,03;2;shortest;31;1;55;1,0
22;0,03;2;shortest;32;1;55;1,0
22;0,03;2;shortest;33;1;55;1,0
22;0,03;2;shortest;34;1;55;1,0
22;0,03;2;shortest;35;1;55;1,0
22;0,03;2;shortest;36;0;50;
22;0,03;2;shortest;37;1;55;1,0
22;0,03;2;shortest;38;1;55;1,0
22;0,03;2;shortest;39;1;55;1,0
22;0,03;2;shortest;40;1;55;1,0
22;0,03;2;shortest;41;1;55;1,0
22;0,03;2;shortest;42;1;55;1,0
22;0,03;2;shortest;43;0;53;
22;0,03;2;shortest;44;1;55;1,0
22;0,03;2;shortest;45;1;55;1,0
22;0,03;2;shortest;46;1;55;1,0
22;0,03;2;shortest;47;1;55;1,0
22;0,03;2;shortest;48;1;55;1,0
22;0,03;2;shortest;49;1;55;1,0
22;0,03;2;shortest;50;1;55;1,0
22;0,03;2;shortest;51;0;51;
22;0,03;2;shortest;52;1;55;1,0
22;0,03;2;shortest;53;1;55;1,0
22;0,03;2;shortest;54;0;51;
22;0,03;2;shortest;55;0;53;
22;0,03;2;shortest;56;1;55;1,0
22;0,03;2;shortest;57;1;55;1,0
22;0,03;2;shortest;58;1;55;1,0
22;0,03;2;shortest;59;1;55;1,0
22;0,03;2;shortest;60;1;55;1,0
22;0,03;2;shortest;61;1;55;1,0
22;0,03;2;shortest;62;1;55;1,0
22;0,03;2;shortest;63;1;55;1,0
22;0,03;2;shortest;64;1;55;1,0
22;0,03;2;shortest;65;1;55;1,0
22;0,03;2;shortest;66;1;55;1,0
22;0,03;2;shortest;67;1;55;1,0
22;0,03;2;shortest;68;1;55;1,0
22;0,03;2;shortest;69;1;55;1,0
22;0,03;2;shortest;70;0;53;
22;0,03;2;shortest;71;1;55;1,0
22;0,03;2;shortest;72;1;55;1,0
22;0,03;2;shortest;73;1;55;1,0
22;0,03;2;shortest;74;1;55;1,0
22;0,03;2;shortest;75;1;55;1,0
22;0,03;2;shortest;76;1;55;1,0
22;0,03;2;shortest;77;1;55;1,0
22;0,03;2;shortest;78;1;55;1,0
22;0,03;2;shortest;79;0;53;
22;0,03;2;shortest;80;1;55;1,0
22;0,03;2;shortest;81;1;55;1,0
22;0,03;2;shortest;82;1;55;1,0
22;0,03;2;shortest;83;1;55;1,0
22;0,03;2;shortest;84;1;55;1,0
22;0,03;2;shortest;85;1;55;1,0
22;0,03;2;shortest;86;1;55;1,0
22;0,03;2;shortest;87;1;55;1,0
22;0,03;2;shortest;88;1;55;1,0
22;0,03;2;shortest;89;1;55;1,0
22;0,03;2;shortest;90;1;55;1,0
22;0,03;2;shortest;91;1;55;1,0
22;0,03;2;shortest;92;0;41;
22;0,03;2;shortest;93;0;50;
22;0,03;2;shortest;94;1;55;1,0
22;0,03;2;shortest;95;1;55;1,0
22;0,03;2;shortest;96;1;55;1,0
22;0,03;2;shortest;97;1;55;1,0
22;0,03;2;shortest;98;1;55;1,0
22;0,03;2;shortest;99;1;55;1,0
22;0,03;2;shortest;100;1;55;1,0
22;0,03;2;safe;1;1;55;1,0
22;0,03;2;safe;2;1;55;1,0
22;0,03;2;safe;3;1;55;1,0
22;0,03;2;safe;4;1;55;1,0
22;0,03;2;safe;5;1;55;1,0
22;0,03;2;safe;6;1;55;1,0
22;0,03;2;safe;7;1;55;1,0
22;0,03;2;safe;8;1;55;1,0
22;0,03;2;safe;9;1;55;1,0
22;0,03;2;safe;10;1;55;1,0
22;0,03;2;safe;11;1;55;1,0
22;0,03;2;safe;12;1;55;1,0
22;0,03;2;safe;13;1;55;1,0
22;0,03;2;safe;14;1;55;1,0
22;0,03;2;safe;15;1;55;1,0
22;0,03;2;safe;16;1;55;1,0
22;0,03;2;safe;17;1;55;1,0
22;0,03;2;safe;18;1;55;1,0
22;0,03;2;safe;19;1;55;1,0
22;0,03;2;safe;20;1;55;1,0
22;0,03;2;safe;21;1;55;1,0
22;0,03;2;safe;22;1;55;1,0
22;0,03;2;safe;23;1;55;1,0
22;0,03;2;safe;24;1;55;1,0
22;0,03;2;safe;25;1;55;1,0
22;0,03;2;safe;26;1;55;1,0
22;0,03;2;safe;27;1;55;1,0
22;0,03;2;safe;28;1;55;1,0
22;0,03;2;safe;29;0;52;
22;0,03;2;safe;30;1;55;1,0
22;0,03;2;safe;31;0;54;
22;0,03;2;safe;32;1;55;1,0
22;0,03;2;safe;33;1;55;1,0
22;0,03;2;safe;34;1;55;1,0
22;0,03;2;safe;35;1;55;1,0
22;0,03;2;safe;36;1;55;1,0
22;0,03;2;safe;37;1;55;1,0
22;0,03;2;safe;38;1;55;1,0
22;0,03;2;safe;39;1;55;1,0
22;0,03;2;safe;40;1;55;1,0
22;0,03;2;safe;41;0;50;
22;0,03;2;safe;42;1;55;1,0
22;0,03;2;safe;43;1;55;1,0
22;0,03;2;safe;44;1;55;1,0
22;0,03;2;safe;45;1;55;1,0
22;0,03;2;safe;46;0;52;
22;0,03;2;safe;47;1;55;1,0
22;0,03;2;safe;48;1;55;1,0
22;0,03;2;safe;49;1;55;1,0
22;0,03;2;safe;50;1;55;1,0
22;0,03;2;safe;51;0;51;
22;0,03;2;safe;52;1;55;1,0
22;0,03;2;safe;53;1;55;1,0
22;0,03;2;safe;54;0;51;
22;0,03;2;safe;55;0;53;
22;0,03;2;safe;56;1;55;1,0
22;0,03;2;safe;57;1;55;1,0
22;0,03;2;safe;58;1;55;1,0
22;0,03;2;safe;59;1;55;1,0
22;0,03;2;safe;60;1;55;1,0
22;0,03;2;safe;61;1;55;1,0
22;0,03;2;safe;62;1;55;1,0
22;0,03;2;safe;63;0;54;
22;0,03;2;safe;64;1;55;1,0
22;0,03;2;safe;65;1;55;1,0
22;0,03;2;safe;66;1;55;1,0
22;0,03;2;safe;67;1;55;1,0
22;0,03;2;safe;68;1;55;1,0
22;0,03;2;safe;69;1;55;1,0
22;0,03;2;safe;70;0;50;
22;0,03;2;safe;71;1;55;1,0
22;0,03;2;safe;72;1;55;1,0
22;0,03;2;safe;73;1;55;1,0
22;0,03;2;safe;74;1;55;1,0
22;0,03;2;safe;75;1;55;1,0
22;0,03;2;safe;76;1;55;1,0
22;0,03;2;safe;77;1;55;1,0
22;0,03;2;safe;78;0;54;
22;0,03;2;safe;79;1;55;1,0
22;0,03;2;safe;80;1;55;1,0
22;0,03;2;safe;81;1;55;1,0
22;0,03;2;safe;82;1;55;1,0
22;0,03;2;safe;83;1;55;1,0
22;0,03;2;safe;84;1;55;1,0
22;0,03;2;safe;85;1;55;1,0
22;0,03;2;safe;86;1;55;1,0
22;0,03;2;safe;87;1;55;1,0
22;0,03;2;safe;88;1;55;1,0
22;0,03;2;safe;89;1;55;1,0
22;0,03;2;safe;90;1;55;1,0
22;0,03;2;safe;91;1;55;1,0
22;0,03;2;safe;92;1;55;1,0
22;0,03;2;safe;93;0;52;
22;0,03;2;safe;94;1;55;1,0
22;0,03;2;safe;95;0;48;
22;0,03;2;safe;96;1;55;1,0
22;0,03;2;safe;97;1;55;1,0
22;0,03;2;safe;98;0;55;
22;0,03;2;safe;99;0;55;
22;0,03;2;safe;100;1;55;1,0
22;0,03;2;predictive;1;1;55;1,0
22;0,03;2;predictive;2;1;55;1,0
22;0,03;2;predictive;3;1;55;1,0
22;0,03;2;predictive;4;1;55;1,0
22;0,03;2;predictive;5;1;55;1,0
22;0,03;2;predictive;6;1;55;1,0
22;0,03;2;predictive;7;1;55;1,0
22;0,03;2;predictive;8;1;55;1,0
22;0,03;2;predictive;9;1;55;1,0
22;0,03;2;predictive;10;1;55;1,0
22;0,03;2;predictive;11;1;55;1,0
22;0,03;2;predictive;12;1;55;1,0
22;0,03;2;predictive;13;1;55;1,0
22;0,03;2;predictive;14;1;55;1,0
22;0,03;2;predictive;15;1;55;1,0
22;0,03;2;predictive;16;1;55;1,0
22;0,03;2;predictive;17;1;55;1,0
22;0,03;2;predictive;18;1;55;1,0
22;0,03;2;predictive;19;1;55;1,0
22;0,03;2;predictive;20;1;55;1,0
22;0,03;2;predictive;21;1;55;1,0
22;0,03;2;predictive;22;1;55;1,0
22;0,03;2;predictive;23;1;55;1,0
22;0,03;2;predictive;24;1;55;1,0
22;0,03;2;predictive;25;1;55;1,0
22;0,03;2;predictive;26;1;55;1,0
22;0,03;2;predictive;27;1;55;1,0
22;0,03;2;predictive;28;1;55;1,0
22;0,03;2;predictive;29;1;87;0,632183908045977
22;0,03;2;predictive;30;1;55;1,0
22;0,03;2;predictive;31;1;55;1,0
22;0,03;2;predictive;32;1;55;1,0
22;0,03;2;predictive;33;1;61;0,9016393442622951
22;0,03;2;predictive;34;1;55;1,0
22;0,03;2;predictive;35;1;55;1,0
22;0,03;2;predictive;36;1;55;1,0
22;0,03;2;predictive;37;1;55;1,0
22;0,03;2;predictive;38;1;55;1,0
22;0,03;2;predictive;39;1;55;1,0
22;0,03;2;predictive;40;1;55;1,0
22;0,03;2;predictive;41;1;55;1,0
22;0,03;2;predictive;42;1;61;0,9016393442622951
22;0,03;2;predictive;43;0;111;
22;0,03;2;predictive;44;1;55;1,0
22;0,03;2;predictive;45;1;55;1,0
22;0,03;2;predictive;46;1;88;0,625
22;0,03;2;predictive;47;1;55;1,0
22;0,03;2;predictive;48;1;55;1,0
22;0,03;2;predictive;49;1;55;1,0
22;0,03;2;predictive;50;1;55;1,0
22;0,03;2;predictive;51;1;55;1,0
22;0,03;2;predictive;52;1;55;1,0
22;0,03;2;predictive;53;1;55;1,0
22;0,03;2;predictive;54;1;55;1,0
22;0,03;2;predictive;55;1;55;1,0
22;0,03;2;predictive;56;1;55;1,0
22;0,03;2;predictive;57;1;55;1,0
22;0,03;2;predictive;58;1;55;1,0
22;0,03;2;predictive;59;1;55;1,0
22;0,03;2;predictive;60;1;55;1,0
22;0,03;2;predictive;61;1;55;1,0
22;0,03;2;predictive;62;1;94;0,5851063829787234
22;0,03;2;predictive;63;1;55;1,0
22;0,03;2;predictive;64;1;55;1,0
22;0,03;2;predictive;65;1;55;1,0
22;0,03;2;predictive;66;1;55;1,0
22;0,03;2;predictive;67;1;55;1,0
22;0,03;2;predictive;68;1;78;0,7051282051282052
22;0,03;2;predictive;69;1;55;1,0
22;0,03;2;predictive;70;1;55;1,0
22;0,03;2;predictive;71;1;55;1,0
22;0,03;2;predictive;72;1;55;1,0
22;0,03;2;predictive;73;1;55;1,0
22;0,03;2;predictive;74;1;55;1,0
22;0,03;2;predictive;75;1;55;1,0
22;0,03;2;predictive;76;1;55;1,0
22;0,03;2;predictive;77;1;55;1,0
22;0,03;2;predictive;78;1;55;1,0
22;0,03;2;predictive;79;1;102;0,5392156862745098
22;0,03;2;predictive;80;1;74;0,7432432432432432
22;0,03;2;predictive;81;1;60;0,9166666666666666
22;0,03;2;predictive;82;1;161;0,3416149068322981
22;0,03;2;predictive;83;1;72;0,7638888888888888
22;0,03;2;predictive;84;1;55;1,0
22;0,03;2;predictive;85;1;59;0,9322033898305084
22;0,03;2;predictive;86;1;69;0,7971014492753623
22;0,03;2;predictive;87;1;55;1,0
22;0,03;2;predictive;88;1;125;0,44
22;0,03;2;predictive;89;1;55;1,0
22;0,03;2;predictive;90;1;55;1,0
22;0,03;2;predictive;91;1;55;1,0
22;0,03;2;predictive;92;1;55;1,0
22;0,03;2;predictive;93;1;56;0,9821428571428571
22;0,03;2;predictive;94;1;55;1,0
22;0,03;2;predictive;95;1;55;1,0
22;0,03;2;predictive;96;1;55;1,0
22;0,03;2;predictive;97;1;55;1,0
22;0,03;2;predictive;98;1;55;1,0
22;0,03;2;predictive;99;1;55;1,0
22;0,03;2;predictive;100;1;55;1,0
22;0,03;3;shortest;1;1;41;1,0
22;0,03;3;shortest;2;1;41;1,0
22;0,03;3;shortest;3;1;41;1,0
22;0,03;3;shortest;4;1;41;1,0
22;0,03;3;shortest;5;1;41;1,0
22;0,03;3;shortest;6;0;37;
22;0,03;3;shortest;7;1;41;1,0
22;0,03;3;shortest;8;1;41;1,0
22;0,03;3;shortest;9;1;41;1,0
22;0,03;3;shortest;10;1;41;1,0
22;0,03;3;shortest;11;1;41;1,0
22;0,03;3;shortest;12;0;38;
22;0,03;3;shortest;13;1;41;1,0
22;0,03;3;shortest;14;1;41;1,0
22;0,03;3;shortest;15;1;41;1,0
22;0,03;3;shortest;16;1;41;1,0
22;0,03;3;shortest;17;1;41;1,0
22;0,03;3;shortest;18;1;41;1,0
22;0,03;3;shortest;19;1;41;1,0
22;0,03;3;shortest;20;1;41;1,0
22;0,03;3;shortest;21;1;41;1,0
22;0,03;3;shortest;22;1;41;1,0
22;0,03;3;shortest;23;1;41;1,0
22;0,03;3;shortest;24;1;41;1,0
22;0,03;3;shortest;25;1;41;1,0
22;0,03;3;shortest;26;1;41;1,0
22;0,03;3;shortest;27;1;41;1,0
22;0,03;3;shortest;28;1;41;1,0
22;0,03;3;shortest;29;1;41;1,0
22;0,03;3;shortest;30;1;41;1,0
22;0,03;3;shortest;31;1;41;1,0
22;0,03;3;shortest;32;0;35;
22;0,03;3;shortest;33;1;41;1,0
22;0,03;3;shortest;34;1;41;1,0
22;0,03;3;shortest;35;1;41;1,0
22;0,03;3;shortest;36;1;41;1,0
22;0,03;3;shortest;37;1;41;1,0
22;0,03;3;shortest;38;1;41;1,0
22;0,03;3;shortest;39;1;41;1,0
22;0,03;3;shortest;40;1;41;1,0
22;0,03;3;shortest;41;1;41;1,0
22;0,03;3;shortest;42;1;41;1,0
22;0,03;3;shortest;43;1;41;1,0
22;0,03;3;shortest;44;1;41;1,0
22;0,03;3;shortest;45;1;41;1,0
22;0,03;3;shortest;46;1;41;1,0
22;0,03;3;shortest;47;0;30;
22;0,03;3;shortest;48;1;41;1,0
22;0,03;3;shortest;49;1;41;1,0
22;0,03;3;shortest;50;1;41;1,0
22;0,03;3;shortest;51;0;40;
22;0,03;3;shortest;52;1;41;1,0
22;0,03;3;shortest;53;1;41;1,0
22;0,03;3;shortest;54;1;41;1,0
22;0,03;3;shortest;55;1;41;1,0
22;0,03;3;shortest;56;1;41;1,0
22;0,03;3;shortest;57;1;41;1,0
22;0,03;3;shortest;58;1;41;1,0
22;0,03;3;shortest;59;1;41;1,0
22;0,03;3;shortest;60;1;41;1,0
22;0,03;3;shortest;61;1;41;1,0
22;0,03;3;shortest;62;1;41;1,0
22;0,03;3;shortest;63;1;41;1,0
22;0,03;3;shortest;64;1;41;1,0
22;0,03;3;shortest;65;1;41;1,0
22;0,03;3;shortest;66;1;41;1,0
22;0,03;3;shortest;67;1;41;1,0
22;0,03;3;shortest;68;1;41;1,0
22;0,03;3;shortest;69;0;38;
22;0,03;3;shortest;70;0;38;
22;0,03;3;shortest;71;1;41;1,0
22;0,03;3;shortest;72;1;41;1,0
22;0,03;3;shortest;73;1;41;1,0
22;0,03;3;shortest;74;0;39;
22;0,03;3;shortest;75;1;41;1,0
22;0,03;3;shortest;76;1;41;1,0
22;0,03;3;shortest;77;1;41;1,0
22;0,03;3;shortest;78;1;41;1,0
22;0,03;3;shortest;79;1;41;1,0
22;0,03;3;shortest;80;1;41;1,0
22;0,03;3;shortest;81;0;35;
22;0,03;3;shortest;82;1;41;1,0
22;0,03;3;shortest;83;1;41;1,0
22;0,03;3;shortest;84;1;41;1,0
22;0,03;3;shortest;85;1;41;1,0
22;0,03;3;shortest;86;0;38;
22;0,03;3;shortest;87;1;41;1,0
22;0,03;3;shortest;88;1;41;1,0
22;0,03;3;shortest;89;1;41;1,0
22;0,03;3;shortest;90;1;41;1,0
22;0,03;3;shortest;91;1;41;1,0
22;0,03;3;shortest;92;1;41;1,0
22;0,03;3;shortest;93;1;41;1,0
22;0,03;3;shortest;94;1;41;1,0
22;0,03;3;shortest;95;1;41;1,0
22;0,03;3;shortest;96;1;41;1,0
22;0,03;3;shortest;97;0;40;
22;0,03;3;shortest;98;1;41;1,0
22;0,03;3;shortest;99;1;41;1,0
22;0,03;3;shortest;100;1;41;1,0
22;0,03;3;safe;1;1;41;1,0
22;0,03;3;safe;2;1;41;1,0
22;0,03;3;safe;3;1;41;1,0
22;0,03;3;safe;4;1;41;1,0
22;0,03;3;safe;5;1;41;1,0
22;0,03;3;safe;6;0;37;
22;0,03;3;safe;7;1;41;1,0
22;0,03;3;safe;8;1;41;1,0
22;0,03;3;safe;9;1;41;1,0
22;0,03;3;safe;10;1;41;1,0
22;0,03;3;safe;11;1;41;1,0
22;0,03;3;safe;12;1;41;1,0
22;0,03;3;safe;13;1;41;1,0
22;0,03;3;safe;14;1;41;1,0
22;0,03;3;safe;15;0;36;
22;0,03;3;safe;16;1;41;1,0
22;0,03;3;safe;17;1;41;1,0
22;0,03;3;safe;18;1;41;1,0
22;0,03;3;safe;19;1;41;1,0
22;0,03;3;safe;20;1;41;1,0
22;0,03;3;safe;21;1;41;1,0
22;0,03;3;safe;22;1;41;1,0
22;0,03;3;safe;23;0;39;
22;0,03;3;safe;24;1;41;1,0
22;0,03;3;safe;25;1;41;1,0
22;0,03;3;safe;26;0;38;
22;0,03;3;safe;27;1;41;1,0
22;0,03;3;safe;28;1;41;1,0
22;0,03;3;safe;29;0;39;
22;0,03;3;safe;30;1;41;1,0
22;0,03;3;safe;31;1;41;1,0
22;0,03;3;safe;32;1;41;1,0
22;0,03;3;safe;33;1;41;1,0
22;0,03;3;safe;34;1;41;1,0
22;0,03;3;safe;35;0;38;
22;0,03;3;safe;36;1;41;1,0
22;0,03;3;safe;37;1;41;1,0
22;0,03;3;safe;38;0;36;
22;0,03;3;safe;39;1;41;1,0
22;0,03;3;safe;40;1;41;1,0
22;0,03;3;safe;41;1;41;1,0
22;0,03;3;safe;42;1;41;1,0
22;0,03;3;safe;43;1;41;1,0
22;0,03;3;safe;44;1;41;1,0
22;0,03;3;safe;45;1;41;1,0
22;0,03;3;safe;46;1;41;1,0
22;0,03;3;safe;47;1;41;1,0
22;0,03;3;safe;48;1;41;1,0
22;0,03;3;safe;49;1;41;1,0
22;0,03;3;safe;50;0;36;
22;0,03;3;safe;51;1;41;1,0
22;0,03;3;safe;52;1;41;1,0
22;0,03;3;safe;53;1;41;1,0
22;0,03;3;safe;54;1;41;1,0
22;0,03;3;safe;55;1;41;1,0
22;0,03;3;safe;56;1;41;1,0
22;0,03;3;safe;57;1;41;1,0
22;0,03;3;safe;58;1;41;1,0
22;0,03;3;safe;59;1;41;1,0
22;0,03;3;safe;60;1;41;1,0
22;0,03;3;safe;61;1;41;1,0
22;0,03;3;safe;62;1;41;1,0
22;0,03;3;safe;63;1;41;1,0
22;0,03;3;safe;64;1;41;1,0
22;0,03;3;safe;65;1;41;1,0
22;0,03;3;safe;66;1;41;1,0
22;0,03;3;safe;67;0;40;
22;0,03;3;safe;68;1;41;1,0
22;0,03;3;safe;69;1;41;1,0
22;0,03;3;safe;70;1;41;1,0
22;0,03;3;safe;71;1;41;1,0
22;0,03;3;safe;72;1;41;1,0
22;0,03;3;safe;73;1;41;1,0
22;0,03;3;safe;74;1;41;1,0
22;0,03;3;safe;75;1;41;1,0
22;0,03;3;safe;76;0;38;
22;0,03;3;safe;77;1;41;1,0
22;0,03;3;safe;78;1;41;1,0
22;0,03;3;safe;79;1;41;1,0
22;0,03;3;safe;80;1;41;1,0
22;0,03;3;safe;81;1;41;1,0
22;0,03;3;safe;82;1;41;1,0
22;0,03;3;safe;83;1;41;1,0
22;0,03;3;safe;84;1;41;1,0
22;0,03;3;safe;85;1;41;1,0
22;0,03;3;safe;86;1;41;1,0
22;0,03;3;safe;87;1;41;1,0
22;0,03;3;safe;88;1;41;1,0
22;0,03;3;safe;89;1;41;1,0
22;0,03;3;safe;90;1;41;1,0
22;0,03;3;safe;91;1;41;1,0
22;0,03;3;safe;92;1;41;1,0
22;0,03;3;safe;93;1;41;1,0
22;0,03;3;safe;94;1;41;1,0
22;0,03;3;safe;95;1;41;1,0
22;0,03;3;safe;96;1;41;1,0
22;0,03;3;safe;97;1;41;1,0
22;0,03;3;safe;98;1;41;1,0
22;0,03;3;safe;99;0;38;
22;0,03;3;safe;100;1;41;1,0
22;0,03;3;predictive;1;1;41;1,0
22;0,03;3;predictive;2;1;41;1,0
22;0,03;3;predictive;3;1;41;1,0
22;0,03;3;predictive;4;1;41;1,0
22;0,03;3;predictive;5;1;41;1,0
22;0,03;3;predictive;6;1;155;0,2645161290322581
22;0,03;3;predictive;7;1;41;1,0
22;0,03;3;predictive;8;1;41;1,0
22;0,03;3;predictive;9;1;41;1,0
22;0,03;3;predictive;10;1;41;1,0
22;0,03;3;predictive;11;1;41;1,0
22;0,03;3;predictive;12;1;41;1,0
22;0,03;3;predictive;13;1;41;1,0
22;0,03;3;predictive;14;1;91;0,45054945054945056
22;0,03;3;predictive;15;1;41;1,0
22;0,03;3;predictive;16;1;41;1,0
22;0,03;3;predictive;17;1;41;1,0
22;0,03;3;predictive;18;1;41;1,0
22;0,03;3;predictive;19;1;41;1,0
22;0,03;3;predictive;20;1;66;0,6212121212121212
22;0,03;3;predictive;21;1;41;1,0
22;0,03;3;predictive;22;1;41;1,0
22;0,03;3;predictive;23;1;42;0,9761904761904762
22;0,03;3;predictive;24;1;41;1,0
22;0,03;3;predictive;25;1;41;1,0
22;0,03;3;predictive;26;1;41;1,0
22;0,03;3;predictive;27;1;41;1,0
22;0,03;3;predictive;28;1;81;0,5061728395061729
22;0,03;3;predictive;29;1;41;1,0
22;0,03;3;predictive;30;1;41;1,0
22;0,03;3;predictive;31;1;41;1,0
22;0,03;3;predictive;32;1;41;1,0
22;0,03;3;predictive;33;1;41;1,0
22;0,03;3;predictive;34;1;41;1,0
22;0,03;3;predictive;35;1;41;1,0
22;0,03;3;predictive;36;1;41;1,0
22;0,03;3;predictive;37;1;41;1,0
22;0,03;3;predictive;38;1;42;0,9761904761904762
22;0,03;3;predictive;39;1;41;1,0
22;0,03;3;predictive;40;1;41;1,0
22;0,03;3;predictive;41;1;41;1,0
22;0,03;3;predictive;42;1;41;1,0
22;0,03;3;predictive;43;1;41;1,0
22;0,03;3;predictive;44;1;41;1,0
22;0,03;3;predictive;45;1;41;1,0
22;0,03;3;predictive;46;1;41;1,0
22;0,03;3;predictive;47;1;41;1,0
22;0,03;3;predictive;48;1;41;1,0
22;0,03;3;predictive;49;1;41;1,0
22;0,03;3;predictive;50;1;41;1,0
22;0,03;3;predictive;51;1;41;1,0
22;0,03;3;predictive;52;1;45;0,9111111111111111
22;0,03;3;predictive;53;1;52;0,7884615384615384
22;0,03;3;predictive;54;1;41;1,0
22;0,03;3;predictive;55;1;46;0,8913043478260869
22;0,03;3;predictive;56;1;41;1,0
22;0,03;3;predictive;57;1;41;1,0
22;0,03;3;predictive;58;1;41;1,0
22;0,03;3;predictive;59;1;41;1,0
22;0,03;3;predictive;60;1;41;1,0
22;0,03;3;predictive;61;1;41;1,0
22;0,03;3;predictive;62;1;41;1,0
22;0,03;3;predictive;63;1;41;1,0
22;0,03;3;predictive;64;1;41;1,0
22;0,03;3;predictive;65;1;41;1,0
22;0,03;3;predictive;66;1;46;0,8913043478260869
22;0,03;3;predictive;67;1;41;1,0
22;0,03;3;predictive;68;1;41;1,0
22;0,03;3;predictive;69;1;41;1,0
22;0,03;3;predictive;70;1;41;1,0
22;0,03;3;predictive;71;1;41;1,0
22;0,03;3;predictive;72;1;47;0,8723404255319149
22;0,03;3;predictive;73;1;41;1,0
22;0,03;3;predictive;74;1;41;1,0
22;0,03;3;predictive;75;1;41;1,0
22;0,03;3;predictive;76;1;64;0,640625
22;0,03;3;predictive;77;1;41;1,0
22;0,03;3;predictive;78;1;41;1,0
22;0,03;3;predictive;79;1;41;1,0
22;0,03;3;predictive;80;1;41;1,0
22;0,03;3;predictive;81;1;41;1,0
22;0,03;3;predictive;82;1;41;1,0
22;0,03;3;predictive;83;1;41;1,0
22;0,03;3;predictive;84;1;41;1,0
22;0,03;3;predictive;85;1;41;1,0
22;0,03;3;predictive;86;1;41;1,0
22;0,03;3;predictive;87;1;41;1,0
22;0,03;3;predictive;88;1;41;1,0
22;0,03;3;predictive;89;1;41;1,0
22;0,03;3;predictive;90;1;41;1,0
22;0,03;3;predictive;91;1;41;1,0
22;0,03;3;predictive;92;1;41;1,0
22;0,03;3;predictive;93;1;42;0,9761904761904762
22;0,03;3;predictive;94;1;41;1,0
22;0,03;3;predictive;95;1;41;1,0
22;0,03;3;predictive;96;1;41;1,0
22;0,03;3;predictive;97;1;41;1,0
22;0,03;3;predictive;98;1;41;1,0
22;0,03;3;predictive;99;1;41;1,0
22;0,03;3;predictive;100;1;41;1,0
22;0,05;1;shortest;1;1;59;1,0
22;0,05;1;shortest;2;1;59;1,0
22;0,05;1;shortest;3;1;59;1,0
22;0,05;1;shortest;4;1;59;1,0
22;0,05;1;shortest;5;1;59;1,0
22;0,05;1;shortest;6;1;59;1,0
22;0,05;1;shortest;7;1;59;1,0
22;0,05;1;shortest;8;0;16;
22;0,05;1;shortest;9;1;59;1,0
22;0,05;1;shortest;10;1;59;1,0
22;0,05;1;shortest;11;1;59;1,0
22;0,05;1;shortest;12;1;59;1,0
22;0,05;1;shortest;13;1;59;1,0
22;0,05;1;shortest;14;1;59;1,0
22;0,05;1;shortest;15;0;53;
22;0,05;1;shortest;16;1;59;1,0
22;0,05;1;shortest;17;1;59;1,0
22;0,05;1;shortest;18;0;57;
22;0,05;1;shortest;19;0;53;
22;0,05;1;shortest;20;1;59;1,0
22;0,05;1;shortest;21;1;59;1,0
22;0,05;1;shortest;22;1;59;1,0
22;0,05;1;shortest;23;1;59;1,0
22;0,05;1;shortest;24;1;59;1,0
22;0,05;1;shortest;25;0;15;
22;0,05;1;shortest;26;1;59;1,0
22;0,05;1;shortest;27;1;59;1,0
22;0,05;1;shortest;28;1;59;1,0
22;0,05;1;shortest;29;1;59;1,0
22;0,05;1;shortest;30;1;59;1,0
22;0,05;1;shortest;31;1;59;1,0
22;0,05;1;shortest;32;0;57;
22;0,05;1;shortest;33;1;59;1,0
22;0,05;1;shortest;34;1;59;1,0
22;0,05;1;shortest;35;0;16;
22;0,05;1;shortest;36;1;59;1,0
22;0,05;1;shortest;37;0;55;
22;0,05;1;shortest;38;0;16;
22;0,05;1;shortest;39;0;58;
22;0,05;1;shortest;40;0;52;
22;0,05;1;shortest;41;1;59;1,0
22;0,05;1;shortest;42;1;59;1,0
22;0,05;1;shortest;43;1;59;1,0
22;0,05;1;shortest;44;1;59;1,0
22;0,05;1;shortest;45;1;59;1,0
22;0,05;1;shortest;46;0;50;
22;0,05;1;shortest;47;0;11;
22;0,05;1;shortest;48;1;59;1,0
22;0,05;1;shortest;49;1;59;1,0
22;0,05;1;shortest;50;1;59;1,0
22;0,05;1;shortest;51;1;59;1,0
22;0,05;1;shortest;52;1;59;1,0
22;0,05;1;shortest;53;1;59;1,0
22;0,05;1;shortest;54;1;59;1,0
22;0,05;1;shortest;55;1;59;1,0
22;0,05;1;shortest;56;0;15;
22;0,05;1;shortest;57;0;52;
22;0,05;1;shortest;58;0;16;
22;0,05;1;shortest;59;1;59;1,0
22;0,05;1;shortest;60;1;59;1,0
22;0,05;1;shortest;61;0;15;
22;0,05;1;shortest;62;1;59;1,0
22;0,05;1;shortest;63;1;59;1,0
22;0,05;1;shortest;64;0;52;
22;0,05;1;shortest;65;0;58;
22;0,05;1;shortest;66;0;16;
22;0,05;1;shortest;67;0;50;
22;0,05;1;shortest;68;0;51;
22;0,05;1;shortest;69;0;53;
22;0,05;1;shortest;70;1;59;1,0
22;0,05;1;shortest;71;1;59;1,0
22;0,05;1;shortest;72;1;59;1,0
22;0,05;1;shortest;73;1;59;1,0
22;0,05;1;shortest;74;1;59;1,0
22;0,05;1;shortest;75;1;59;1,0
22;0,05;1;shortest;76;1;59;1,0
22;0,05;1;shortest;77;0;14;
22;0,05;1;shortest;78;1;59;1,0
22;0,05;1;shortest;79;1;59;1,0
22;0,05;1;shortest;80;0;15;
22;0,05;1;shortest;81;1;59;1,0
22;0,05;1;shortest;82;1;59;1,0
22;0,05;1;shortest;83;0;17;
22;0,05;1;shortest;84;0;55;
22;0,05;1;shortest;85;1;59;1,0
22;0,05;1;shortest;86;1;59;1,0
22;0,05;1;shortest;87;0;55;
22;0,05;1;shortest;88;0;12;
22;0,05;1;shortest;89;1;59;1,0
22;0,05;1;shortest;90;1;59;1,0
22;0,05;1;shortest;91;1;59;1,0
22;0,05;1;shortest;92;0;16;
22;0,05;1;shortest;93;1;59;1,0
22;0,05;1;shortest;94;1;59;1,0
22;0,05;1;shortest;95;1;59;1,0
22;0,05;1;shortest;96;1;59;1,0
22;0,05;1;shortest;97;0;16;
22;0,05;1;shortest;98;1;59;1,0
22;0,05;1;shortest;99;0;56;
22;0,05;1;shortest;100;0;56;
22;0,05;1;safe;1;1;59;1,0
22;0,05;1;safe;2;1;59;1,0
22;0,05;1;safe;3;1;59;1,0
22;0,05;1;safe;4;1;59;1,0
22;0,05;1;safe;5;1;59;1,0
22;0,05;1;safe;6;1;59;1,0
22;0,05;1;safe;7;1;59;1,0
22;0,05;1;safe;8;0;17;
22;0,05;1;safe;9;1;59;1,0
22;0,05;1;safe;10;0;57;
22;0,05;1;safe;11;0;18;
22;0,05;1;safe;12;0;57;
22;0,05;1;safe;13;0;58;
22;0,05;1;safe;14;1;60;0,9833333333333333
22;0,05;1;safe;15;1;59;1,0
22;0,05;1;safe;16;1;59;1,0
22;0,05;1;safe;17;1;59;1,0
22;0,05;1;safe;18;1;59;1,0
22;0,05;1;safe;19;0;58;
22;0,05;1;safe;20;1;59;1,0
22;0,05;1;safe;21;1;59;1,0
22;0,05;1;safe;22;1;59;1,0
22;0,05;1;safe;23;0;54;
22;0,05;1;safe;24;0;14;
22;0,05;1;safe;25;1;59;1,0
22;0,05;1;safe;26;0;16;
22;0,05;1;safe;27;0;56;
22;0,05;1;safe;28;1;59;1,0
22;0,05;1;safe;29;0;51;
22;0,05;1;safe;30;1;60;0,9833333333333333
22;0,05;1;safe;31;0;16;
22;0,05;1;safe;32;1;59;1,0
22;0,05;1;safe;33;1;59;1,0
22;0,05;1;safe;34;1;59;1,0
22;0,05;1;safe;35;1;59;1,0
22;0,05;1;safe;36;0;52;
22;0,05;1;safe;37;0;14;
22;0,05;1;safe;38;1;59;1,0
22;0,05;1;safe;39;0;57;
22;0,05;1;safe;40;0;17;
22;0,05;1;safe;41;0;57;
22;0,05;1;safe;42;0;53;
22;0,05;1;safe;43;0;57;
22;0,05;1;safe;44;0;54;
22;0,05;1;safe;45;1;59;1,0
22;0,05;1;safe;46;1;59;1,0
22;0,05;1;safe;47;1;59;1,0
22;0,05;1;safe;48;1;59;1,0
22;0,05;1;safe;49;1;59;1,0
22;0,05;1;safe;50;0;57;
22;0,05;1;safe;51;1;59;1,0
22;0,05;1;safe;52;1;59;1,0
22;0,05;1;safe;53;0;52;
22;0,05;1;safe;54;1;59;1,0
22;0,05;1;safe;55;0;50;
22;0,05;1;safe;56;1;59;1,0
22;0,05;1;safe;57;1;59;1,0
22;0,05;1;safe;58;0;14;
22;0,05;1;safe;59;1;59;1,0
22;0,05;1;safe;60;1;59;1,0
22;0,05;1;safe;61;0;54;
22;0,05;1;safe;62;0;56;
22;0,05;1;safe;63;1;59;1,0
22;0,05;1;safe;64;1;59;1,0
22;0,05;1;safe;65;0;16;
22;0,05;1;safe;66;1;59;1,0
22;0,05;1;safe;67;1;59;1,0
22;0,05;1;safe;68;0;17;
22;0,05;1;safe;69;1;59;1,0
22;0,05;1;safe;70;1;59;1,0
22;0,05;1;safe;71;1;59;1,0
22;0,05;1;safe;72;0;58;
22;0,05;1;safe;73;1;59;1,0
22;0,05;1;safe;74;1;59;1,0
22;0,05;1;safe;75;1;59;1,0
22;0,05;1;safe;76;1;59;1,0
22;0,05;1;safe;77;1;59;1,0
22;0,05;1;safe;78;1;59;1,0
22;0,05;1;safe;79;0;16;
22;0,05;1;safe;80;0;16;
22;0,05;1;safe;81;1;59;1,0
22;0,05;1;safe;82;0;54;
22;0,05;1;safe;83;0;15;
22;0,05;1;safe;84;0;18;
22;0,05;1;safe;85;1;59;1,0
22;0,05;1;safe;86;1;59;1,0
22;0,05;1;safe;87;1;59;1,0
22;0,05;1;safe;88;1;59;1,0
22;0,05;1;safe;89;0;16;
22;0,05;1;safe;90;1;59;1,0
22;0,05;1;safe;91;1;59;1,0
22;0,05;1;safe;92;0;49;
22;0,05;1;safe;93;0;58;
22;0,05;1;safe;94;0;51;
22;0,05;1;safe;95;1;59;1,0
22;0,05;1;safe;96;0;16;
22;0,05;1;safe;97;0;49;
22;0,05;1;safe;98;0;20;
22;0,05;1;safe;99;0;51;
22;0,05;1;safe;100;0;53;
22;0,05;1;predictive;1;1;59;1,0
22;0,05;1;predictive;2;1;59;1,0
22;0,05;1;predictive;3;1;59;1,0
22;0,05;1;predictive;4;1;60;0,9833333333333333
22;0,05;1;predictive;5;1;59;1,0
22;0,05;1;predictive;6;1;59;1,0
22;0,05;1;predictive;7;1;59;1,0
22;0,05;1;predictive;8;1;73;0,8082191780821918
22;0,05;1;predictive;9;1;79;0,7468354430379747
22;0,05;1;predictive;10;1;59;1,0
22;0,05;1;predictive;11;1;60;0,9833333333333333
22;0,05;1;predictive;12;1;61;0,9672131147540983
22;0,05;1;predictive;13;1;59;1,0
22;0,05;1;predictive;14;1;59;1,0
22;0,05;1;predictive;15;0;103;
22;0,05;1;predictive;16;1;59;1,0
22;0,05;1;predictive;17;1;59;1,0
22;0,05;1;predictive;18;1;59;1,0
22;0,05;1;predictive;19;1;59;1,0
22;0,05;1;predictive;20;1;63;0,9365079365079365
22;0,05;1;predictive;21;1;59;1,0
22;0,05;1;predictive;22;0;165;
22;0,05;1;predictive;23;1;59;1,0
22;0,05;1;predictive;24;1;59;1,0
22;0,05;1;predictive;25;1;59;1,0
22;0,05;1;predictive;26;1;59;1,0
22;0,05;1;predictive;27;1;59;1,0
22;0,05;1;predictive;28;1;59;1,0
22;0,05;1;predictive;29;1;59;1,0
22;0,05;1;predictive;30;1;59;1,0
22;0,05;1;predictive;31;1;59;1,0
22;0,05;1;predictive;32;1;59;1,0
22;0,05;1;predictive;33;1;59;1,0
22;0,05;1;predictive;34;1;59;1,0
22;0,05;1;predictive;35;1;59;1,0
22;0,05;1;predictive;36;1;76;0,7763157894736842
22;0,05;1;predictive;37;1;59;1,0
22;0,05;1;predictive;38;1;59;1,0
22;0,05;1;predictive;39;0;79;
22;0,05;1;predictive;40;0;107;
22;0,05;1;predictive;41;1;59;1,0
22;0,05;1;predictive;42;1;59;1,0
22;0,05;1;predictive;43;1;59;1,0
22;0,05;1;predictive;44;1;118;0,5
22;0,05;1;predictive;45;1;97;0,6082474226804123
22;0,05;1;predictive;46;1;92;0,6413043478260869
22;0,05;1;predictive;47;1;61;0,9672131147540983
22;0,05;1;predictive;48;1;103;0,5728155339805825
22;0,05;1;predictive;49;1;59;1,0
22;0,05;1;predictive;50;1;59;1,0
22;0,05;1;predictive;51;1;59;1,0
22;0,05;1;predictive;52;1;65;0,9076923076923077
22;0,05;1;predictive;53;1;59;1,0
22;0,05;1;predictive;54;1;59;1,0
22;0,05;1;predictive;55;1;59;1,0
22;0,05;1;predictive;56;0;35;
22;0,05;1;predictive;57;0;80;
22;0,05;1;predictive;58;1;59;1,0
22;0,05;1;predictive;59;1;72;0,8194444444444444
22;0,05;1;predictive;60;1;59;1,0
22;0,05;1;predictive;61;1;65;0,9076923076923077
22;0,05;1;predictive;62;0;94;
22;0,05;1;predictive;63;1;59;1,0
22;0,05;1;predictive;64;1;59;1,0
22;0,05;1;predictive;65;1;59;1,0
22;0,05;1;predictive;66;1;87;0,6781609195402298
22;0,05;1;predictive;67;1;59;1,0
22;0,05;1;predictive;68;1;126;0,46825396825396826
22;0,05;1;predictive;69;1;61;0,9672131147540983
22;0,05;1;predictive;70;1;59;1,0
22;0,05;1;predictive;71;1;63;0,9365079365079365
22;0,05;1;predictive;72;1;65;0,9076923076923077
22;0,05;1;predictive;73;1;71;0,8309859154929577
22;0,05;1;predictive;74;1;59;1,0
22;0,05;1;predictive;75;1;59;1,0
22;0,05;1;predictive;76;1;59;1,0
22;0,05;1;predictive;77;1;142;0,4154929577464789
22;0,05;1;predictive;78;1;59;1,0
22;0,05;1;predictive;79;1;64;0,921875
22;0,05;1;predictive;80;1;59;1,0
22;0,05;1;predictive;81;1;59;1,0
22;0,05;1;predictive;82;1;59;1,0
22;0,05;1;predictive;83;1;59;1,0
22;0,05;1;predictive;84;1;59;1,0
22;0,05;1;predictive;85;1;59;1,0
22;0,05;1;predictive;86;1;59;1,0
22;0,05;1;predictive;87;1;62;0,9516129032258065
22;0,05;1;predictive;88;1;59;1,0
22;0,05;1;predictive;89;1;59;1,0
22;0,05;1;predictive;90;1;59;1,0
22;0,05;1;predictive;91;1;59;1,0
22;0,05;1;predictive;92;1;109;0,5412844036697247
22;0,05;1;predictive;93;1;167;0,3532934131736527
22;0,05;1;predictive;94;1;59;1,0
22;0,05;1;predictive;95;1;80;0,7375
22;0,05;1;predictive;96;1;59;1,0
22;0,05;1;predictive;97;1;59;1,0
22;0,05;1;predictive;98;1;59;1,0
22;0,05;1;predictive;99;1;70;0,8428571428571429
22;0,05;1;predictive;100;1;59;1,0
22;0,05;2;shortest;1;1;55;1,0
22;0,05;2;shortest;2;1;55;1,0
22;0,05;2;shortest;3;0;53;
22;0,05;2;shortest;4;1;55;1,0
22;0,05;2;shortest;5;0;50;
22;0,05;2;shortest;6;1;55;1,0
22;0,05;2;shortest;7;1;55;1,0
22;0,05;2;shortest;8;1;55;1,0
22;0,05;2;shortest;9;1;55;1,0
22;0,05;2;shortest;10;1;55;1,0
22;0,05;2;shortest;11;1;55;1,0
22;0,05;2;shortest;12;0;45;
22;0,05;2;shortest;13;1;55;1,0
22;0,05;2;shortest;14;1;55;1,0
22;0,05;2;shortest;15;1;55;1,0
22;0,05;2;shortest;16;1;55;1,0
22;0,05;2;shortest;17;0;53;
22;0,05;2;shortest;18;1;55;1,0
22;0,05;2;shortest;19;1;55;1,0
22;0,05;2;shortest;20;1;55;1,0
22;0,05;2;shortest;21;1;55;1,0
22;0,05;2;shortest;22;0;51;
22;0,05;2;shortest;23;0;50;
22;0,05;2;shortest;24;1;55;1,0
22;0,05;2;shortest;25;0;50;
22;0,05;2;shortest;26;1;55;1,0
22;0,05;2;shortest;27;1;55;1,0
22;0,05;2;shortest;28;1;55;1,0
22;0,05;2;shortest;29;1;55;1,0
22;0,05;2;shortest;30;1;55;1,0
22;0,05;2;shortest;31;1;55;1,0
22;0,05;2;shortest;32;0;53;
22;0,05;2;shortest;33;1;55;1,0
22;0,05;2;shortest;34;0;53;
22;0,05;2;shortest;35;0;53;
22;0,05;2;shortest;36;1;55;1,0
22;0,05;2;shortest;37;0;46;
22;0,05;2;shortest;38;1;55;1,0
22;0,05;2;shortest;39;0;52;
22;0,05;2;shortest;40;1;55;1,0
22;0,05;2;shortest;41;1;55;1,0
22;0,05;2;shortest;42;1;55;1,0
22;0,05;2;shortest;43;0;50;
22;0,05;2;shortest;44;1;55;1,0
22;0,05;2;shortest;45;1;55;1,0
22;0,05;2;shortest;46;1;55;1,0
22;0,05;2;shortest;47;0;51;
22;0,05;2;shortest;48;1;55;1,0
22;0,05;2;shortest;49;1;55;1,0
22;0,05;2;shortest;50;1;55;1,0
22;0,05;2;shortest;51;1;55;1,0
22;0,05;2;shortest;52;1;55;1,0
22;0,05;2;shortest;53;1;55;1,0
22;0,05;2;shortest;54;0;49;
22;0,05;2;shortest;55;1;55;1,0
22;0,05;2;shortest;56;1;55;1,0
22;0,05;2;shortest;57;1;55;1,0
22;0,05;2;shortest;58;1;55;1,0
22;0,05;2;shortest;59;0;49;
22;0,05;2;shortest;60;1;55;1,0
22;0,05;2;shortest;61;1;55;1,0
22;0,05;2;shortest;62;1;55;1,0
22;0,05;2;shortest;63;1;55;1,0
22;0,05;2;shortest;64;1;55;1,0
22;0,05;2;shortest;65;1;55;1,0
22;0,05;2;shortest;66;1;55;1,0
22;0,05;2;shortest;67;0;54;
22;0,05;2;shortest;68;0;53;
22;0,05;2;shortest;69;1;55;1,0
22;0,05;2;shortest;70;1;55;1,0
22;0,05;2;shortest;71;1;55;1,0
22;0,05;2;shortest;72;0;49;
22;0,05;2;shortest;73;1;55;1,0
22;0,05;2;shortest;74;1;55;1,0
22;0,05;2;shortest;75;1;55;1,0
22;0,05;2;shortest;76;1;55;1,0
22;0,05;2;shortest;77;1;55;1,0
22;0,05;2;shortest;78;0;51;
22;0,05;2;shortest;79;1;55;1,0
22;0,05;2;shortest;80;1;55;1,0
22;0,05;2;shortest;81;1;55;1,0
22;0,05;2;shortest;82;1;55;1,0
22;0,05;2;shortest;83;0;49;
22;0,05;2;shortest;84;1;55;1,0
22;0,05;2;shortest;85;1;55;1,0
22;0,05;2;shortest;86;1;55;1,0
22;0,05;2;shortest;87;1;55;1,0
22;0,05;2;shortest;88;1;55;1,0
22;0,05;2;shortest;89;1;55;1,0
22;0,05;2;shortest;90;1;55;1,0
22;0,05;2;shortest;91;1;55;1,0
22;0,05;2;shortest;92;1;55;1,0
22;0,05;2;shortest;93;0;50;
22;0,05;2;shortest;94;1;55;1,0
22;0,05;2;shortest;95;1;55;1,0
22;0,05;2;shortest;96;0;54;
22;0,05;2;shortest;97;1;55;1,0
22;0,05;2;shortest;98;0;54;
22;0,05;2;shortest;99;0;51;
22;0,05;2;shortest;100;1;55;1,0
22;0,05;2;safe;1;1;55;1,0
22;0,05;2;safe;2;1;55;1,0
22;0,05;2;safe;3;0;53;
22;0,05;2;safe;4;0;51;
22;0,05;2;safe;5;1;55;1,0
22;0,05;2;safe;6;0;48;
22;0,05;2;safe;7;1;56;0,9821428571428571
22;0,05;2;safe;8;0;52;
22;0,05;2;safe;9;1;55;1,0
22;0,05;2;safe;10;1;55;1,0
22;0,05;2;safe;11;1;55;1,0
22;0,05;2;safe;12;1;55;1,0
22;0,05;2;safe;13;1;55;1,0
22;0,05;2;safe;14;0;52;
22;0,05;2;safe;15;1;55;1,0
22;0,05;2;safe;16;1;55;1,0
22;0,05;2;safe;17;1;55;1,0
22;0,05;2;safe;18;1;55;1,0
22;0,05;2;safe;19;1;55;1,0
22;0,05;2;safe;20;1;55;1,0
22;0,05;2;safe;21;1;55;1,0
22;0,05;2;safe;22;1;55;1,0
22;0,05;2;safe;23;1;55;1,0
22;0,05;2;safe;24;1;55;1,0
22;0,05;2;safe;25;1;55;1,0
22;0,05;2;safe;26;0;54;
22;0,05;2;safe;27;1;55;1,0
22;0,05;2;safe;28;1;55;1,0
22;0,05;2;safe;29;1;55;1,0
22;0,05;2;safe;30;0;55;
22;0,05;2;safe;31;1;55;1,0
22;0,05;2;safe;32;0;51;
22;0,05;2;safe;33;1;55;1,0
22;0,05;2;safe;34;1;55;1,0
22;0,05;2;safe;35;1;55;1,0
22;0,05;2;safe;36;0;51;
22;0,05;2;safe;37;1;55;1,0
22;0,05;2;safe;38;1;55;1,0
22;0,05;2;safe;39;1;55;1,0
22;0,05;2;safe;40;0;50;
22;0,05;2;safe;41;0;45;
22;0,05;2;safe;42;1;55;1,0
22;0,05;2;safe;43;1;55;1,0
22;0,05;2;safe;44;0;53;
22;0,05;2;safe;45;1;55;1,0
22;0,05;2;safe;46;1;55;1,0
22;0,05;2;safe;47;1;55;1,0
22;0,05;2;safe;48;0;48;
22;0,05;2;safe;49;1;55;1,0
22;0,05;2;safe;50;1;55;1,0
22;0,05;2;safe;51;1;55;1,0
22;0,05;2;safe;52;0;47;
22;0,05;2;safe;53;1;55;1,0
22;0,05;2;safe;54;1;55;1,0
22;0,05;2;safe;55;1;55;1,0
22;0,05;2;safe;56;1;55;1,0
22;0,05;2;safe;57;1;55;1,0
22;0,05;2;safe;58;1;55;1,0
22;0,05;2;safe;59;1;55;1,0
22;0,05;2;safe;60;1;55;1,0
22;0,05;2;safe;61;1;55;1,0
22;0,05;2;safe;62;1;55;1,0
22;0,05;2;safe;63;1;55;1,0
22;0,05;2;safe;64;1;55;1,0
22;0,05;2;safe;65;0;50;
22;0,05;2;safe;66;0;47;
22;0,05;2;safe;67;1;55;1,0
22;0,05;2;safe;68;0;54;
22;0,05;2;safe;69;1;55;1,0
22;0,05;2;safe;70;0;48;
22;0,05;2;safe;71;1;55;1,0
22;0,05;2;safe;72;1;55;1,0
22;0,05;2;safe;73;0;54;
22;0,05;2;safe;74;0;53;
22;0,05;2;safe;75;0;54;
22;0,05;2;safe;76;1;55;1,0
22;0,05;2;safe;77;1;55;1,0
22;0,05;2;safe;78;1;55;1,0
22;0,05;2;safe;79;1;55;1,0
22;0,05;2;safe;80;0;47;
22;0,05;2;safe;81;1;55;1,0
22;0,05;2;safe;82;1;55;1,0
22;0,05;2;safe;83;0;51;
22;0,05;2;safe;84;1;55;1,0
22;0,05;2;safe;85;1;55;1,0
22;0,05;2;safe;86;0;51;
22;0,05;2;safe;87;1;55;1,0
22;0,05;2;safe;88;1;55;1,0
22;0,05;2;safe;89;1;55;1,0
22;0,05;2;safe;90;0;54;
22;0,05;2;safe;91;1;55;1,0
22;0,05;2;safe;92;1;55;1,0
22;0,05;2;safe;93;0;52;
22;0,05;2;safe;94;0;54;
22;0,05;2;safe;95;1;55;1,0
22;0,05;2;safe;96;1;55;1,0
22;0,05;2;safe;97;1;55;1,0
22;0,05;2;safe;98;0;53;
22;0,05;2;safe;99;0;53;
22;0,05;2;safe;100;0;54;
22;0,05;2;predictive;1;1;55;1,0
22;0,05;2;predictive;2;1;55;1,0
22;0,05;2;predictive;3;0;87;
22;0,05;2;predictive;4;1;55;1,0
22;0,05;2;predictive;5;1;163;0,3374233128834356
22;0,05;2;predictive;6;1;55;1,0
22;0,05;2;predictive;7;1;67;0,8208955223880597
22;0,05;2;predictive;8;1;55;1,0
22;0,05;2;predictive;9;1;55;1,0
22;0,05;2;predictive;10;0;101;
22;0,05;2;predictive;11;1;93;0,5913978494623656
22;0,05;2;predictive;12;1;55;1,0
22;0,05;2;predictive;13;1;55;1,0
22;0,05;2;predictive;14;1;84;0,6547619047619048
22;0,05;2;predictive;15;1;55;1,0
22;0,05;2;predictive;16;1;55;1,0
22;0,05;2;predictive;17;1;55;1,0
22;0,05;2;predictive;18;1;55;1,0
22;0,05;2;predictive;19;0;214;
22;0,05;2;predictive;20;1;55;1,0
22;0,05;2;predictive;21;1;56;0,9821428571428571
22;0,05;2;predictive;22;1;55;1,0
22;0,05;2;predictive;23;1;64;0,859375
22;0,05;2;predictive;24;1;55;1,0
22;0,05;2;predictive;25;1;55;1,0
22;0,05;2;predictive;26;1;55;1,0
22;0,05;2;predictive;27;1;55;1,0
22;0,05;2;predictive;28;1;55;1,0
22;0,05;2;predictive;29;1;55;1,0
22;0,05;2;predictive;30;1;55;1,0
22;0,05;2;predictive;31;1;55;1,0
22;0,05;2;predictive;32;1;55;1,0
22;0,05;2;predictive;33;1;55;1,0
22;0,05;2;predictive;34;1;55;1,0
22;0,05;2;predictive;35;0;72;
22;0,05;2;predictive;36;1;81;0,6790123456790124
22;0,05;2;predictive;37;1;70;0,7857142857142857
22;0,05;2;predictive;38;1;55;1,0
22;0,05;2;predictive;39;1;182;0,3021978021978022
22;0,05;2;predictive;40;1;55;1,0
22;0,05;2;predictive;41;1;55;1,0
22;0,05;2;predictive;42;1;56;0,9821428571428571
22;0,05;2;predictive;43;1;55;1,0
22;0,05;2;predictive;44;1;55;1,0
22;0,05;2;predictive;45;1;55;1,0
22;0,05;2;predictive;46;1;108;0,5092592592592593
22;0,05;2;predictive;47;1;55;1,0
22;0,05;2;predictive;48;1;55;1,0
22;0,05;2;predictive;49;1;55;1,0
22;0,05;2;predictive;50;1;56;0,9821428571428571
22;0,05;2;predictive;51;1;55;1,0
22;0,05;2;predictive;52;1;95;0,5789473684210527
22;0,05;2;predictive;53;1;55;1,0
22;0,05;2;predictive;54;1;55;1,0
22;0,05;2;predictive;55;1;70;0,7857142857142857
22;0,05;2;predictive;56;1;60;0,9166666666666666
22;0,05;2;predictive;57;1;55;1,0
22;0,05;2;predictive;58;1;55;1,0
22;0,05;2;predictive;59;0;81;
22;0,05;2;predictive;60;1;113;0,48672566371681414
22;0,05;2;predictive;61;1;55;1,0
22;0,05;2;predictive;62;1;55;1,0
22;0,05;2;predictive;63;1;91;0,6043956043956044
22;0,05;2;predictive;64;1;60;0,9166666666666666
22;0,05;2;predictive;65;1;55;1,0
22;0,05;2;predictive;66;1;55;1,0
22;0,05;2;predictive;67;1;161;0,3416149068322981
22;0,05;2;predictive;68;1;55;1,0
22;0,05;2;predictive;69;1;55;1,0
22;0,05;2;predictive;70;1;123;0,44715447154471544
22;0,05;2;predictive;71;1;55;1,0
22;0,05;2;predictive;72;1;70;0,7857142857142857
22;0,05;2;predictive;73;1;55;1,0
22;0,05;2;predictive;74;0;109;
22;0,05;2;predictive;75;1;55;1,0
22;0,05;2;predictive;76;1;106;0,5188679245283019
22;0,05;2;predictive;77;1;55;1,0
22;0,05;2;predictive;78;1;55;1,0
22;0,05;2;predictive;79;1;55;1,0
22;0,05;2;predictive;80;1;55;1,0
22;0,05;2;predictive;81;1;55;1,0
22;0,05;2;predictive;82;1;55;1,0
22;0,05;2;predictive;83;1;55;1,0
22;0,05;2;predictive;84;1;55;1,0
22;0,05;2;predictive;85;1;63;0,873015873015873
22;0,05;2;predictive;86;1;55;1,0
22;0,05;2;predictive;87;1;93;0,5913978494623656
22;0,05;2;predictive;88;1;57;0,9649122807017544
22;0,05;2;predictive;89;1;55;1,0
22;0,05;2;predictive;90;1;55;1,0
22;0,05;2;predictive;91;1;124;0,4435483870967742
22;0,05;2;predictive;92;1;55;1,0
22;0,05;2;predictive;93;1;55;1,0
22;0,05;2;predictive;94;1;55;1,0
22;0,05;2;predictive;95;1;55;1,0
22;0,05;2;predictive;96;1;55;1,0
22;0,05;2;predictive;97;1;55;1,0
22;0,05;2;predictive;98;1;55;1,0
22;0,05;2;predictive;99;1;55;1,0
22;0,05;2;predictive;100;1;78;0,7051282051282052
22;0,05;3;shortest;1;1;41;1,0
22;0,05;3;shortest;2;1;41;1,0
22;0,05;3;shortest;3;1;41;1,0
22;0,05;3;shortest;4;1;41;1,0
22;0,05;3;shortest;5;1;41;1,0
22;0,05;3;shortest;6;1;41;1,0
22;0,05;3;shortest;7;1;41;1,0
22;0,05;3;shortest;8;1;41;1,0
22;0,05;3;shortest;9;0;29;
22;0,05;3;shortest;10;1;41;1,0
22;0,05;3;shortest;11;1;41;1,0
22;0,05;3;shortest;12;1;41;1,0
22;0,05;3;shortest;13;1;41;1,0
22;0,05;3;shortest;14;1;41;1,0
22;0,05;3;shortest;15;1;41;1,0
22;0,05;3;shortest;16;1;41;1,0
22;0,05;3;shortest;17;1;41;1,0
22;0,05;3;shortest;18;0;29;
22;0,05;3;shortest;19;0;38;
22;0,05;3;shortest;20;1;41;1,0
22;0,05;3;shortest;21;1;41;1,0
22;0,05;3;shortest;22;1;41;1,0
22;0,05;3;shortest;23;1;41;1,0
22;0,05;3;shortest;24;1;41;1,0
22;0,05;3;shortest;25;1;41;1,0
22;0,05;3;shortest;26;1;41;1,0
22;0,05;3;shortest;27;1;41;1,0
22;0,05;3;shortest;28;1;41;1,0
22;0,05;3;shortest;29;0;37;
22;0,05;3;shortest;30;1;41;1,0
22;0,05;3;shortest;31;1;41;1,0
22;0,05;3;shortest;32;0;38;
22;0,05;3;shortest;33;1;41;1,0
22;0,05;3;shortest;34;1;41;1,0
22;0,05;3;shortest;35;1;41;1,0
22;0,05;3;shortest;36;1;41;1,0
22;0,05;3;shortest;37;1;41;1,0
22;0,05;3;shortest;38;1;41;1,0
22;0,05;3;shortest;39;1;41;1,0
22;0,05;3;shortest;40;1;41;1,0
22;0,05;3;shortest;41;1;41;1,0
22;0,05;3;shortest;42;1;41;1,0
22;0,05;3;shortest;43;0;38;
22;0,05;3;shortest;44;1;41;1,0
22;0,05;3;shortest;45;1;41;1,0
22;0,05;3;shortest;46;1;41;1,0
22;0,05;3;shortest;47;1;41;1,0
22;0,05;3;shortest;48;1;41;1,0
22;0,05;3;shortest;49;1;41;1,0
22;0,05;3;shortest;50;0;35;
22;0,05;3;shortest;51;0;39;
22;0,05;3;shortest;52;1;41;1,0
22;0,05;3;shortest;53;1;41;1,0
22;0,05;3;shortest;54;1;41;1,0
22;0,05;3;shortest;55;1;41;1,0
22;0,05;3;shortest;56;1;41;1,0
22;0,05;3;shortest;57;1;41;1,0
22;0,05;3;shortest;58;1;41;1,0
22;0,05;3;shortest;59;1;41;1,0
22;0,05;3;shortest;60;1;41;1,0
22;0,05;3;shortest;61;1;41;1,0
22;0,05;3;shortest;62;1;41;1,0
22;0,05;3;shortest;63;1;41;1,0
22;0,05;3;shortest;64;1;41;1,0
22;0,05;3;shortest;65;1;41;1,0
22;0,05;3;shortest;66;1;41;1,0
22;0,05;3;shortest;67;1;41;1,0
22;0,05;3;shortest;68;1;41;1,0
22;0,05;3;shortest;69;0;38;
22;0,05;3;shortest;70;1;41;1,0
22;0,05;3;shortest;71;1;41;1,0
22;0,05;3;shortest;72;1;41;1,0
22;0,05;3;shortest;73;1;41;1,0
22;0,05;3;shortest;74;0;37;
22;0,05;3;shortest;75;0;38;
22;0,05;3;shortest;76;1;41;1,0
22;0,05;3;shortest;77;1;41;1,0
22;0,05;3;shortest;78;1;41;1,0
22;0,05;3;shortest;79;1;41;1,0
22;0,05;3;shortest;80;1;41;1,0
22;0,05;3;shortest;81;1;41;1,0
22;0,05;3;shortest;82;1;41;1,0
22;0,05;3;shortest;83;0;40;
22;0,05;3;shortest;84;1;41;1,0
22;0,05;3;shortest;85;1;41;1,0
22;0,05;3;shortest;86;1;41;1,0
22;0,05;3;shortest;87;1;41;1,0
22;0,05;3;shortest;88;1;41;1,0
22;0,05;3;shortest;89;1;41;1,0
22;0,05;3;shortest;90;1;41;1,0
22;0,05;3;shortest;91;1;41;1,0
22;0,05;3;shortest;92;1;41;1,0
22;0,05;3;shortest;93;1;41;1,0
22;0,05;3;shortest;94;1;41;1,0
22;0,05;3;shortest;95;1;41;1,0
22;0,05;3;shortest;96;1;41;1,0
22;0,05;3;shortest;97;1;41;1,0
22;0,05;3;shortest;98;1;41;1,0
22;0,05;3;shortest;99;1;41;1,0
22;0,05;3;shortest;100;1;41;1,0
22;0,05;3;safe;1;1;41;1,0
22;0,05;3;safe;2;1;41;1,0
22;0,05;3;safe;3;1;41;1,0
22;0,05;3;safe;4;1;41;1,0
22;0,05;3;safe;5;1;41;1,0
22;0,05;3;safe;6;1;41;1,0
22;0,05;3;safe;7;1;41;1,0
22;0,05;3;safe;8;1;41;1,0
22;0,05;3;safe;9;0;29;
22;0,05;3;safe;10;1;41;1,0
22;0,05;3;safe;11;1;41;1,0
22;0,05;3;safe;12;1;41;1,0
22;0,05;3;safe;13;1;41;1,0
22;0,05;3;safe;14;1;41;1,0
22;0,05;3;safe;15;1;41;1,0
22;0,05;3;safe;16;1;41;1,0
22;0,05;3;safe;17;1;41;1,0
22;0,05;3;safe;18;0;30;
22;0,05;3;safe;19;0;38;
22;0,05;3;safe;20;1;41;1,0
22;0,05;3;safe;21;1;41;1,0
22;0,05;3;safe;22;1;41;1,0
22;0,05;3;safe;23;1;41;1,0
22;0,05;3;safe;24;1;41;1,0
22;0,05;3;safe;25;1;41;1,0
22;0,05;3;safe;26;1;41;1,0
22;0,05;3;safe;27;1;41;1,0
22;0,05;3;safe;28;1;41;1,0
22;0,05;3;safe;29;0;37;
22;0,05;3;safe;30;1;41;1,0
22;0,05;3;safe;31;1;41;1,0
22;0,05;3;safe;32;0;38;
22;0,05;3;safe;33;1;41;1,0
22;0,05;3;safe;34;1;41;1,0
22;0,05;3;safe;35;1;41;1,0
22;0,05;3;safe;36;1;41;1,0
22;0,05;3;safe;37;1;41;1,0
22;0,05;3;safe;38;1;41;1,0
22;0,05;3;safe;39;1;41;1,0
22;0,05;3;safe;40;1;41;1,0
22;0,05;3;safe;41;1;41;1,0
22;0,05;3;safe;42;1;41;1,0
22;0,05;3;safe;43;1;42;0,9761904761904762
22;0,05;3;safe;44;1;41;1,0
22;0,05;3;safe;45;1;41;1,0
22;0,05;3;safe;46;0;34;
22;0,05;3;safe;47;1;41;1,0
22;0,05;3;safe;48;1;41;1,0
22;0,05;3;safe;49;1;41;1,0
22;0,05;3;safe;50;0;30;
22;0,05;3;safe;51;1;41;1,0
22;0,05;3;safe;52;1;41;1,0
22;0,05;3;safe;53;0;41;
22;0,05;3;safe;54;1;41;1,0
22;0,05;3;safe;55;1;41;1,0
22;0,05;3;safe;56;1;41;1,0
22;0,05;3;safe;57;1;41;1,0
22;0,05;3;safe;58;1;41;1,0
22;0,05;3;safe;59;1;41;1,0
22;0,05;3;safe;60;0;38;
22;0,05;3;safe;61;1;41;1,0
22;0,05;3;safe;62;1;41;1,0
22;0,05;3;safe;63;1;41;1,0
22;0,05;3;safe;64;1;41;1,0
22;0,05;3;safe;65;1;41;1,0
22;0,05;3;safe;66;1;41;1,0
22;0,05;3;safe;67;1;41;1,0
22;0,05;3;safe;68;1;41;1,0
22;0,05;3;safe;69;1;42;0,9761904761904762
22;0,05;3;safe;70;1;41;1,0
22;0,05;3;safe;71;1;41;1,0
22;0,05;3;safe;72;1;41;1,0
22;0,05;3;safe;73;1;41;1,0
22;0,05;3;safe;74;1;41;1,0
22;0,05;3;safe;75;1;41;1,0
22;0,05;3;safe;76;0;41;
22;0,05;3;safe;77;1;41;1,0
22;0,05;3;safe;78;1;41;1,0
22;0,05;3;safe;79;0;38;
22;0,05;3;safe;80;0;38;
22;0,05;3;safe;81;1;41;1,0
22;0,05;3;safe;82;1;41;1,0
22;0,05;3;safe;83;1;41;1,0
22;0,05;3;safe;84;1;41;1,0
22;0,05;3;safe;85;1;41;1,0
22;0,05;3;safe;86;1;41;1,0
22;0,05;3;safe;87;1;41;1,0
22;0,05;3;safe;88;1;41;1,0
22;0,05;3;safe;89;1;42;0,9761904761904762
22;0,05;3;safe;90;1;41;1,0
22;0,05;3;safe;91;1;41;1,0
22;0,05;3;safe;92;0;40;
22;0,05;3;safe;93;1;41;1,0
22;0,05;3;safe;94;1;41;1,0
22;0,05;3;safe;95;1;41;1,0
22;0,05;3;safe;96;1;41;1,0
22;0,05;3;safe;97;1;41;1,0
22;0,05;3;safe;98;1;41;1,0
22;0,05;3;safe;99;1;41;1,0
22;0,05;3;safe;100;1;41;1,0
22;0,05;3;predictive;1;1;41;1,0
22;0,05;3;predictive;2;1;41;1,0
22;0,05;3;predictive;3;1;41;1,0
22;0,05;3;predictive;4;1;41;1,0
22;0,05;3;predictive;5;1;41;1,0
22;0,05;3;predictive;6;1;41;1,0
22;0,05;3;predictive;7;1;41;1,0
22;0,05;3;predictive;8;1;41;1,0
22;0,05;3;predictive;9;1;77;0,5324675324675324
22;0,05;3;predictive;10;1;89;0,4606741573033708
22;0,05;3;predictive;11;1;41;1,0
22;0,05;3;predictive;12;1;41;1,0
22;0,05;3;predictive;13;1;41;1,0
22;0,05;3;predictive;14;1;41;1,0
22;0,05;3;predictive;15;1;41;1,0
22;0,05;3;predictive;16;1;41;1,0
22;0,05;3;predictive;17;1;53;0,7735849056603774
22;0,05;3;predictive;18;1;41;1,0
22;0,05;3;predictive;19;1;41;1,0
22;0,05;3;predictive;20;1;41;1,0
22;0,05;3;predictive;21;1;41;1,0
22;0,05;3;predictive;22;1;41;1,0
22;0,05;3;predictive;23;1;41;1,0
22;0,05;3;predictive;24;1;41;1,0
22;0,05;3;predictive;25;1;41;1,0
22;0,05;3;predictive;26;1;41;1,0
22;0,05;3;predictive;27;1;41;1,0
22;0,05;3;predictive;28;1;41;1,0
22;0,05;3;predictive;29;1;41;1,0
22;0,05;3;predictive;30;1;41;1,0
22;0,05;3;predictive;31;1;41;1,0
22;0,05;3;predictive;32;1;41;1,0
22;0,05;3;predictive;33;1;43;0,9534883720930233
22;0,05;3;predictive;34;1;41;1,0
22;0,05;3;predictive;35;1;41;1,0
22;0,05;3;predictive;36;1;41;1,0
22;0,05;3;predictive;37;1;41;1,0
22;0,05;3;predictive;38;0;136;
22;0,05;3;predictive;39;1;41;1,0
22;0,05;3;predictive;40;1;41;1,0
22;0,05;3;predictive;41;1;41;1,0
22;0,05;3;predictive;42;1;41;1,0
22;0,05;3;predictive;43;1;41;1,0
22;0,05;3;predictive;44;1;41;1,0
22;0,05;3;predictive;45;1;48;0,8541666666666666
22;0,05;3;predictive;46;1;41;1,0
22;0,05;3;predictive;47;1;44;0,9318181818181818
22;0,05;3;predictive;48;1;48;0,8541666666666666
22;0,05;3;predictive;49;1;49;0,8367346938775511
22;0,05;3;predictive;50;1;41;1,0
22;0,05;3;predictive;51;1;41;1,0
22;0,05;3;predictive;52;1;43;0,9534883720930233
22;0,05;3;predictive;53;1;41;1,0
22;0,05;3;predictive;54;1;41;1,0
22;0,05;3;predictive;55;1;41;1,0
22;0,05;3;predictive;56;1;41;1,0
22;0,05;3;predictive;57;1;41;1,0
22;0,05;3;predictive;58;1;41;1,0
22;0,05;3;predictive;59;1;56;0,7321428571428571
22;0,05;3;predictive;60;1;52;0,7884615384615384
22;0,05;3;predictive;61;1;44;0,9318181818181818
22;0,05;3;predictive;62;1;41;1,0
22;0,05;3;predictive;63;1;43;0,9534883720930233
22;0,05;3;predictive;64;1;41;1,0
22;0,05;3;predictive;65;1;41;1,0
22;0,05;3;predictive;66;1;130;0,3153846153846154
22;0,05;3;predictive;67;1;41;1,0
22;0,05;3;predictive;68;1;41;1,0
22;0,05;3;predictive;69;1;134;0,30597014925373134
22;0,05;3;predictive;70;1;41;1,0
22;0,05;3;predictive;71;1;41;1,0
22;0,05;3;predictive;72;1;41;1,0
22;0,05;3;predictive;73;1;41;1,0
22;0,05;3;predictive;74;1;46;0,8913043478260869
22;0,05;3;predictive;75;1;41;1,0
22;0,05;3;predictive;76;1;42;0,9761904761904762
22;0,05;3;predictive;77;1;41;1,0
22;0,05;3;predictive;78;1;41;1,0
22;0,05;3;predictive;79;1;46;0,8913043478260869
22;0,05;3;predictive;80;1;41;1,0
22;0,05;3;predictive;81;1;41;1,0
22;0,05;3;predictive;82;1;54;0,7592592592592593
22;0,05;3;predictive;83;1;68;0,6029411764705882
22;0,05;3;predictive;84;1;41;1,0
22;0,05;3;predictive;85;1;41;1,0
22;0,05;3;predictive;86;1;42;0,9761904761904762
22;0,05;3;predictive;87;1;41;1,0
22;0,05;3;predictive;88;1;41;1,0
22;0,05;3;predictive;89;1;41;1,0
22;0,05;3;predictive;90;1;41;1,0
22;0,05;3;predictive;91;1;41;1,0
22;0,05;3;predictive;92;1;41;1,0
22;0,05;3;predictive;93;1;71;0,5774647887323944
22;0,05;3;predictive;94;1;41;1,0
22;0,05;3;predictive;95;1;41;1,0
22;0,05;3;predictive;96;1;41;1,0
22;0,05;3;predictive;97;1;41;1,0
22;0,05;3;predictive;98;1;41;1,0
22;0,05;3;predictive;99;1;41;1,0
22;0,05;3;predictive;100;1;41;1,0
33;0,005;1;shortest;1;1;59;1,0
33;0,005;1;shortest;2;1;59;1,0
33;0,005;1;shortest;3;1;59;1,0
33;0,005;1;shortest;4;1;59;1,0
33;0,005;1;shortest;5;1;59;1,0
33;0,005;1;shortest;6;1;59;1,0
33;0,005;1;shortest;7;1;59;1,0
33;0,005;1;shortest;8;1;59;1,0
33;0,005;1;shortest;9;1;59;1,0
33;0,005;1;shortest;10;1;59;1,0
33;0,005;1;shortest;11;1;59;1,0
33;0,005;1;shortest;12;1;59;1,0
33;0,005;1;shortest;13;1;59;1,0
33;0,005;1;shortest;14;1;59;1,0
33;0,005;1;shortest;15;1;59;1,0
33;0,005;1;shortest;16;0;14;
33;0,005;1;shortest;17;1;59;1,0
33;0,005;1;shortest;18;1;59;1,0
33;0,005;1;shortest;19;1;59;1,0
33;0,005;1;shortest;20;1;59;1,0
33;0,005;1;shortest;21;1;59;1,0
33;0,005;1;shortest;22;1;59;1,0
33;0,005;1;shortest;23;1;59;1,0
33;0,005;1;shortest;24;1;59;1,0
33;0,005;1;shortest;25;1;59;1,0
33;0,005;1;shortest;26;1;59;1,0
33;0,005;1;shortest;27;1;59;1,0
33;0,005;1;shortest;28;1;59;1,0
33;0,005;1;shortest;29;1;59;1,0
33;0,005;1;shortest;30;0;50;
33;0,005;1;shortest;31;1;59;1,0
33;0,005;1;shortest;32;1;59;1,0
33;0,005;1;shortest;33;1;59;1,0
33;0,005;1;shortest;34;1;59;1,0
33;0,005;1;shortest;35;1;59;1,0
33;0,005;1;shortest;36;1;59;1,0
33;0,005;1;shortest;37;1;59;1,0
33;0,005;1;shortest;38;1;59;1,0
33;0,005;1;shortest;39;1;59;1,0
33;0,005;1;shortest;40;1;59;1,0
33;0,005;1;shortest;41;1;59;1,0
33;0,005;1;shortest;42;1;59;1,0
33;0,005;1;shortest;43;1;59;1,0
33;0,005;1;shortest;44;1;59;1,0
33;0,005;1;shortest;45;0;57;
33;0,005;1;shortest;46;1;59;1,0
33;0,005;1;shortest;47;1;59;1,0
33;0,005;1;shortest;48;1;59;1,0
33;0,005;1;shortest;49;0;55;
33;0,005;1;shortest;50;1;59;1,0
33;0,005;1;shortest;51;1;59;1,0
33;0,005;1;shortest;52;1;59;1,0
33;0,005;1;shortest;53;1;59;1,0
33;0,005;1;shortest;54;0;16;
33;0,005;1;shortest;55;1;59;1,0
33;0,005;1;shortest;56;1;59;1,0
33;0,005;1;shortest;57;1;59;1,0
33;0,005;1;shortest;58;1;59;1,0
33;0,005;1;shortest;59;1;59;1,0
33;0,005;1;shortest;60;1;59;1,0
33;0,005;1;shortest;61;1;59;1,0
33;0,005;1;shortest;62;1;59;1,0
33;0,005;1;shortest;63;1;59;1,0
33;0,005;1;shortest;64;1;59;1,0
33;0,005;1;shortest;65;0;15;
33;0,005;1;shortest;66;1;59;1,0
33;0,005;1;shortest;67;1;59;1,0
33;0,005;1;shortest;68;1;59;1,0
33;0,005;1;shortest;69;1;59;1,0
33;0,005;1;shortest;70;1;59;1,0
33;0,005;1;shortest;71;1;59;1,0
33;0,005;1;shortest;72;1;59;1,0
33;0,005;1;shortest;73;1;59;1,0
33;0,005;1;shortest;74;1;59;1,0
33;0,005;1;shortest;75;1;59;1,0
33;0,005;1;shortest;76;1;59;1,0
33;0,005;1;shortest;77;1;59;1,0
33;0,005;1;shortest;78;1;59;1,0
33;0,005;1;shortest;79;1;59;1,0
33;0,005;1;shortest;80;1;59;1,0
33;0,005;1;shortest;81;1;59;1,0
33;0,005;1;shortest;82;1;59;1,0
33;0,005;1;shortest;83;1;59;1,0
33;0,005;1;shortest;84;1;59;1,0
33;0,005;1;shortest;85;1;59;1,0
33;0,005;1;shortest;86;0;55;
33;0,005;1;shortest;87;1;59;1,0
33;0,005;1;shortest;88;1;59;1,0
33;0,005;1;shortest;89;1;59;1,0
33;0,005;1;shortest;90;1;59;1,0
33;0,005;1;shortest;91;1;59;1,0
33;0,005;1;shortest;92;1;59;1,0
33;0,005;1;shortest;93;1;59;1,0
33;0,005;1;shortest;94;1;59;1,0
33;0,005;1;shortest;95;1;59;1,0
33;0,005;1;shortest;96;1;59;1,0
33;0,005;1;shortest;97;1;59;1,0
33;0,005;1;shortest;98;1;59;1,0
33;0,005;1;shortest;99;1;59;1,0
33;0,005;1;shortest;100;1;59;1,0
33;0,005;1;safe;1;1;59;1,0
33;0,005;1;safe;2;1;59;1,0
33;0,005;1;safe;3;1;59;1,0
33;0,005;1;safe;4;1;59;1,0
33;0,005;1;safe;5;1;59;1,0
33;0,005;1;safe;6;1;59;1,0
33;0,005;1;safe;7;1;59;1,0
33;0,005;1;safe;8;1;59;1,0
33;0,005;1;safe;9;1;59;1,0
33;0,005;1;safe;10;1;59;1,0
33;0,005;1;safe;11;1;59;1,0
33;0,005;1;safe;12;1;59;1,0
33;0,005;1;safe;13;1;59;1,0
33;0,005;1;safe;14;1;59;1,0
33;0,005;1;safe;15;1;59;1,0
33;0,005;1;safe;16;0;14;
33;0,005;1;safe;17;1;59;1,0
33;0,005;1;safe;18;1;59;1,0
33;0,005;1;safe;19;1;59;1,0
33;0,005;1;safe;20;1;59;1,0
33;0,005;1;safe;21;1;59;1,0
33;0,005;1;safe;22;1;59;1,0
33;0,005;1;safe;23;1;59;1,0
33;0,005;1;safe;24;1;59;1,0
33;0,005;1;safe;25;1;59;1,0
33;0,005;1;safe;26;1;59;1,0
33;0,005;1;safe;27;1;59;1,0
33;0,005;1;safe;28;1;59;1,0
33;0,005;1;safe;29;1;59;1,0
33;0,005;1;safe;30;0;50;
33;0,005;1;safe;31;1;59;1,0
33;0,005;1;safe;32;1;59;1,0
33;0,005;1;safe;33;1;59;1,0
33;0,005;1;safe;34;1;59;1,0
33;0,005;1;safe;35;1;59;1,0
33;0,005;1;safe;36;1;59;1,0
33;0,005;1;safe;37;1;59;1,0
33;0,005;1;safe;38;1;59;1,0
33;0,005;1;safe;39;1;59;1,0
33;0,005;1;safe;40;1;59;1,0
33;0,005;1;safe;41;1;59;1,0
33;0,005;1;safe;42;1;59;1,0
33;0,005;1;safe;43;1;59;1,0
33;0,005;1;safe;44;1;59;1,0
33;0,005;1;safe;45;1;60;0,9833333333333333
33;0,005;1;safe;46;1;59;1,0
33;0,005;1;safe;47;1;59;1,0
33;0,005;1;safe;48;1;59;1,0
33;0,005;1;safe;49;1;59;1,0
33;0,005;1;safe;50;0;56;
33;0,005;1;safe;51;1;59;1,0
33;0,005;1;safe;52;1;59;1,0
33;0,005;1;safe;53;1;59;1,0
33;0,005;1;safe;54;1;59;1,0
33;0,005;1;safe;55;1;59;1,0
33;0,005;1;safe;56;1;59;1,0
33;0,005;1;safe;57;1;59;1,0
33;0,005;1;safe;58;1;59;1,0
33;0,005;1;safe;59;1;59;1,0
33;0,005;1;safe;60;1;59;1,0
33;0,005;1;safe;61;1;59;1,0
33;0,005;1;safe;62;1;59;1,0
33;0,005;1;safe;63;1;59;1,0
33;0,005;1;safe;64;1;59;1,0
33;0,005;1;safe;65;1;59;1,0
33;0,005;1;safe;66;1;59;1,0
33;0,005;1;safe;67;1;59;1,0
33;0,005;1;safe;68;1;59;1,0
33;0,005;1;safe;69;1;59;1,0
33;0,005;1;safe;70;1;60;0,9833333333333333
33;0,005;1;safe;71;1;59;1,0
33;0,005;1;safe;72;1;59;1,0
33;0,005;1;safe;73;1;59;1,0
33;0,005;1;safe;74;1;59;1,0
33;0,005;1;safe;75;1;59;1,0
33;0,005;1;safe;76;1;59;1,0
33;0,005;1;safe;77;1;59;1,0
33;0,005;1;safe;78;1;59;1,0
33;0,005;1;safe;79;1;59;1,0
33;0,005;1;safe;80;1;59;1,0
33;0,005;1;safe;81;1;59;1,0
33;0,005;1;safe;82;1;59;1,0
33;0,005;1;safe;83;1;59;1,0
33;0,005;1;safe;84;1;59;1,0
33;0,005;1;safe;85;1;59;1,0
33;0,005;1;safe;86;1;59;1,0
33;0,005;1;safe;87;1;59;1,0
33;0,005;1;safe;88;1;59;1,0
33;0,005;1;safe;89;1;59;1,0
33;0,005;1;safe;90;1;59;1,0
33;0,005;1;safe;91;1;59;1,0
33;0,005;1;safe;92;1;59;1,0
33;0,005;1;safe;93;1;59;1,0
33;0,005;1;safe;94;1;59;1,0
33;0,005;1;safe;95;1;59;1,0
33;0,005;1;safe;96;1;59;1,0
33;0,005;1;safe;97;1;59;1,0
33;0,005;1;safe;98;1;59;1,0
33;0,005;1;safe;99;1;59;1,0
33;0,005;1;safe;100;1;59;1,0
33;0,005;1;predictive;1;1;59;1,0
33;0,005;1;predictive;2;1;59;1,0
33;0,005;1;predictive;3;1;59;1,0
33;0,005;1;predictive;4;1;59;1,0
33;0,005;1;predictive;5;1;59;1,0
33;0,005;1;predictive;6;1;59;1,0
33;0,005;1;predictive;7;1;59;1,0
33;0,005;1;predictive;8;1;59;1,0
33;0,005;1;predictive;9;1;59;1,0
33;0,005;1;predictive;10;1;59;1,0
33;0,005;1;predictive;11;1;59;1,0
33;0,005;1;predictive;12;1;59;1,0
33;0,005;1;predictive;13;1;59;1,0
33;0,005;1;predictive;14;1;59;1,0
33;0,005;1;predictive;15;1;59;1,0
33;0,005;1;predictive;16;1;72;0,8194444444444444
33;0,005;1;predictive;17;1;59;1,0
33;0,005;1;predictive;18;1;59;1,0
33;0,005;1;predictive;19;1;59;1,0
33;0,005;1;predictive;20;1;59;1,0
33;0,005;1;predictive;21;1;59;1,0
33;0,005;1;predictive;22;1;59;1,0
33;0,005;1;predictive;23;1;59;1,0
33;0,005;1;predictive;24;1;59;1,0
33;0,005;1;predictive;25;1;59;1,0
33;0,005;1;predictive;26;1;59;1,0
33;0,005;1;predictive;27;1;59;1,0
33;0,005;1;predictive;28;1;59;1,0
33;0,005;1;predictive;29;1;59;1,0
33;0,005;1;predictive;30;1;59;1,0
33;0,005;1;predictive;31;1;59;1,0
33;0,005;1;predictive;32;1;59;1,0
33;0,005;1;predictive;33;1;59;1,0
33;0,005;1;predictive;34;1;59;1,0
33;0,005;1;predictive;35;1;59;1,0
33;0,005;1;predictive;36;1;59;1,0
33;0,005;1;predictive;37;1;59;1,0
33;0,005;1;predictive;38;1;59;1,0
33;0,005;1;predictive;39;1;59;1,0
33;0,005;1;predictive;40;1;59;1,0
33;0,005;1;predictive;41;1;59;1,0
33;0,005;1;predictive;42;1;59;1,0
33;0,005;1;predictive;43;1;59;1,0
33;0,005;1;predictive;44;1;59;1,0
33;0,005;1;predictive;45;1;59;1,0
33;0,005;1;predictive;46;1;59;1,0
33;0,005;1;predictive;47;1;68;0,8676470588235294
33;0,005;1;predictive;48;1;59;1,0
33;0,005;1;predictive;49;1;59;1,0
33;0,005;1;predictive;50;1;59;1,0
33;0,005;1;predictive;51;1;59;1,0
33;0,005;1;predictive;52;1;59;1,0
33;0,005;1;predictive;53;1;59;1,0
33;0,005;1;predictive;54;1;59;1,0
33;0,005;1;predictive;55;1;59;1,0
33;0,005;1;predictive;56;1;59;1,0
33;0,005;1;predictive;57;1;59;1,0
33;0,005;1;predictive;58;1;59;1,0
33;0,005;1;predictive;59;1;81;0,7283950617283951
33;0,005;1;predictive;60;1;59;1,0
33;0,005;1;predictive;61;1;59;1,0
33;0,005;1;predictive;62;1;59;1,0
33;0,005;1;predictive;63;1;59;1,0
33;0,005;1;predictive;64;1;59;1,0
33;0,005;1;predictive;65;1;59;1,0
33;0,005;1;predictive;66;1;59;1,0
33;0,005;1;predictive;67;1;59;1,0
33;0,005;1;predictive;68;1;59;1,0
33;0,005;1;predictive;69;1;59;1,0
33;0,005;1;predictive;70;1;59;1,0
33;0,005;1;predictive;71;1;59;1,0
33;0,005;1;predictive;72;1;59;1,0
33;0,005;1;predictive;73;1;86;0,686046511627907
33;0,005;1;predictive;74;1;59;1,0
33;0,005;1;predictive;75;1;59;1,0
33;0,005;1;predictive;76;1;59;1,0
33;0,005;1;predictive;77;1;59;1,0
33;0,005;1;predictive;78;1;59;1,0
33;0,005;1;predictive;79;1;59;1,0
33;0,005;1;predictive;80;1;59;1,0
33;0,005;1;predictive;81;1;59;1,0
33;0,005;1;predictive;82;1;59;1,0
33;0,005;1;predictive;83;1;59;1,0
33;0,005;1;predictive;84;1;59;1,0
33;0,005;1;predictive;85;1;59;1,0
33;0,005;1;predictive;86;1;59;1,0
33;0,005;1;predictive;87;1;59;1,0
33;0,005;1;predictive;88;1;59;1,0
33;0,005;1;predictive;89;1;59;1,0
33;0,005;1;predictive;90;1;59;1,0
33;0,005;1;predictive;91;1;59;1,0
33;0,005;1;predictive;92;1;59;1,0
33;0,005;1;predictive;93;1;59;1,0
33;0,005;1;predictive;94;1;59;1,0
33;0,005;1;predictive;95;1;59;1,0
33;0,005;1;predictive;96;1;59;1,0
33;0,005;1;predictive;97;1;59;1,0
33;0,005;1;predictive;98;1;59;1,0
33;0,005;1;predictive;99;1;59;1,0
33;0,005;1;predictive;100;1;59;1,0
33;0,005;2;shortest;1;1;55;1,0
33;0,005;2;shortest;2;1;55;1,0
33;0,005;2;shortest;3;1;55;1,0
33;0,005;2;shortest;4;1;55;1,0
33;0,005;2;shortest;5;1;55;1,0
33;0,005;2;shortest;6;1;55;1,0
33;0,005;2;shortest;7;1;55;1,0
33;0,005;2;shortest;8;1;55;1,0
33;0,005;2;shortest;9;1;55;1,0
33;0,005;2;shortest;10;1;55;1,0
33;0,005;2;shortest;11;1;55;1,0
33;0,005;2;shortest;12;1;55;1,0
33;0,005;2;shortest;13;1;55;1,0
33;0,005;2;shortest;14;1;55;1,0
33;0,005;2;shortest;15;1;55;1,0
33;0,005;2;shortest;16;1;55;1,0
33;0,005;2;shortest;17;1;55;1,0
33;0,005;2;shortest;18;1;55;1,0
33;0,005;2;shortest;19;1;55;1,0
33;0,005;2;shortest;20;1;55;1,0
33;0,005;2;shortest;21;1;55;1,0
33;0,005;2;shortest;22;1;55;1,0
33;0,005;2;shortest;23;1;55;1,0
33;0,005;2;shortest;24;1;55;1,0
33;0,005;2;shortest;25;1;55;1,0
33;0,005;2;shortest;26;1;55;1,0
33;0,005;2;shortest;27;1;55;1,0
33;0,005;2;shortest;28;1;55;1,0
33;0,005;2;shortest;29;1;55;1,0
33;0,005;2;shortest;30;1;55;1,0
33;0,005;2;shortest;31;1;55;1,0
33;0,005;2;shortest;32;0;48;
33;0,005;2;shortest;33;1;55;1,0
33;0,005;2;shortest;34;1;55;1,0
33;0,005;2;shortest;35;1;55;1,0
33;0,005;2;shortest;36;1;55;1,0
33;0,005;2;shortest;37;1;55;1,0
33;0,005;2;shortest;38;1;55;1,0
33;0,005;2;shortest;39;1;55;1,0
33;0,005;2;shortest;40;1;55;1,0
33;0,005;2;shortest;41;1;55;1,0
33;0,005;2;shortest;42;0;47;
33;0,005;2;shortest;43;1;55;1,0
33;0,005;2;shortest;44;1;55;1,0
33;0,005;2;shortest;45;1;55;1,0
33;0,005;2;shortest;46;1;55;1,0
33;0,005;2;shortest;47;1;55;1,0
33;0,005;2;shortest;48;1;55;1,0
33;0,005;2;shortest;49;1;55;1,0
33;0,005;2;shortest;50;1;55;1,0
33;0,005;2;shortest;51;1;55;1,0
33;0,005;2;shortest;52;1;55;1,0
33;0,005;2;shortest;53;1;55;1,0
33;0,005;2;shortest;54;1;55;1,0
33;0,005;2;shortest;55;1;55;1,0
33;0,005;2;shortest;56;1;55;1,0
33;0,005;2;shortest;57;1;55;1,0
33;0,005;2;shortest;58;1;55;1,0
33;0,005;2;shortest;59;1;55;1,0
33;0,005;2;shortest;60;1;55;1,0
33;0,005;2;shortest;61;1;55;1,0
33;0,005;2;shortest;62;1;55;1,0
33;0,005;2;shortest;63;1;55;1,0
33;0,005;2;shortest;64;1;55;1,0
33;0,005;2;shortest;65;1;55;1,0
33;0,005;2;shortest;66;1;55;1,0
33;0,005;2;shortest;67;1;55;1,0
33;0,005;2;shortest;68;1;55;1,0
33;0,005;2;shortest;69;1;55;1,0
33;0,005;2;shortest;70;1;55;1,0
33;0,005;2;shortest;71;1;55;1,0
33;0,005;2;shortest;72;1;55;1,0
33;0,005;2;shortest;73;1;55;1,0
33;0,005;2;shortest;74;1;55;1,0
33;0,005;2;shortest;75;1;55;1,0
33;0,005;2;shortest;76;1;55;1,0
33;0,005;2;shortest;77;1;55;1,0
33;0,005;2;shortest;78;1;55;1,0
33;0,005;2;shortest;79;1;55;1,0
33;0,005;2;shortest;80;0;53;
33;0,005;2;shortest;81;1;55;1,0
33;0,005;2;shortest;82;1;55;1,0
33;0,005;2;shortest;83;1;55;1,0
33;0,005;2;shortest;84;1;55;1,0
33;0,005;2;shortest;85;1;55;1,0
33;0,005;2;shortest;86;1;55;1,0
33;0,005;2;shortest;87;1;55;1,0
33;0,005;2;shortest;88;1;55;1,0
33;0,005;2;shortest;89;1;55;1,0
33;0,005;2;shortest;90;1;55;1,0
33;0,005;2;shortest;91;1;55;1,0
33;0,005;2;shortest;92;1;55;1,0
33;0,005;2;shortest;93;1;55;1,0
33;0,005;2;shortest;94;1;55;1,0
33;0,005;2;shortest;95;1;55;1,0
33;0,005;2;shortest;96;1;55;1,0
33;0,005;2;shortest;97;1;55;1,0
33;0,005;2;shortest;98;1;55;1,0
33;0,005;2;shortest;99;1;55;1,0
33;0,005;2;shortest;100;1;55;1,0
33;0,005;2;safe;1;1;55;1,0
33;0,005;2;safe;2;1;55;1,0
33;0,005;2;safe;3;1;55;1,0
33;0,005;2;safe;4;1;55;1,0
33;0,005;2;safe;5;1;55;1,0
33;0,005;2;safe;6;1;55;1,0
33;0,005;2;safe;7;1;55;1,0
33;0,005;2;safe;8;1;55;1,0
33;0,005;2;safe;9;1;55;1,0
33;0,005;2;safe;10;1;55;1,0
33;0,005;2;safe;11;1;55;1,0
33;0,005;2;safe;12;1;55;1,0
33;0,005;2;safe;13;1;55;1,0
33;0,005;2;safe;14;1;55;1,0
33;0,005;2;safe;15;1;55;1,0
33;0,005;2;safe;16;1;55;1,0
33;0,005;2;safe;17;1;55;1,0
33;0,005;2;safe;18;1;55;1,0
33;0,005;2;safe;19;1;55;1,0
33;0,005;2;safe;20;1;55;1,0
33;0,005;2;safe;21;1;55;1,0
33;0,005;2;safe;22;1;55;1,0
33;0,005;2;safe;23;1;55;1,0
33;0,005;2;safe;24;1;55;1,0
33;0,005;2;safe;25;1;55;1,0
33;0,005;2;safe;26;1;55;1,0
33;0,005;2;safe;27;1;55;1,0
33;0,005;2;safe;28;1;55;1,0
33;0,005;2;safe;29;1;55;1,0
33;0,005;2;safe;30;1;55;1,0
33;0,005;2;safe;31;1;55;1,0
33;0,005;2;safe;32;0;48;
33;0,005;2;safe;33;1;55;1,0
33;0,005;2;safe;34;1;55;1,0
33;0,005;2;safe;35;1;55;1,0
33;0,005;2;safe;36;1;55;1,0
33;0,005;2;safe;37;1;55;1,0
33;0,005;2;safe;38;1;55;1,0
33;0,005;2;safe;39;1;55;1,0
33;0,005;2;safe;40;1;55;1,0
33;0,005;2;safe;41;1;55;1,0
33;0,005;2;safe;42;1;55;1,0
33;0,005;2;safe;43;1;55;1,0
33;0,005;2;safe;44;1;55;1,0
33;0,005;2;safe;45;1;55;1,0
33;0,005;2;safe;46;1;55;1,0
33;0,005;2;safe;47;1;55;1,0
33;0,005;2;safe;48;1;55;1,0
33;0,005;2;safe;49;1;55;1,0
33;0,005;2;safe;50;1;55;1,0
33;0,005;2;safe;51;1;55;1,0
33;0,005;2;safe;52;1;55;1,0
33;0,005;2;safe;53;1;55;1,0
33;0,005;2;safe;54;1;55;1,0
33;0,005;2;safe;55;1;55;1,0
33;0,005;2;safe;56;1;55;1,0
33;0,005;2;safe;57;1;55;1,0
33;0,005;2;safe;58;0;51;
33;0,005;2;safe;59;1;55;1,0
33;0,005;2;safe;60;1;55;1,0
33;0,005;2;safe;61;1;55;1,0
33;0,005;2;safe;62;1;55;1,0
33;0,005;2;safe;63;0;52;
33;0,005;2;safe;64;1;55;1,0
33;0,005;2;safe;65;1;55;1,0
33;0,005;2;safe;66;1;55;1,0
33;0,005;2;safe;67;1;55;1,0
33;0,005;2;safe;68;1;55;1,0
33;0,005;2;safe;69;1;55;1,0
33;0,005;2;safe;70;1;55;1,0
33;0,005;2;safe;71;1;55;1,0
33;0,005;2;safe;72;1;55;1,0
33;0,005;2;safe;73;1;55;1,0
33;0,005;2;safe;74;1;55;1,0
33;0,005;2;safe;75;1;55;1,0
33;0,005;2;safe;76;1;55;1,0
33;0,005;2;safe;77;1;55;1,0
33;0,005;2;safe;78;1;55;1,0
33;0,005;2;safe;79;1;55;1,0
33;0,005;2;safe;80;1;55;1,0
33;0,005;2;safe;81;1;55;1,0
33;0,005;2;safe;82;1;55;1,0
33;0,005;2;safe;83;1;55;1,0
33;0,005;2;safe;84;1;55;1,0
33;0,005;2;safe;85;1;55;1,0
33;0,005;2;safe;86;1;55;1,0
33;0,005;2;safe;87;1;55;1,0
33;0,005;2;safe;88;1;55;1,0
33;0,005;2;safe;89;1;55;1,0
33;0,005;2;safe;90;1;55;1,0
33;0,005;2;safe;91;1;55;1,0
33;0,005;2;safe;92;1;55;1,0
33;0,005;2;safe;93;1;55;1,0
33;0,005;2;safe;94;1;55;1,0
33;0,005;2;safe;95;1;55;1,0
33;0,005;2;safe;96;1;55;1,0
33;0,005;2;safe;97;1;55;1,0
33;0,005;2;safe;98;1;55;1,0
33;0,005;2;safe;99;1;55;1,0
33;0,005;2;safe;100;1;55;1,0
33;0,005;2;predictive;1;1;55;1,0
33;0,005;2;predictive;2;1;55;1,0
33;0,005;2;predictive;3;1;55;1,0
33;0,005;2;predictive;4;1;55;1,0
33;0,005;2;predictive;5;1;55;1,0
33;0,005;2;predictive;6;1;55;1,0
33;0,005;2;predictive;7;1;55;1,0
33;0,005;2;predictive;8;1;55;1,0
33;0,005;2;predictive;9;1;55;1,0
33;0,005;2;predictive;10;1;55;1,0
33;0,005;2;predictive;11;1;55;1,0
33;0,005;2;predictive;12;1;55;1,0
33;0,005;2;predictive;13;1;55;1,0
33;0,005;2;predictive;14;1;55;1,0
33;0,005;2;predictive;15;1;55;1,0
33;0,005;2;predictive;16;1;55;1,0
33;0,005;2;predictive;17;1;55;1,0
33;0,005;2;predictive;18;1;55;1,0
33;0,005;2;predictive;19;1;55;1,0
33;0,005;2;predictive;20;1;55;1,0
33;0,005;2;predictive;21;1;55;1,0
33;0,005;2;predictive;22;1;55;1,0
33;0,005;2;predictive;23;1;55;1,0
33;0,005;2;predictive;24;1;55;1,0
33;0,005;2;predictive;25;1;55;1,0
33;0,005;2;predictive;26;1;55;1,0
33;0,005;2;predictive;27;1;55;1,0
33;0,005;2;predictive;28;1;55;1,0
33;0,005;2;predictive;29;1;55;1,0
33;0,005;2;predictive;30;1;55;1,0
33;0,005;2;predictive;31;1;55;1,0
33;0,005;2;predictive;32;1;73;0,7534246575342466
33;0,005;2;predictive;33;1;55;1,0
33;0,005;2;predictive;34;1;55;1,0
33;0,005;2;predictive;35;1;55;1,0
33;0,005;2;predictive;36;1;55;1,0
33;0,005;2;predictive;37;1;55;1,0
33;0,005;2;predictive;38;1;64;0,859375
33;0,005;2;predictive;39;1;55;1,0
33;0,005;2;predictive;40;1;55;1,0
33;0,005;2;predictive;41;1;55;1,0
33;0,005;2;predictive;42;1;55;1,0
33;0,005;2;predictive;43;1;55;1,0
33;0,005;2;predictive;44;1;55;1,0
33;0,005;2;predictive;45;1;55;1,0
33;0,005;2;predictive;46;1;55;1,0
33;0,005;2;predictive;47;1;55;1,0
33;0,005;2;predictive;48;1;55;1,0
33;0,005;2;predictive;49;1;55;1,0
33;0,005;2;predictive;50;1;55;1,0
33;0,005;2;predictive;51;1;55;1,0
33;0,005;2;predictive;52;1;55;1,0
33;0,005;2;predictive;53;1;55;1,0
33;0,005;2;predictive;54;1;55;1,0
33;0,005;2;predictive;55;1;55;1,0
33;0,005;2;predictive;56;1;55;1,0
33;0,005;2;predictive;57;1;55;1,0
33;0,005;2;predictive;58;1;55;1,0
33;0,005;2;predictive;59;1;55;1,0
33;0,005;2;predictive;60;1;55;1,0
33;0,005;2;predictive;61;1;55;1,0
33;0,005;2;predictive;62;1;55;1,0
33;0,005;2;predictive;63;1;55;1,0
33;0,005;2;predictive;64;1;55;1,0
33;0,005;2;predictive;65;1;55;1,0
33;0,005;2;predictive;66;1;55;1,0
33;0,005;2;predictive;67;1;55;1,0
33;0,005;2;predictive;68;1;55;1,0
33;0,005;2;predictive;69;1;55;1,0
33;0,005;2;predictive;70;1;55;1,0
33;0,005;2;predictive;71;1;55;1,0
33;0,005;2;predictive;72;1;55;1,0
33;0,005;2;predictive;73;1;55;1,0
33;0,005;2;predictive;74;1;55;1,0
33;0,005;2;predictive;75;1;55;1,0
33;0,005;2;predictive;76;1;55;1,0
33;0,005;2;predictive;77;1;55;1,0
33;0,005;2;predictive;78;1;55;1,0
33;0,005;2;predictive;79;1;55;1,0
33;0,005;2;predictive;80;1;55;1,0
33;0,005;2;predictive;81;1;55;1,0
33;0,005;2;predictive;82;1;55;1,0
33;0,005;2;predictive;83;1;55;1,0
33;0,005;2;predictive;84;1;55;1,0
33;0,005;2;predictive;85;1;55;1,0
33;0,005;2;predictive;86;1;55;1,0
33;0,005;2;predictive;87;1;55;1,0
33;0,005;2;predictive;88;1;55;1,0
33;0,005;2;predictive;89;1;55;1,0
33;0,005;2;predictive;90;1;55;1,0
33;0,005;2;predictive;91;1;55;1,0
33;0,005;2;predictive;92;1;55;1,0
33;0,005;2;predictive;93;1;55;1,0
33;0,005;2;predictive;94;1;55;1,0
33;0,005;2;predictive;95;1;55;1,0
33;0,005;2;predictive;96;1;55;1,0
33;0,005;2;predictive;97;1;55;1,0
33;0,005;2;predictive;98;1;55;1,0
33;0,005;2;predictive;99;1;55;1,0
33;0,005;2;predictive;100;1;55;1,0
33;0,005;3;shortest;1;1;41;1,0
33;0,005;3;shortest;2;1;41;1,0
33;0,005;3;shortest;3;1;41;1,0
33;0,005;3;shortest;4;1;41;1,0
33;0,005;3;shortest;5;1;41;1,0
33;0,005;3;shortest;6;1;41;1,0
33;0,005;3;shortest;7;1;41;1,0
33;0,005;3;shortest;8;1;41;1,0
33;0,005;3;shortest;9;1;41;1,0
33;0,005;3;shortest;10;1;41;1,0
33;0,005;3;shortest;11;1;41;1,0
33;0,005;3;shortest;12;1;41;1,0
33;0,005;3;shortest;13;1;41;1,0
33;0,005;3;shortest;14;1;41;1,0
33;0,005;3;shortest;15;1;41;1,0
33;0,005;3;shortest;16;1;41;1,0
33;0,005;3;shortest;17;1;41;1,0
33;0,005;3;shortest;18;1;41;1,0
33;0,005;3;shortest;19;1;41;1,0
33;0,005;3;shortest;20;1;41;1,0
33;0,005;3;shortest;21;1;41;1,0
33;0,005;3;shortest;22;1;41;1,0
33;0,005;3;shortest;23;1;41;1,0
33;0,005;3;shortest;24;1;41;1,0
33;0,005;3;shortest;25;1;41;1,0
33;0,005;3;shortest;26;1;41;1,0
33;0,005;3;shortest;27;1;41;1,0
33;0,005;3;shortest;28;1;41;1,0
33;0,005;3;shortest;29;1;41;1,0
33;0,005;3;shortest;30;1;41;1,0
33;0,005;3;shortest;31;1;41;1,0
33;0,005;3;shortest;32;1;41;1,0
33;0,005;3;shortest;33;1;41;1,0
33;0,005;3;shortest;34;1;41;1,0
33;0,005;3;shortest;35;1;41;1,0
33;0,005;3;shortest;36;1;41;1,0
33;0,005;3;shortest;37;1;41;1,0
33;0,005;3;shortest;38;1;41;1,0
33;0,005;3;shortest;39;1;41;1,0
33;0,005;3;shortest;40;1;41;1,0
33;0,005;3;shortest;41;1;41;1,0
33;0,005;3;shortest;42;1;41;1,0
33;0,005;3;shortest;43;1;41;1,0
33;0,005;3;shortest;44;1;41;1,0
33;0,005;3;shortest;45;1;41;1,0
33;0,005;3;shortest;46;1;41;1,0
33;0,005;3;shortest;47;1;41;1,0
33;0,005;3;shortest;48;1;41;1,0
33;0,005;3;shortest;49;1;41;1,0
33;0,005;3;shortest;50;0;38;
33;0,005;3;shortest;51;1;41;1,0
33;0,005;3;shortest;52;1;41;1,0
33;0,005;3;shortest;53;1;41;1,0
33;0,005;3;shortest;54;1;41;1,0
33;0,005;3;shortest;55;1;41;1,0
33;0,005;3;shortest;56;1;41;1,0
33;0,005;3;shortest;57;1;41;1,0
33;0,005;3;shortest;58;1;41;1,0
33;0,005;3;shortest;59;1;41;1,0
33;0,005;3;shortest;60;0;40;
33;0,005;3;shortest;61;1;41;1,0
33;0,005;3;shortest;62;1;41;1,0
33;0,005;3;shortest;63;1;41;1,0
33;0,005;3;shortest;64;1;41;1,0
33;0,005;3;shortest;65;1;41;1,0
33;0,005;3;shortest;66;1;41;1,0
33;0,005;3;shortest;67;1;41;1,0
33;0,005;3;shortest;68;1;41;1,0
33;0,005;3;shortest;69;1;41;1,0
33;0,005;3;shortest;70;0;38;
33;0,005;3;shortest;71;1;41;1,0
33;0,005;3;shortest;72;1;41;1,0
33;0,005;3;shortest;73;1;41;1,0
33;0,005;3;shortest;74;1;41;1,0
33;0,005;3;shortest;75;1;41;1,0
33;0,005;3;shortest;76;1;41;1,0
33;0,005;3;shortest;77;1;41;1,0
33;0,005;3;shortest;78;1;41;1,0
33;0,005;3;shortest;79;1;41;1,0
33;0,005;3;shortest;80;1;41;1,0
33;0,005;3;shortest;81;1;41;1,0
33;0,005;3;shortest;82;1;41;1,0
33;0,005;3;shortest;83;1;41;1,0
33;0,005;3;shortest;84;1;41;1,0
33;0,005;3;shortest;85;1;41;1,0
33;0,005;3;shortest;86;1;41;1,0
33;0,005;3;shortest;87;1;41;1,0
33;0,005;3;shortest;88;1;41;1,0
33;0,005;3;shortest;89;1;41;1,0
33;0,005;3;shortest;90;1;41;1,0
33;0,005;3;shortest;91;0;33;
33;0,005;3;shortest;92;1;41;1,0
33;0,005;3;shortest;93;1;41;1,0
33;0,005;3;shortest;94;1;41;1,0
33;0,005;3;shortest;95;1;41;1,0
33;0,005;3;shortest;96;1;41;1,0
33;0,005;3;shortest;97;1;41;1,0
33;0,005;3;shortest;98;1;41;1,0
33;0,005;3;shortest;99;1;41;1,0
33;0,005;3;shortest;100;1;41;1,0
33;0,005;3;safe;1;1;41;1,0
33;0,005;3;safe;2;1;41;1,0
33;0,005;3;safe;3;1;41;1,0
33;0,005;3;safe;4;1;41;1,0
33;0,005;3;safe;5;1;41;1,0
33;0,005;3;safe;6;1;41;1,0
33;0,005;3;safe;7;1;41;1,0
33;0,005;3;safe;8;1;41;1,0
33;0,005;3;safe;9;1;41;1,0
33;0,005;3;safe;10;1;41;1,0
33;0,005;3;safe;11;1;41;1,0
33;0,005;3;safe;12;1;41;1,0
33;0,005;3;safe;13;1;41;1,0
33;0,005;3;safe;14;1;41;1,0
33;0,005;3;safe;15;1;41;1,0
33;0,005;3;safe;16;1;41;1,0
33;0,005;3;safe;17;1;41;1,0
33;0,005;3;safe;18;1;41;1,0
33;0,005;3;safe;19;1;41;1,0
33;0,005;3;safe;20;1;41;1,0
33;0,005;3;safe;21;1;41;1,0
33;0,005;3;safe;22;1;41;1,0
33;0,005;3;safe;23;1;41;1,0
33;0,005;3;safe;24;1;41;1,0
33;0,005;3;safe;25;1;41;1,0
33;0,005;3;safe;26;1;41;1,0
33;0,005;3;safe;27;1;41;1,0
33;0,005;3;safe;28;1;41;1,0
33;0,005;3;safe;29;1;41;1,0
33;0,005;3;safe;30;1;41;1,0
33;0,005;3;safe;31;1;41;1,0
33;0,005;3;safe;32;1;41;1,0
33;0,005;3;safe;33;1;41;1,0
33;0,005;3;safe;34;1;41;1,0
33;0,005;3;safe;35;1;41;1,0
33;0,005;3;safe;36;1;41;1,0
33;0,005;3;safe;37;1;41;1,0
33;0,005;3;safe;38;1;41;1,0
33;0,005;3;safe;39;1;41;1,0
33;0,005;3;safe;40;1;41;1,0
33;0,005;3;safe;41;1;41;1,0
33;0,005;3;safe;42;1;41;1,0
33;0,005;3;safe;43;1;41;1,0
33;0,005;3;safe;44;1;41;1,0
33;0,005;3;safe;45;1;41;1,0
33;0,005;3;safe;46;1;41;1,0
33;0,005;3;safe;47;1;41;1,0
33;0,005;3;safe;48;1;41;1,0
33;0,005;3;safe;49;1;41;1,0
33;0,005;3;safe;50;1;42;0,9761904761904762
33;0,005;3;safe;51;1;41;1,0
33;0,005;3;safe;52;1;41;1,0
33;0,005;3;safe;53;1;41;1,0
33;0,005;3;safe;54;1;41;1,0
33;0,005;3;safe;55;1;41;1,0
33;0,005;3;safe;56;1;41;1,0
33;0,005;3;safe;57;1;41;1,0
33;0,005;3;safe;58;1;41;1,0
33;0,005;3;safe;59;1;41;1,0
33;0,005;3;safe;60;1;41;1,0
33;0,005;3;safe;61;1;41;1,0
33;0,005;3;safe;62;1;41;1,0
33;0,005;3;safe;63;1;41;1,0
33;0,005;3;safe;64;1;41;1,0
33;0,005;3;safe;65;1;41;1,0
33;0,005;3;safe;66;1;41;1,0
33;0,005;3;safe;67;1;41;1,0
33;0,005;3;safe;68;1;41;1,0
33;0,005;3;safe;69;1;41;1,0
33;0,005;3;safe;70;1;41;1,0
33;0,005;3;safe;71;1;41;1,0
33;0,005;3;safe;72;1;41;1,0
33;0,005;3;safe;73;1;41;1,0
33;0,005;3;safe;74;1;41;1,0
33;0,005;3;safe;75;1;41;1,0
33;0,005;3;safe;76;1;41;1,0
33;0,005;3;safe;77;1;41;1,0
33;0,005;3;safe;78;1;41;1,0
33;0,005;3;safe;79;1;41;1,0
33;0,005;3;safe;80;1;41;1,0
33;0,005;3;safe;81;1;41;1,0
33;0,005;3;safe;82;1;41;1,0
33;0,005;3;safe;83;1;41;1,0
33;0,005;3;safe;84;1;41;1,0
33;0,005;3;safe;85;1;41;1,0
33;0,005;3;safe;86;1;41;1,0
33;0,005;3;safe;87;1;41;1,0
33;0,005;3;safe;88;1;41;1,0
33;0,005;3;safe;89;1;41;1,0
33;0,005;3;safe;90;1;41;1,0
33;0,005;3;safe;91;1;41;1,0
33;0,005;3;safe;92;1;41;1,0
33;0,005;3;safe;93;1;41;1,0
33;0,005;3;safe;94;1;41;1,0
33;0,005;3;safe;95;1;41;1,0
33;0,005;3;safe;96;1;41;1,0
33;0,005;3;safe;97;1;41;1,0
33;0,005;3;safe;98;1;41;1,0
33;0,005;3;safe;99;1;41;1,0
33;0,005;3;safe;100;1;41;1,0
33;0,005;3;predictive;1;1;41;1,0
33;0,005;3;predictive;2;1;41;1,0
33;0,005;3;predictive;3;1;41;1,0
33;0,005;3;predictive;4;1;41;1,0
33;0,005;3;predictive;5;1;41;1,0
33;0,005;3;predictive;6;1;41;1,0
33;0,005;3;predictive;7;1;41;1,0
33;0,005;3;predictive;8;1;41;1,0
33;0,005;3;predictive;9;1;41;1,0
33;0,005;3;predictive;10;1;41;1,0
33;0,005;3;predictive;11;1;41;1,0
33;0,005;3;predictive;12;1;41;1,0
33;0,005;3;predictive;13;1;41;1,0
33;0,005;3;predictive;14;1;41;1,0
33;0,005;3;predictive;15;1;41;1,0
33;0,005;3;predictive;16;1;41;1,0
33;0,005;3;predictive;17;1;41;1,0
33;0,005;3;predictive;18;1;41;1,0
33;0,005;3;predictive;19;1;41;1,0
33;0,005;3;predictive;20;1;41;1,0
33;0,005;3;predictive;21;1;41;1,0
33;0,005;3;predictive;22;1;41;1,0
33;0,005;3;predictive;23;1;41;1,0
33;0,005;3;predictive;24;1;41;1,0
33;0,005;3;predictive;25;1;41;1,0
33;0,005;3;predictive;26;1;41;1,0
33;0,005;3;predictive;27;1;41;1,0
33;0,005;3;predictive;28;1;41;1,0
33;0,005;3;predictive;29;1;41;1,0
33;0,005;3;predictive;30;1;41;1,0
33;0,005;3;predictive;31;1;41;1,0
33;0,005;3;predictive;32;1;41;1,0
33;0,005;3;predictive;33;1;41;1,0
33;0,005;3;predictive;34;1;41;1,0
33;0,005;3;predictive;35;1;41;1,0
33;0,005;3;predictive;36;1;41;1,0
33;0,005;3;predictive;37;1;41;1,0
33;0,005;3;predictive;38;1;41;1,0
33;0,005;3;predictive;39;1;41;1,0
33;0,005;3;predictive;40;1;41;1,0
33;0,005;3;predictive;41;1;41;1,0
33;0,005;3;predictive;42;1;41;1,0
33;0,005;3;predictive;43;1;41;1,0
33;0,005;3;predictive;44;1;41;1,0
33;0,005;3;predictive;45;1;41;1,0
33;0,005;3;predictive;46;1;41;1,0
33;0,005;3;predictive;47;1;41;1,0
33;0,005;3;predictive;48;1;41;1,0
33;0,005;3;predictive;49;1;41;1,0
33;0,005;3;predictive;50;1;43;0,9534883720930233
33;0,005;3;predictive;51;1;41;1,0
33;0,005;3;predictive;52;1;41;1,0
33;0,005;3;predictive;53;1;41;1,0
33;0,005;3;predictive;54;1;41;1,0
33;0,005;3;predictive;55;1;41;1,0
33;0,005;3;predictive;56;1;41;1,0
33;0,005;3;predictive;57;1;41;1,0
33;0,005;3;predictive;58;1;41;1,0
33;0,005;3;predictive;59;1;41;1,0
33;0,005;3;predictive;60;1;41;1,0
33;0,005;3;predictive;61;1;41;1,0
33;0,005;3;predictive;62;1;41;1,0
33;0,005;3;predictive;63;1;41;1,0
33;0,005;3;predictive;64;1;41;1,0
33;0,005;3;predictive;65;1;41;1,0
33;0,005;3;predictive;66;0;43;
33;0,005;3;predictive;67;1;41;1,0
33;0,005;3;predictive;68;1;41;1,0
33;0,005;3;predictive;69;1;41;1,0
33;0,005;3;predictive;70;1;41;1,0
33;0,005;3;predictive;71;1;41;1,0
33;0,005;3;predictive;72;1;41;1,0
33;0,005;3;predictive;73;1;41;1,0
33;0,005;3;predictive;74;1;41;1,0
33;0,005;3;predictive;75;1;41;1,0
33;0,005;3;predictive;76;1;41;1,0
33;0,005;3;predictive;77;1;41;1,0
33;0,005;3;predictive;78;1;41;1,0
33;0,005;3;predictive;79;1;41;1,0
33;0,005;3;predictive;80;1;41;1,0
33;0,005;3;predictive;81;1;41;1,0
33;0,005;3;predictive;82;1;41;1,0
33;0,005;3;predictive;83;1;41;1,0
33;0,005;3;predictive;84;1;41;1,0
33;0,005;3;predictive;85;1;41;1,0
33;0,005;3;predictive;86;1;41;1,0
33;0,005;3;predictive;87;1;41;1,0
33;0,005;3;predictive;88;1;41;1,0
33;0,005;3;predictive;89;1;41;1,0
33;0,005;3;predictive;90;1;41;1,0
33;0,005;3;predictive;91;1;41;1,0
33;0,005;3;predictive;92;1;41;1,0
33;0,005;3;predictive;93;1;41;1,0
33;0,005;3;predictive;94;1;41;1,0
33;0,005;3;predictive;95;1;41;1,0
33;0,005;3;predictive;96;1;41;1,0
33;0,005;3;predictive;97;1;41;1,0
33;0,005;3;predictive;98;1;41;1,0
33;0,005;3;predictive;99;1;41;1,0
33;0,005;3;predictive;100;1;41;1,0
33;0,01;1;shortest;1;0;16;
33;0,01;1;shortest;2;1;59;1,0
33;0,01;1;shortest;3;1;59;1,0
33;0,01;1;shortest;4;1;59;1,0
33;0,01;1;shortest;5;1;59;1,0
33;0,01;1;shortest;6;1;59;1,0
33;0,01;1;shortest;7;1;59;1,0
33;0,01;1;shortest;8;1;59;1,0
33;0,01;1;shortest;9;1;59;1,0
33;0,01;1;shortest;10;1;59;1,0
33;0,01;1;shortest;11;1;59;1,0
33;0,01;1;shortest;12;1;59;1,0
33;0,01;1;shortest;13;0;54;
33;0,01;1;shortest;14;1;59;1,0
33;0,01;1;shortest;15;1;59;1,0
33;0,01;1;shortest;16;1;59;1,0
33;0,01;1;shortest;17;1;59;1,0
33;0,01;1;shortest;18;1;59;1,0
33;0,01;1;shortest;19;0;56;
33;0,01;1;shortest;20;1;59;1,0
33;0,01;1;shortest;21;1;59;1,0
33;0,01;1;shortest;22;0;20;
33;0,01;1;shortest;23;1;59;1,0
33;0,01;1;shortest;24;1;59;1,0
33;0,01;1;shortest;25;1;59;1,0
33;0,01;1;shortest;26;1;59;1,0
33;0,01;1;shortest;27;1;59;1,0
33;0,01;1;shortest;28;1;59;1,0
33;0,01;1;shortest;29;1;59;1,0
33;0,01;1;shortest;30;1;59;1,0
33;0,01;1;shortest;31;1;59;1,0
33;0,01;1;shortest;32;1;59;1,0
33;0,01;1;shortest;33;1;59;1,0
33;0,01;1;shortest;34;1;59;1,0
33;0,01;1;shortest;35;1;59;1,0
33;0,01;1;shortest;36;1;59;1,0
33;0,01;1;shortest;37;1;59;1,0
33;0,01;1;shortest;38;1;59;1,0
33;0,01;1;shortest;39;1;59;1,0
33;0,01;1;shortest;40;1;59;1,0
33;0,01;1;shortest;41;1;59;1,0
33;0,01;1;shortest;42;0;55;
33;0,01;1;shortest;43;1;59;1,0
33;0,01;1;shortest;44;1;59;1,0
33;0,01;1;shortest;45;1;59;1,0
33;0,01;1;shortest;46;0;52;
33;0,01;1;shortest;47;1;59;1,0
33;0,01;1;shortest;48;1;59;1,0
33;0,01;1;shortest;49;1;59;1,0
33;0,01;1;shortest;50;1;59;1,0
33;0,01;1;shortest;51;1;59;1,0
33;0,01;1;shortest;52;0;58;
33;0,01;1;shortest;53;1;59;1,0
33;0,01;1;shortest;54;1;59;1,0
33;0,01;1;shortest;55;1;59;1,0
33;0,01;1;shortest;56;1;59;1,0
33;0,01;1;shortest;57;1;59;1,0
33;0,01;1;shortest;58;1;59;1,0
33;0,01;1;shortest;59;1;59;1,0
33;0,01;1;shortest;60;1;59;1,0
33;0,01;1;shortest;61;1;59;1,0
33;0,01;1;shortest;62;1;59;1,0
33;0,01;1;shortest;63;0;49;
33;0,01;1;shortest;64;1;59;1,0
33;0,01;1;shortest;65;1;59;1,0
33;0,01;1;shortest;66;1;59;1,0
33;0,01;1;shortest;67;1;59;1,0
33;0,01;1;shortest;68;1;59;1,0
33;0,01;1;shortest;69;1;59;1,0
33;0,01;1;shortest;70;0;56;
33;0,01;1;shortest;71;1;59;1,0
33;0,01;1;shortest;72;0;58;
33;0,01;1;shortest;73;1;59;1,0
33;0,01;1;shortest;74;1;59;1,0
33;0,01;1;shortest;75;0;47;
33;0,01;1;shortest;76;1;59;1,0
33;0,01;1;shortest;77;1;59;1,0
33;0,01;1;shortest;78;0;47;
33;0,01;1;shortest;79;1;59;1,0
33;0,01;1;shortest;80;0;58;
33;0,01;1;shortest;81;1;59;1,0
33;0,01;1;shortest;82;1;59;1,0
33;0,01;1;shortest;83;1;59;1,0
33;0,01;1;shortest;84;1;59;1,0
33;0,01;1;shortest;85;1;59;1,0
33;0,01;1;shortest;86;1;59;1,0
33;0,01;1;shortest;87;1;59;1,0
33;0,01;1;shortest;88;1;59;1,0
33;0,01;1;shortest;89;0;44;
33;0,01;1;shortest;90;1;59;1,0
33;0,01;1;shortest;91;1;59;1,0
33;0,01;1;shortest;92;1;59;1,0
33;0,01;1;shortest;93;1;59;1,0
33;0,01;1;shortest;94;1;59;1,0
33;0,01;1;shortest;95;1;59;1,0
33;0,01;1;shortest;96;1;59;1,0
33;0,01;1;shortest;97;1;59;1,0
33;0,01;1;shortest;98;1;59;1,0
33;0,01;1;shortest;99;1;59;1,0
33;0,01;1;shortest;100;1;59;1,0
33;0,01;1;safe;1;0;16;
33;0,01;1;safe;2;1;59;1,0
33;0,01;1;safe;3;1;59;1,0
33;0,01;1;safe;4;1;59;1,0
33;0,01;1;safe;5;1;59;1,0
33;0,01;1;safe;6;1;59;1,0
33;0,01;1;safe;7;1;59;1,0
33;0,01;1;safe;8;1;59;1,0
33;0,01;1;safe;9;1;59;1,0
33;0,01;1;safe;10;1;59;1,0
33;0,01;1;safe;11;1;59;1,0
33;0,01;1;safe;12;1;59;1,0
33;0,01;1;safe;13;0;54;
33;0,01;1;safe;14;1;59;1,0
33;0,01;1;safe;15;1;59;1,0
33;0,01;1;safe;16;1;59;1,0
33;0,01;1;safe;17;1;59;1,0
33;0,01;1;safe;18;1;59;1,0
33;0,01;1;safe;19;1;60;0,9833333333333333
33;0,01;1;safe;20;1;59;1,0
33;0,01;1;safe;21;0;48;
33;0,01;1;safe;22;1;59;1,0
33;0,01;1;safe;23;1;59;1,0
33;0,01;1;safe;24;0;16;
33;0,01;1;safe;25;1;59;1,0
33;0,01;1;safe;26;1;60;0,9833333333333333
33;0,01;1;safe;27;1;59;1,0
33;0,01;1;safe;28;1;59;1,0
33;0,01;1;safe;29;1;59;1,0
33;0,01;1;safe;30;1;59;1,0
33;0,01;1;safe;31;1;59;1,0
33;0,01;1;safe;32;1;59;1,0
33;0,01;1;safe;33;1;59;1,0
33;0,01;1;safe;34;1;59;1,0
33;0,01;1;safe;35;1;59;1,0
33;0,01;1;safe;36;1;59;1,0
33;0,01;1;safe;37;1;59;1,0
33;0,01;1;safe;38;1;59;1,0
33;0,01;1;safe;39;1;59;1,0
33;0,01;1;safe;40;1;59;1,0
33;0,01;1;safe;41;1;59;1,0
33;0,01;1;safe;42;0;55;
33;0,01;1;safe;43;1;59;1,0
33;0,01;1;safe;44;1;59;1,0
33;0,01;1;safe;45;1;59;1,0
33;0,01;1;safe;46;0;59;
33;0,01;1;safe;47;1;59;1,0
33;0,01;1;safe;48;0;19;
33;0,01;1;safe;49;1;59;1,0
33;0,01;1;safe;50;0;55;
33;0,01;1;safe;51;1;59;1,0
33;0,01;1;safe;52;1;59;1,0
33;0,01;1;safe;53;1;59;1,0
33;0,01;1;safe;54;1;59;1,0
33;0,01;1;safe;55;1;59;1,0
33;0,01;1;safe;56;1;59;1,0
33;0,01;1;safe;57;1;59;1,0
33;0,01;1;safe;58;1;59;1,0
33;0,01;1;safe;59;1;59;1,0
33;0,01;1;safe;60;1;59;1,0
33;0,01;1;safe;61;1;59;1,0
33;0,01;1;safe;62;1;59;1,0
33;0,01;1;safe;63;1;59;1,0
33;0,01;1;safe;64;1;59;1,0
33;0,01;1;safe;65;1;59;1,0
33;0,01;1;safe;66;1;59;1,0
33;0,01;1;safe;67;1;59;1,0
33;0,01;1;safe;68;1;59;1,0
33;0,01;1;safe;69;1;59;1,0
33;0,01;1;safe;70;1;59;1,0
33;0,01;1;safe;71;1;59;1,0
33;0,01;1;safe;72;1;59;1,0
33;0,01;1;safe;73;1;59;1,0
33;0,01;1;safe;74;1;59;1,0
33;0,01;1;safe;75;1;59;1,0
33;0,01;1;safe;76;1;59;1,0
33;0,01;1;safe;77;1;59;1,0
33;0,01;1;safe;78;1;59;1,0
33;0,01;1;safe;79;1;59;1,0
33;0,01;1;safe;80;1;59;1,0
33;0,01;1;safe;81;1;59;1,0
33;0,01;1;safe;82;1;59;1,0
33;0,01;1;safe;83;1;59;1,0
33;0,01;1;safe;84;1;59;1,0
33;0,01;1;safe;85;1;59;1,0
33;0,01;1;safe;86;1;59;1,0
33;0,01;1;safe;87;1;59;1,0
33;0,01;1;safe;88;1;59;1,0
33;0,01;1;safe;89;1;59;1,0
33;0,01;1;safe;90;1;59;1,0
33;0,01;1;safe;91;0;56;
33;0,01;1;safe;92;1;59;1,0
33;0,01;1;safe;93;1;59;1,0
33;0,01;1;safe;94;1;59;1,0
33;0,01;1;safe;95;1;59;1,0
33;0,01;1;safe;96;0;17;
33;0,01;1;safe;97;1;59;1,0
33;0,01;1;safe;98;1;59;1,0
33;0,01;1;safe;99;1;59;1,0
33;0,01;1;safe;100;1;59;1,0
33;0,01;1;predictive;1;1;126;0,46825396825396826
33;0,01;1;predictive;2;1;59;1,0
33;0,01;1;predictive;3;1;59;1,0
33;0,01;1;predictive;4;1;59;1,0
33;0,01;1;predictive;5;1;59;1,0
33;0,01;1;predictive;6;1;59;1,0
33;0,01;1;predictive;7;1;59;1,0
33;0,01;1;predictive;8;1;59;1,0
33;0,01;1;predictive;9;1;59;1,0
33;0,01;1;predictive;10;1;59;1,0
33;0,01;1;predictive;11;1;59;1,0
33;0,01;1;predictive;12;1;59;1,0
33;0,01;1;predictive;13;1;59;1,0
33;0,01;1;predictive;14;1;59;1,0
33;0,01;1;predictive;15;1;59;1,0
33;0,01;1;predictive;16;1;59;1,0
33;0,01;1;predictive;17;1;59;1,0
33;0,01;1;predictive;18;1;59;1,0
33;0,01;1;predictive;19;1;59;1,0
33;0,01;1;predictive;20;1;71;0,8309859154929577
33;0,01;1;predictive;21;1;59;1,0
33;0,01;1;predictive;22;1;59;1,0
33;0,01;1;predictive;23;1;59;1,0
33;0,01;1;predictive;24;1;59;1,0
33;0,01;1;predictive;25;1;59;1,0
33;0,01;1;predictive;26;1;59;1,0
33;0,01;1;predictive;27;1;59;1,0
33;0,01;1;predictive;28;1;59;1,0
33;0,01;1;predictive;29;1;59;1,0
33;0,01;1;predictive;30;1;59;1,0
33;0,01;1;predictive;31;1;59;1,0
33;0,01;1;predictive;32;1;59;1,0
33;0,01;1;predictive;33;1;59;1,0
33;0,01;1;predictive;34;1;59;1,0
33;0,01;1;predictive;35;1;59;1,0
33;0,01;1;predictive;36;1;59;1,0
33;0,01;1;predictive;37;1;59;1,0
33;0,01;1;predictive;38;1;130;0,45384615384615384
33;0,01;1;predictive;39;1;59;1,0
33;0,01;1;predictive;40;1;59;1,0
33;0,01;1;predictive;41;1;59;1,0
33;0,01;1;predictive;42;1;59;1,0
33;0,01;1;predictive;43;1;59;1,0
33;0,01;1;predictive;44;1;59;1,0
33;0,01;1;predictive;45;1;62;0,9516129032258065
33;0,01;1;predictive;46;1;64;0,921875
33;0,01;1;predictive;47;1;59;1,0
33;0,01;1;predictive;48;1;59;1,0
33;0,01;1;predictive;49;1;59;1,0
33;0,01;1;predictive;50;1;79;0,7468354430379747
33;0,01;1;predictive;51;1;59;1,0
33;0,01;1;predictive;52;1;59;1,0
33;0,01;1;predictive;53;1;59;1,0
33;0,01;1;predictive;54;1;59;1,0
33;0,01;1;predictive;55;1;59;1,0
33;0,01;1;predictive;56;1;60;0,9833333333333333
33;0,01;1;predictive;57;1;59;1,0
33;0,01;1;predictive;58;1;59;1,0
33;0,01;1;predictive;59;1;59;1,0
33;0,01;1;predictive;60;1;59;1,0
33;0,01;1;predictive;61;1;59;1,0
33;0,01;1;predictive;62;1;59;1,0
33;0,01;1;predictive;63;1;59;1,0
33;0,01;1;predictive;64;1;61;0,9672131147540983
33;0,01;1;predictive;65;1;59;1,0
33;0,01;1;predictive;66;1;59;1,0
33;0,01;1;predictive;67;1;59;1,0
33;0,01;1;predictive;68;1;59;1,0
33;0,01;1;predictive;69;1;59;1,0
33;0,01;1;predictive;70;1;59;1,0
33;0,01;1;predictive;71;1;59;1,0
33;0,01;1;predictive;72;1;59;1,0
33;0,01;1;predictive;73;1;59;1,0
33;0,01;1;predictive;74;1;59;1,0
33;0,01;1;predictive;75;1;59;1,0
33;0,01;1;predictive;76;1;59;1,0
33;0,01;1;predictive;77;1;59;1,0
33;0,01;1;predictive;78;1;59;1,0
33;0,01;1;predictive;79;1;59;1,0
33;0,01;1;predictive;80;1;59;1,0
33;0,01;1;predictive;81;1;59;1,0
33;0,01;1;predictive;82;1;59;1,0
33;0,01;1;predictive;83;1;59;1,0
33;0,01;1;predictive;84;1;59;1,0
33;0,01;1;predictive;85;1;59;1,0
33;0,01;1;predictive;86;1;59;1,0
33;0,01;1;predictive;87;1;59;1,0
33;0,01;1;predictive;88;1;59;1,0
33;0,01;1;predictive;89;1;59;1,0
33;0,01;1;predictive;90;1;59;1,0
33;0,01;1;predictive;91;1;59;1,0
33;0,01;1;predictive;92;1;62;0,9516129032258065
33;0,01;1;predictive;93;1;59;1,0
33;0,01;1;predictive;94;1;67;0,8805970149253731
33;0,01;1;predictive;95;1;59;1,0
33;0,01;1;predictive;96;1;59;1,0
33;0,01;1;predictive;97;1;59;1,0
33;0,01;1;predictive;98;1;59;1,0
33;0,01;1;predictive;99;1;59;1,0
33;0,01;1;predictive;100;1;59;1,0
33;0,01;2;shortest;1;1;55;1,0
33;0,01;2;shortest;2;1;55;1,0
33;0,01;2;shortest;3;1;55;1,0
33;0,01;2;shortest;4;1;55;1,0
33;0,01;2;shortest;5;0;44;
33;0,01;2;shortest;6;1;55;1,0
33;0,01;2;shortest;7;1;55;1,0
33;0,01;2;shortest;8;1;55;1,0
33;0,01;2;shortest;9;1;55;1,0
33;0,01;2;shortest;10;1;55;1,0
33;0,01;2;shortest;11;1;55;1,0
33;0,01;2;shortest;12;1;55;1,0
33;0,01;2;shortest;13;0;52;
33;0,01;2;shortest;14;1;55;1,0
33;0,01;2;shortest;15;1;55;1,0
33;0,01;2;shortest;16;1;55;1,0
33;0,01;2;shortest;17;0;43;
33;0,01;2;shortest;18;1;55;1,0
33;0,01;2;shortest;19;1;55;1,0
33;0,01;2;shortest;20;1;55;1,0
33;0,01;2;shortest;21;1;55;1,0
33;0,01;2;shortest;22;1;55;1,0
33;0,01;2;shortest;23;1;55;1,0
33;0,01;2;shortest;24;1;55;1,0
33;0,01;2;shortest;25;1;55;1,0
33;0,01;2;shortest;26;1;55;1,0
33;0,01;2;shortest;27;1;55;1,0
33;0,01;2;shortest;28;1;55;1,0
33;0,01;2;shortest;29;1;55;1,0
33;0,01;2;shortest;30;1;55;1,0
33;0,01;2;shortest;31;1;55;1,0
33;0,01;2;shortest;32;1;55;1,0
33;0,01;2;shortest;33;1;55;1,0
33;0,01;2;shortest;34;1;55;1,0
33;0,01;2;shortest;35;1;55;1,0
33;0,01;2;shortest;36;1;55;1,0
33;0,01;2;shortest;37;1;55;1,0
33;0,01;2;shortest;38;1;55;1,0
33;0,01;2;shortest;39;1;55;1,0
33;0,01;2;shortest;40;1;55;1,0
33;0,01;2;shortest;41;0;49;
33;0,01;2;shortest;42;0;52;
33;0,01;2;shortest;43;0;48;
33;0,01;2;shortest;44;1;55;1,0
33;0,01;2;shortest;45;1;55;1,0
33;0,01;2;shortest;46;1;55;1,0
33;0,01;2;shortest;47;1;55;1,0
33;0,01;2;shortest;48;1;55;1,0
33;0,01;2;shortest;49;1;55;1,0
33;0,01;2;shortest;50;1;55;1,0
33;0,01;2;shortest;51;1;55;1,0
33;0,01;2;shortest;52;1;55;1,0
33;0,01;2;shortest;53;1;55;1,0
33;0,01;2;shortest;54;1;55;1,0
33;0,01;2;shortest;55;1;55;1,0
33;0,01;2;shortest;56;1;55;1,0
33;0,01;2;shortest;57;1;55;1,0
33;0,01;2;shortest;58;1;55;1,0
33;0,01;2;shortest;59;1;55;1,0
33;0,01;2;shortest;60;0;50;
33;0,01;2;shortest;61;1;55;1,0
33;0,01;2;shortest;62;1;55;1,0
33;0,01;2;shortest;63;1;55;1,0
33;0,01;2;shortest;64;1;55;1,0
33;0,01;2;shortest;65;1;55;1,0
33;0,01;2;shortest;66;1;55;1,0
33;0,01;2;shortest;67;1;55;1,0
33;0,01;2;shortest;68;1;55;1,0
33;0,01;2;shortest;69;1;55;1,0
33;0,01;2;shortest;70;1;55;1,0
33;0,01;2;shortest;71;1;55;1,0
33;0,01;2;shortest;72;1;55;1,0
33;0,01;2;shortest;73;1;55;1,0
33;0,01;2;shortest;74;1;55;1,0
33;0,01;2;shortest;75;0;51;
33;0,01;2;shortest;76;1;55;1,0
33;0,01;2;shortest;77;1;55;1,0
33;0,01;2;shortest;78;1;55;1,0
33;0,01;2;shortest;79;1;55;1,0
33;0,01;2;shortest;80;0;51;
33;0,01;2;shortest;81;1;55;1,0
33;0,01;2;shortest;82;1;55;1,0
33;0,01;2;shortest;83;1;55;1,0
33;0,01;2;shortest;84;1;55;1,0
33;0,01;2;shortest;85;1;55;1,0
33;0,01;2;shortest;86;1;55;1,0
33;0,01;2;shortest;87;1;55;1,0
33;0,01;2;shortest;88;1;55;1,0
33;0,01;2;shortest;89;1;55;1,0
33;0,01;2;shortest;90;0;51;
33;0,01;2;shortest;91;0;43;
33;0,01;2;shortest;92;1;55;1,0
33;0,01;2;shortest;93;1;55;1,0
33;0,01;2;shortest;94;0;54;
33;0,01;2;shortest;95;1;55;1,0
33;0,01;2;shortest;96;1;55;1,0
33;0,01;2;shortest;97;1;55;1,0
33;0,01;2;shortest;98;1;55;1,0
33;0,01;2;shortest;99;1;55;1,0
33;0,01;2;shortest;100;1;55;1,0
33;0,01;2;safe;1;1;55;1,0
33;0,01;2;safe;2;1;55;1,0
33;0,01;2;safe;3;1;55;1,0
33;0,01;2;safe;4;1;55;1,0
33;0,01;2;safe;5;0;44;
33;0,01;2;safe;6;1;55;1,0
33;0,01;2;safe;7;1;55;1,0
33;0,01;2;safe;8;1;55;1,0
33;0,01;2;safe;9;1;55;1,0
33;0,01;2;safe;10;0;53;
33;0,01;2;safe;11;1;55;1,0
33;0,01;2;safe;12;1;55;1,0
33;0,01;2;safe;13;1;55;1,0
33;0,01;2;safe;14;1;55;1,0
33;0,01;2;safe;15;1;55;1,0
33;0,01;2;safe;16;1;55;1,0
33;0,01;2;safe;17;0;43;
33;0,01;2;safe;18;1;55;1,0
33;0,01;2;safe;19;1;55;1,0
33;0,01;2;safe;20;1;55;1,0
33;0,01;2;safe;21;1;55;1,0
33;0,01;2;safe;22;0;53;
33;0,01;2;safe;23;1;55;1,0
33;0,01;2;safe;24;1;55;1,0
33;0,01;2;safe;25;1;55;1,0
33;0,01;2;safe;26;0;50;
33;0,01;2;safe;27;1;55;1,0
33;0,01;2;safe;28;1;55;1,0
33;0,01;2;safe;29;1;55;1,0
33;0,01;2;safe;30;1;55;1,0
33;0,01;2;safe;31;1;55;1,0
33;0,01;2;safe;32;1;55;1,0
33;0,01;2;safe;33;1;55;1,0
33;0,01;2;safe;34;1;55;1,0
33;0,01;2;safe;35;1;55;1,0
33;0,01;2;safe;36;1;55;1,0
33;0,01;2;safe;37;1;55;1,0
33;0,01;2;safe;38;0;52;
33;0,01;2;safe;39;1;55;1,0
33;0,01;2;safe;40;1;55;1,0
33;0,01;2;safe;41;0;54;
33;0,01;2;safe;42;1;55;1,0
33;0,01;2;safe;43;1;55;1,0
33;0,01;2;safe;44;0;50;
33;0,01;2;safe;45;1;55;1,0
33;0,01;2;safe;46;1;55;1,0
33;0,01;2;safe;47;1;55;1,0
33;0,01;2;safe;48;1;55;1,0
33;0,01;2;safe;49;1;55;1,0
33;0,01;2;safe;50;1;55;1,0
33;0,01;2;safe;51;0;52;
33;0,01;2;safe;52;1;55;1,0
33;0,01;2;safe;53;1;55;1,0
33;0,01;2;safe;54;1;55;1,0
33;0,01;2;safe;55;1;55;1,0
33;0,01;2;safe;56;1;55;1,0
33;0,01;2;safe;57;1;55;1,0
33;0,01;2;safe;58;1;55;1,0
33;0,01;2;safe;59;1;55;1,0
33;0,01;2;safe;60;1;55;1,0
33;0,01;2;safe;61;1;55;1,0
33;0,01;2;safe;62;1;55;1,0
33;0,01;2;safe;63;1;55;1,0
33;0,01;2;safe;64;1;55;1,0
33;0,01;2;safe;65;0;44;
33;0,01;2;safe;66;1;55;1,0
33;0,01;2;safe;67;1;55;1,0
33;0,01;2;safe;68;0;53;
33;0,01;2;safe;69;1;55;1,0
33;0,01;2;safe;70;1;55;1,0
33;0,01;2;safe;71;1;55;1,0
33;0,01;2;safe;72;1;55;1,0
33;0,01;2;safe;73;1;55;1,0
33;0,01;2;safe;74;1;55;1,0
33;0,01;2;safe;75;1;55;1,0
33;0,01;2;safe;76;1;55;1,0
33;0,01;2;safe;77;1;55;1,0
33;0,01;2;safe;78;0;53;
33;0,01;2;safe;79;1;55;1,0
33;0,01;2;safe;80;1;55;1,0
33;0,01;2;safe;81;1;55;1,0
33;0,01;2;safe;82;1;55;1,0
33;0,01;2;safe;83;1;55;1,0
33;0,01;2;safe;84;1;55;1,0
33;0,01;2;safe;85;1;55;1,0
33;0,01;2;safe;86;0;51;
33;0,01;2;safe;87;1;55;1,0
33;0,01;2;safe;88;1;55;1,0
33;0,01;2;safe;89;1;55;1,0
33;0,01;2;safe;90;1;55;1,0
33;0,01;2;safe;91;1;55;1,0
33;0,01;2;safe;92;1;55;1,0
33;0,01;2;safe;93;1;55;1,0
33;0,01;2;safe;94;1;55;1,0
33;0,01;2;safe;95;1;55;1,0
33;0,01;2;safe;96;1;55;1,0
33;0,01;2;safe;97;1;55;1,0
33;0,01;2;safe;98;1;55;1,0
33;0,01;2;safe;99;1;55;1,0
33;0,01;2;safe;100;1;55;1,0
33;0,01;2;predictive;1;1;55;1,0
33;0,01;2;predictive;2;1;55;1,0
33;0,01;2;predictive;3;1;55;1,0
33;0,01;2;predictive;4;1;55;1,0
33;0,01;2;predictive;5;1;137;0,40145985401459855
33;0,01;2;predictive;6;1;55;1,0
33;0,01;2;predictive;7;1;55;1,0
33;0,01;2;predictive;8;1;55;1,0
33;0,01;2;predictive;9;1;55;1,0
33;0,01;2;predictive;10;1;55;1,0
33;0,01;2;predictive;11;1;55;1,0
33;0,01;2;predictive;12;1;55;1,0
33;0,01;2;predictive;13;1;55;1,0
33;0,01;2;predictive;14;1;71;0,7746478873239436
33;0,01;2;predictive;15;1;55;1,0
33;0,01;2;predictive;16;1;83;0,6626506024096386
33;0,01;2;predictive;17;1;55;1,0
33;0,01;2;predictive;18;1;97;0,5670103092783505
33;0,01;2;predictive;19;1;55;1,0
33;0,01;2;predictive;20;1;55;1,0
33;0,01;2;predictive;21;1;55;1,0
33;0,01;2;predictive;22;1;55;1,0
33;0,01;2;predictive;23;1;55;1,0
33;0,01;2;predictive;24;1;55;1,0
33;0,01;2;predictive;25;1;55;1,0
33;0,01;2;predictive;26;1;55;1,0
33;0,01;2;predictive;27;1;55;1,0
33;0,01;2;predictive;28;1;55;1,0
33;0,01;2;predictive;29;1;55;1,0
33;0,01;2;predictive;30;1;55;1,0
33;0,01;2;predictive;31;1;55;1,0
33;0,01;2;predictive;32;1;55;1,0
33;0,01;2;predictive;33;1;55;1,0
33;0,01;2;predictive;34;1;55;1,0
33;0,01;2;predictive;35;1;55;1,0
33;0,01;2;predictive;36;1;55;1,0
33;0,01;2;predictive;37;1;55;1,0
33;0,01;2;predictive;38;1;55;1,0
33;0,01;2;predictive;39;1;55;1,0
33;0,01;2;predictive;40;1;55;1,0
33;0,01;2;predictive;41;1;55;1,0
33;0,01;2;predictive;42;1;55;1,0
33;0,01;2;predictive;43;1;55;1,0
33;0,01;2;predictive;44;1;55;1,0
33;0,01;2;predictive;45;1;55;1,0
33;0,01;2;predictive;46;1;55;1,0
33;0,01;2;predictive;47;1;55;1,0
33;0,01;2;predictive;48;1;55;1,0
33;0,01;2;predictive;49;1;55;1,0
33;0,01;2;predictive;50;1;55;1,0
33;0,01;2;predictive;51;1;55;1,0
33;0,01;2;predictive;52;1;55;1,0
33;0,01;2;predictive;53;1;55;1,0
33;0,01;2;predictive;54;1;55;1,0
33;0,01;2;predictive;55;1;55;1,0
33;0,01;2;predictive;56;1;55;1,0
33;0,01;2;predictive;57;1;55;1,0
33;0,01;2;predictive;58;1;55;1,0
33;0,01;2;predictive;59;1;55;1,0
33;0,01;2;predictive;60;1;70;0,7857142857142857
33;0,01;2;predictive;61;1;55;1,0
33;0,01;2;predictive;62;1;55;1,0
33;0,01;2;predictive;63;1;55;1,0
33;0,01;2;predictive;64;1;55;1,0
33;0,01;2;predictive;65;1;55;1,0
33;0,01;2;predictive;66;1;55;1,0
33;0,01;2;predictive;67;1;55;1,0
33;0,01;2;predictive;68;1;55;1,0
33;0,01;2;predictive;69;1;55;1,0
33;0,01;2;predictive;70;1;75;0,7333333333333333
33;0,01;2;predictive;71;1;55;1,0
33;0,01;2;predictive;72;1;55;1,0
33;0,01;2;predictive;73;1;55;1,0
33;0,01;2;predictive;74;1;55;1,0
33;0,01;2;predictive;75;1;55;1,0
33;0,01;2;predictive;76;1;55;1,0
33;0,01;2;predictive;77;1;55;1,0
33;0,01;2;predictive;78;1;55;1,0
33;0,01;2;predictive;79;1;55;1,0
33;0,01;2;predictive;80;1;149;0,3691275167785235
33;0,01;2;predictive;81;1;55;1,0
33;0,01;2;predictive;82;1;55;1,0
33;0,01;2;predictive;83;1;55;1,0
33;0,01;2;predictive;84;1;55;1,0
33;0,01;2;predictive;85;1;55;1,0
33;0,01;2;predictive;86;1;55;1,0
33;0,01;2;predictive;87;1;55;1,0
33;0,01;2;predictive;88;1;55;1,0
33;0,01;2;predictive;89;1;55;1,0
33;0,01;2;predictive;90;1;55;1,0
33;0,01;2;predictive;91;1;55;1,0
33;0,01;2;predictive;92;1;55;1,0
33;0,01;2;predictive;93;1;55;1,0
33;0,01;2;predictive;94;1;55;1,0
33;0,01;2;predictive;95;1;55;1,0
33;0,01;2;predictive;96;1;55;1,0
33;0,01;2;predictive;97;1;55;1,0
33;0,01;2;predictive;98;1;55;1,0
33;0,01;2;predictive;99;1;55;1,0
33;0,01;2;predictive;100;1;55;1,0
33;0,01;3;shortest;1;1;41;1,0
33;0,01;3;shortest;2;1;41;1,0
33;0,01;3;shortest;3;1;41;1,0
33;0,01;3;shortest;4;1;41;1,0
33;0,01;3;shortest;5;0;38;
33;0,01;3;shortest;6;1;41;1,0
33;0,01;3;shortest;7;1;41;1,0
33;0,01;3;shortest;8;1;41;1,0
33;0,01;3;shortest;9;1;41;1,0
33;0,01;3;shortest;10;1;41;1,0
33;0,01;3;shortest;11;1;41;1,0
33;0,01;3;shortest;12;1;41;1,0
33;0,01;3;shortest;13;1;41;1,0
33;0,01;3;shortest;14;1;41;1,0
33;0,01;3;shortest;15;1;41;1,0
33;0,01;3;shortest;16;1;41;1,0
33;0,01;3;shortest;17;1;41;1,0
33;0,01;3;shortest;18;1;41;1,0
33;0,01;3;shortest;19;1;41;1,0
33;0,01;3;shortest;20;1;41;1,0
33;0,01;3;shortest;21;1;41;1,0
33;0,01;3;shortest;22;1;41;1,0
33;0,01;3;shortest;23;0;39;
33;0,01;3;shortest;24;1;41;1,0
33;0,01;3;shortest;25;1;41;1,0
33;0,01;3;shortest;26;1;41;1,0
33;0,01;3;shortest;27;1;41;1,0
33;0,01;3;shortest;28;1;41;1,0
33;0,01;3;shortest;29;1;41;1,0
33;0,01;3;shortest;30;1;41;1,0
33;0,01;3;shortest;31;1;41;1,0
33;0,01;3;shortest;32;1;41;1,0
33;0,01;3;shortest;33;1;41;1,0
33;0,01;3;shortest;34;1;41;1,0
33;0,01;3;shortest;35;1;41;1,0
33;0,01;3;shortest;36;1;41;1,0
33;0,01;3;shortest;37;1;41;1,0
33;0,01;3;shortest;38;1;41;1,0
33;0,01;3;shortest;39;1;41;1,0
33;0,01;3;shortest;40;1;41;1,0
33;0,01;3;shortest;41;1;41;1,0
33;0,01;3;shortest;42;1;41;1,0
33;0,01;3;shortest;43;1;41;1,0
33;0,01;3;shortest;44;1;41;1,0
33;0,01;3;shortest;45;1;41;1,0
33;0,01;3;shortest;46;1;41;1,0
33;0,01;3;shortest;47;1;41;1,0
33;0,01;3;shortest;48;1;41;1,0
33;0,01;3;shortest;49;1;41;1,0
33;0,01;3;shortest;50;1;41;1,0
33;0,01;3;shortest;51;1;41;1,0
33;0,01;3;shortest;52;1;41;1,0
33;0,01;3;shortest;53;1;41;1,0
33;0,01;3;shortest;54;1;41;1,0
33;0,01;3;shortest;55;1;41;1,0
33;0,01;3;shortest;56;1;41;1,0
33;0,01;3;shortest;57;1;41;1,0
33;0,01;3;shortest;58;1;41;1,0
33;0,01;3;shortest;59;1;41;1,0
33;0,01;3;shortest;60;1;41;1,0
33;0,01;3;shortest;61;1;41;1,0
33;0,01;3;shortest;62;1;41;1,0
33;0,01;3;shortest;63;1;41;1,0
33;0,01;3;shortest;64;0;32;
33;0,01;3;shortest;65;1;41;1,0
33;0,01;3;shortest;66;1;41;1,0
33;0,01;3;shortest;67;1;41;1,0
33;0,01;3;shortest;68;1;41;1,0
33;0,01;3;shortest;69;1;41;1,0
33;0,01;3;shortest;70;0;33;
33;0,01;3;shortest;71;1;41;1,0
33;0,01;3;shortest;72;1;41;1,0
33;0,01;3;shortest;73;1;41;1,0
33;0,01;3;shortest;74;1;41;1,0
33;0,01;3;shortest;75;1;41;1,0
33;0,01;3;shortest;76;1;41;1,0
33;0,01;3;shortest;77;1;41;1,0
33;0,01;3;shortest;78;1;41;1,0
33;0,01;3;shortest;79;1;41;1,0
33;0,01;3;shortest;80;1;41;1,0
33;0,01;3;shortest;81;1;41;1,0
33;0,01;3;shortest;82;1;41;1,0
33;0,01;3;shortest;83;1;41;1,0
33;0,01;3;shortest;84;1;41;1,0
33;0,01;3;shortest;85;1;41;1,0
33;0,01;3;shortest;86;1;41;1,0
33;0,01;3;shortest;87;1;41;1,0
33;0,01;3;shortest;88;1;41;1,0
33;0,01;3;shortest;89;1;41;1,0
33;0,01;3;shortest;90;1;41;1,0
33;0,01;3;shortest;91;1;41;1,0
33;0,01;3;shortest;92;1;41;1,0
33;0,01;3;shortest;93;1;41;1,0
33;0,01;3;shortest;94;1;41;1,0
33;0,01;3;shortest;95;1;41;1,0
33;0,01;3;shortest;96;1;41;1,0
33;0,01;3;shortest;97;1;41;1,0
33;0,01;3;shortest;98;1;41;1,0
33;0,01;3;shortest;99;1;41;1,0
33;0,01;3;shortest;100;1;41;1,0
33;0,01;3;safe;1;1;41;1,0
33;0,01;3;safe;2;1;41;1,0
33;0,01;3;safe;3;1;41;1,0
33;0,01;3;safe;4;1;41;1,0
33;0,01;3;safe;5;0;41;
33;0,01;3;safe;6;1;41;1,0
33;0,01;3;safe;7;1;41;1,0
33;0,01;3;safe;8;1;41;1,0
33;0,01;3;safe;9;1;41;1,0
33;0,01;3;safe;10;0;40;
33;0,01;3;safe;11;1;41;1,0
33;0,01;3;safe;12;1;41;1,0
33;0,01;3;safe;13;1;41;1,0
33;0,01;3;safe;14;1;41;1,0
33;0,01;3;safe;15;1;41;1,0
33;0,01;3;safe;16;1;41;1,0
33;0,01;3;safe;17;1;41;1,0
33;0,01;3;safe;18;1;41;1,0
33;0,01;3;safe;19;1;41;1,0
33;0,01;3;safe;20;1;41;1,0
33;0,01;3;safe;21;1;41;1,0
33;0,01;3;safe;22;1;41;1,0
33;0,01;3;safe;23;1;41;1,0
33;0,01;3;safe;24;1;41;1,0
33;0,01;3;safe;25;1;41;1,0
33;0,01;3;safe;26;1;41;1,0
33;0,01;3;safe;27;1;41;1,0
33;0,01;3;safe;28;1;41;1,0
33;0,01;3;safe;29;1;41;1,0
33;0,01;3;safe;30;1;41;1,0
33;0,01;3;safe;31;1;41;1,0
33;0,01;3;safe;32;1;41;1,0
33;0,01;3;safe;33;1;41;1,0
33;0,01;3;safe;34;1;41;1,0
33;0,01;3;safe;35;1;41;1,0
33;0,01;3;safe;36;1;41;1,0
33;0,01;3;safe;37;1;41;1,0
33;0,01;3;safe;38;1;41;1,0
33;0,01;3;safe;39;1;41;1,0
33;0,01;3;safe;40;1;41;1,0
33;0,01;3;safe;41;1;41;1,0
33;0,01;3;safe;42;1;41;1,0
33;0,01;3;safe;43;1;41;1,0
33;0,01;3;safe;44;1;41;1,0
33;0,01;3;safe;45;1;41;1,0
33;0,01;3;safe;46;1;41;1,0
33;0,01;3;safe;47;1;41;1,0
33;0,01;3;safe;48;1;41;1,0
33;0,01;3;safe;49;1;41;1,0
33;0,01;3;safe;50;1;41;1,0
33;0,01;3;safe;51;1;41;1,0
33;0,01;3;safe;52;1;41;1,0
33;0,01;3;safe;53;1;41;1,0
33;0,01;3;safe;54;1;41;1,0
33;0,01;3;safe;55;1;41;1,0
33;0,01;3;safe;56;1;41;1,0
33;0,01;3;safe;57;1;41;1,0
33;0,01;3;safe;58;1;41;1,0
33;0,01;3;safe;59;1;41;1,0
33;0,01;3;safe;60;1;41;1,0
33;0,01;3;safe;61;1;41;1,0
33;0,01;3;safe;62;0;39;
33;0,01;3;safe;63;1;41;1,0
33;0,01;3;safe;64;1;41;1,0
33;0,01;3;safe;65;1;41;1,0
33;0,01;3;safe;66;1;41;1,0
33;0,01;3;safe;67;1;41;1,0
33;0,01;3;safe;68;1;41;1,0
33;0,01;3;safe;69;1;41;1,0
33;0,01;3;safe;70;1;41;1,0
33;0,01;3;safe;71;1;41;1,0
33;0,01;3;safe;72;1;41;1,0
33;0,01;3;safe;73;1;41;1,0
33;0,01;3;safe;74;1;41;1,0
33;0,01;3;safe;75;1;41;1,0
33;0,01;3;safe;76;1;41;1,0
33;0,01;3;safe;77;1;41;1,0
33;0,01;3;safe;78;1;41;1,0
33;0,01;3;safe;79;1;41;1,0
33;0,01;3;safe;80;1;41;1,0
33;0,01;3;safe;81;0;28;
33;0,01;3;safe;82;1;41;1,0
33;0,01;3;safe;83;1;41;1,0
33;0,01;3;safe;84;1;41;1,0
33;0,01;3;safe;85;1;41;1,0
33;0,01;3;safe;86;1;41;1,0
33;0,01;3;safe;87;1;41;1,0
33;0,01;3;safe;88;1;41;1,0
33;0,01;3;safe;89;1;41;1,0
33;0,01;3;safe;90;1;41;1,0
33;0,01;3;safe;91;1;41;1,0
33;0,01;3;safe;92;1;41;1,0
33;0,01;3;safe;93;1;41;1,0
33;0,01;3;safe;94;1;41;1,0
33;0,01;3;safe;95;1;41;1,0
33;0,01;3;safe;96;1;41;1,0
33;0,01;3;safe;97;1;41;1,0
33;0,01;3;safe;98;1;41;1,0
33;0,01;3;safe;99;1;41;1,0
33;0,01;3;safe;100;1;41;1,0
33;0,01;3;predictive;1;1;41;1,0
33;0,01;3;predictive;2;1;41;1,0
33;0,01;3;predictive;3;1;41;1,0
33;0,01;3;predictive;4;1;41;1,0
33;0,01;3;predictive;5;1;47;0,8723404255319149
33;0,01;3;predictive;6;1;41;1,0
33;0,01;3;predictive;7;1;41;1,0
33;0,01;3;predictive;8;1;41;1,0
33;0,01;3;predictive;9;1;41;1,0
33;0,01;3;predictive;10;1;41;1,0
33;0,01;3;predictive;11;1;41;1,0
33;0,01;3;predictive;12;1;41;1,0
33;0,01;3;predictive;13;1;45;0,9111111111111111
33;0,01;3;predictive;14;1;41;1,0
33;0,01;3;predictive;15;1;41;1,0
33;0,01;3;predictive;16;1;41;1,0
33;0,01;3;predictive;17;1;41;1,0
33;0,01;3;predictive;18;1;41;1,0
33;0,01;3;predictive;19;1;41;1,0
33;0,01;3;predictive;20;1;41;1,0
33;0,01;3;predictive;21;1;41;1,0
33;0,01;3;predictive;22;1;41;1,0
33;0,01;3;predictive;23;1;41;1,0
33;0,01;3;predictive;24;1;41;1,0
33;0,01;3;predictive;25;1;41;1,0
33;0,01;3;predictive;26;1;41;1,0
33;0,01;3;predictive;27;1;41;1,0
33;0,01;3;predictive;28;1;41;1,0
33;0,01;3;predictive;29;1;41;1,0
33;0,01;3;predictive;30;1;41;1,0
33;0,01;3;predictive;31;1;41;1,0
33;0,01;3;predictive;32;1;41;1,0
33;0,01;3;predictive;33;1;41;1,0
33;0,01;3;predictive;34;1;41;1,0
33;0,01;3;predictive;35;1;41;1,0
33;0,01;3;predictive;36;1;41;1,0
33;0,01;3;predictive;37;1;45;0,9111111111111111
33;0,01;3;predictive;38;1;41;1,0
33;0,01;3;predictive;39;1;41;1,0
33;0,01;3;predictive;40;1;41;1,0
33;0,01;3;predictive;41;1;41;1,0
33;0,01;3;predictive;42;1;41;1,0
33;0,01;3;predictive;43;1;41;1,0
33;0,01;3;predictive;44;1;41;1,0
33;0,01;3;predictive;45;1;41;1,0
33;0,01;3;predictive;46;1;41;1,0
33;0,01;3;predictive;47;1;41;1,0
33;0,01;3;predictive;48;1;41;1,0
33;0,01;3;predictive;49;1;41;1,0
33;0,01;3;predictive;50;1;41;1,0
33;0,01;3;predictive;51;1;41;1,0
33;0,01;3;predictive;52;1;41;1,0
33;0,01;3;predictive;53;1;41;1,0
33;0,01;3;predictive;54;1;41;1,0
33;0,01;3;predictive;55;1;41;1,0
33;0,01;3;predictive;56;1;41;1,0
33;0,01;3;predictive;57;1;41;1,0
33;0,01;3;predictive;58;1;41;1,0
33;0,01;3;predictive;59;1;41;1,0
33;0,01;3;predictive;60;1;41;1,0
33;0,01;3;predictive;61;1;41;1,0
33;0,01;3;predictive;62;1;41;1,0
33;0,01;3;predictive;63;1;50;0,82
33;0,01;3;predictive;64;1;41;1,0
33;0,01;3;predictive;65;1;41;1,0
33;0,01;3;predictive;66;1;42;0,9761904761904762
33;0,01;3;predictive;67;1;41;1,0
33;0,01;3;predictive;68;1;41;1,0
33;0,01;3;predictive;69;1;41;1,0
33;0,01;3;predictive;70;1;41;1,0
33;0,01;3;predictive;71;1;55;0,7454545454545455
33;0,01;3;predictive;72;1;41;1,0
33;0,01;3;predictive;73;1;41;1,0
33;0,01;3;predictive;74;1;41;1,0
33;0,01;3;predictive;75;1;41;1,0
33;0,01;3;predictive;76;1;41;1,0
33;0,01;3;predictive;77;1;41;1,0
33;0,01;3;predictive;78;1;41;1,0
33;0,01;3;predictive;79;1;41;1,0
33;0,01;3;predictive;80;1;41;1,0
33;0,01;3;predictive;81;1;41;1,0
33;0,01;3;predictive;82;1;41;1,0
33;0,01;3;predictive;83;1;41;1,0
33;0,01;3;predictive;84;1;41;1,0
33;0,01;3;predictive;85;1;41;1,0
33;0,01;3;predictive;86;1;41;1,0
33;0,01;3;predictive;87;1;41;1,0
33;0,01;3;predictive;88;1;41;1,0
33;0,01;3;predictive;89;1;41;1,0
33;0,01;3;predictive;90;1;41;1,0
33;0,01;3;predictive;91;1;41;1,0
33;0,01;3;predictive;92;1;41;1,0
33;0,01;3;predictive;93;1;44;0,9318181818181818
33;0,01;3;predictive;94;1;41;1,0
33;0,01;3;predictive;95;1;41;1,0
33;0,01;3;predictive;96;1;41;1,0
33;0,01;3;predictive;97;1;41;1,0
33;0,01;3;predictive;98;1;41;1,0
33;0,01;3;predictive;99;1;41;1,0
33;0,01;3;predictive;100;1;41;1,0
33;0,02;1;shortest;1;1;59;1,0
33;0,02;1;shortest;2;0;55;
33;0,02;1;shortest;3;0;58;
33;0,02;1;shortest;4;0;57;
33;0,02;1;shortest;5;1;59;1,0
33;0,02;1;shortest;6;1;59;1,0
33;0,02;1;shortest;7;1;59;1,0
33;0,02;1;shortest;8;0;54;
33;0,02;1;shortest;9;1;59;1,0
33;0,02;1;shortest;10;1;59;1,0
33;0,02;1;shortest;11;0;16;
33;0,02;1;shortest;12;1;59;1,0
33;0,02;1;shortest;13;1;59;1,0
33;0,02;1;shortest;14;1;59;1,0
33;0,02;1;shortest;15;1;59;1,0
33;0,02;1;shortest;16;0;56;
33;0,02;1;shortest;17;1;59;1,0
33;0,02;1;shortest;18;1;59;1,0
33;0,02;1;shortest;19;1;59;1,0
33;0,02;1;shortest;20;0;16;
33;0,02;1;shortest;21;1;59;1,0
33;0,02;1;shortest;22;1;59;1,0
33;0,02;1;shortest;23;1;59;1,0
33;0,02;1;shortest;24;1;59;1,0
33;0,02;1;shortest;25;1;59;1,0
33;0,02;1;shortest;26;0;16;
33;0,02;1;shortest;27;1;59;1,0
33;0,02;1;shortest;28;1;59;1,0
33;0,02;1;shortest;29;1;59;1,0
33;0,02;1;shortest;30;1;59;1,0
33;0,02;1;shortest;31;1;59;1,0
33;0,02;1;shortest;32;1;59;1,0
33;0,02;1;shortest;33;1;59;1,0
33;0,02;1;shortest;34;1;59;1,0
33;0,02;1;shortest;35;1;59;1,0
33;0,02;1;shortest;36;1;59;1,0
33;0,02;1;shortest;37;1;59;1,0
33;0,02;1;shortest;38;1;59;1,0
33;0,02;1;shortest;39;1;59;1,0
33;0,02;1;shortest;40;1;59;1,0
33;0,02;1;shortest;41;0;49;
33;0,02;1;shortest;42;0;56;
33;0,02;1;shortest;43;1;59;1,0
33;0,02;1;shortest;44;1;59;1,0
33;0,02;1;shortest;45;1;59;1,0
33;0,02;1;shortest;46;1;59;1,0
33;0,02;1;shortest;47;0;14;
33;0,02;1;shortest;48;0;57;
33;0,02;1;shortest;49;1;59;1,0
33;0,02;1;shortest;50;0;58;
33;0,02;1;shortest;51;0;15;
33;0,02;1;shortest;52;1;59;1,0
33;0,02;1;shortest;53;1;59;1,0
33;0,02;1;shortest;54;1;59;1,0
33;0,02;1;shortest;55;0;16;
33;0,02;1;shortest;56;1;59;1,0
33;0,02;1;shortest;57;1;59;1,0
33;0,02;1;shortest;58;1;59;1,0
33;0,02;1;shortest;59;1;59;1,0
33;0,02;1;shortest;60;1;59;1,0
33;0,02;1;shortest;61;1;59;1,0
33;0,02;1;shortest;62;1;59;1,0
33;0,02;1;shortest;63;1;59;1,0
33;0,02;1;shortest;64;1;59;1,0
33;0,02;1;shortest;65;0;54;
33;0,02;1;shortest;66;0;13;
33;0,02;1;shortest;67;1;59;1,0
33;0,02;1;shortest;68;0;15;
33;0,02;1;shortest;69;1;59;1,0
33;0,02;1;shortest;70;0;15;
33;0,02;1;shortest;71;0;14;
33;0,02;1;shortest;72;0;15;
33;0,02;1;shortest;73;1;59;1,0
33;0,02;1;shortest;74;1;59;1,0
33;0,02;1;shortest;75;1;59;1,0
33;0,02;1;shortest;76;1;59;1,0
33;0,02;1;shortest;77;1;59;1,0
33;0,02;1;shortest;78;1;59;1,0
33;0,02;1;shortest;79;1;59;1,0
33;0,02;1;shortest;80;1;59;1,0
33;0,02;1;shortest;81;1;59;1,0
33;0,02;1;shortest;82;0;16;
33;0,02;1;shortest;83;1;59;1,0
33;0,02;1;shortest;84;1;59;1,0
33;0,02;1;shortest;85;1;59;1,0
33;0,02;1;shortest;86;0;14;
33;0,02;1;shortest;87;1;59;1,0
33;0,02;1;shortest;88;1;59;1,0
33;0,02;1;shortest;89;1;59;1,0
33;0,02;1;shortest;90;1;59;1,0
33;0,02;1;shortest;91;0;47;
33;0,02;1;shortest;92;1;59;1,0
33;0,02;1;shortest;93;1;59;1,0
33;0,02;1;shortest;94;1;59;1,0
33;0,02;1;shortest;95;1;59;1,0
33;0,02;1;shortest;96;1;59;1,0
33;0,02;1;shortest;97;1;59;1,0
33;0,02;1;shortest;98;0;56;
33;0,02;1;shortest;99;1;59;1,0
33;0,02;1;shortest;100;0;57;
33;0,02;1;safe;1;1;59;1,0
33;0,02;1;safe;2;0;55;
33;0,02;1;safe;3;0;58;
33;0,02;1;safe;4;0;57;
33;0,02;1;safe;5;1;59;1,0
33;0,02;1;safe;6;1;59;1,0
33;0,02;1;safe;7;1;59;1,0
33;0,02;1;safe;8;0;58;
33;0,02;1;safe;9;1;59;1,0
33;0,02;1;safe;10;0;21;
33;0,02;1;safe;11;1;59;1,0
33;0,02;1;safe;12;1;59;1,0
33;0,02;1;safe;13;1;59;1,0
33;0,02;1;safe;14;1;60;0,9833333333333333
33;0,02;1;safe;15;0;52;
33;0,02;1;safe;16;1;59;1,0
33;0,02;1;safe;17;0;54;
33;0,02;1;safe;18;1;59;1,0
33;0,02;1;safe;19;1;59;1,0
33;0,02;1;safe;20;1;59;1,0
33;0,02;1;safe;21;1;59;1,0
33;0,02;1;safe;22;1;59;1,0
33;0,02;1;safe;23;1;59;1,0
33;0,02;1;safe;24;1;59;1,0
33;0,02;1;safe;25;0;55;
33;0,02;1;safe;26;1;59;1,0
33;0,02;1;safe;27;1;59;1,0
33;0,02;1;safe;28;0;15;
33;0,02;1;safe;29;1;59;1,0
33;0,02;1;safe;30;1;59;1,0
33;0,02;1;safe;31;1;59;1,0
33;0,02;1;safe;32;1;59;1,0
33;0,02;1;safe;33;1;59;1,0
33;0,02;1;safe;34;1;59;1,0
33;0,02;1;safe;35;1;59;1,0
33;0,02;1;safe;36;1;59;1,0
33;0,02;1;safe;37;1;59;1,0
33;0,02;1;safe;38;1;59;1,0
33;0,02;1;safe;39;1;59;1,0
33;0,02;1;safe;40;1;59;1,0
33;0,02;1;safe;41;0;56;
33;0,02;1;safe;42;1;59;1,0
33;0,02;1;safe;43;1;59;1,0
33;0,02;1;safe;44;1;59;1,0
33;0,02;1;safe;45;1;60;0,9833333333333333
33;0,02;1;safe;46;0;59;
33;0,02;1;safe;47;1;59;1,0
33;0,02;1;safe;48;1;59;1,0
33;0,02;1;safe;49;1;59;1,0
33;0,02;1;safe;50;0;15;
33;0,02;1;safe;51;1;59;1,0
33;0,02;1;safe;52;1;59;1,0
33;0,02;1;safe;53;1;59;1,0
33;0,02;1;safe;54;1;59;1,0
33;0,02;1;safe;55;1;59;1,0
33;0,02;1;safe;56;1;59;1,0
33;0,02;1;safe;57;1;59;1,0
33;0,02;1;safe;58;1;59;1,0
33;0,02;1;safe;59;1;59;1,0
33;0,02;1;safe;60;1;59;1,0
33;0,02;1;safe;61;1;59;1,0
33;0,02;1;safe;62;1;59;1,0
33;0,02;1;safe;63;1;59;1,0
33;0,02;1;safe;64;1;59;1,0
33;0,02;1;safe;65;1;59;1,0
33;0,02;1;safe;66;1;59;1,0
33;0,02;1;safe;67;1;59;1,0
33;0,02;1;safe;68;1;59;1,0
33;0,02;1;safe;69;1;59;1,0
33;0,02;1;safe;70;1;59;1,0
33;0,02;1;safe;71;1;59;1,0
33;0,02;1;safe;72;1;59;1,0
33;0,02;1;safe;73;0;17;
33;0,02;1;safe;74;1;59;1,0
33;0,02;1;safe;75;0;18;
33;0,02;1;safe;76;1;59;1,0
33;0,02;1;safe;77;1;59;1,0
33;0,02;1;safe;78;1;59;1,0
33;0,02;1;safe;79;1;59;1,0
33;0,02;1;safe;80;1;59;1,0
33;0,02;1;safe;81;1;59;1,0
33;0,02;1;safe;82;1;59;1,0
33;0,02;1;safe;83;1;59;1,0
33;0,02;1;safe;84;1;59;1,0
33;0,02;1;safe;85;1;59;1,0
33;0,02;1;safe;86;1;59;1,0
33;0,02;1;safe;87;1;59;1,0
33;0,02;1;safe;88;1;59;1,0
33;0,02;1;safe;89;1;59;1,0
33;0,02;1;safe;90;1;59;1,0
33;0,02;1;safe;91;1;59;1,0
33;0,02;1;safe;92;1;59;1,0
33;0,02;1;safe;93;0;57;
33;0,02;1;safe;94;1;59;1,0
33;0,02;1;safe;95;1;59;1,0
33;0,02;1;safe;96;1;59;1,0
33;0,02;1;safe;97;1;59;1,0
33;0,02;1;safe;98;1;59;1,0
33;0,02;1;safe;99;1;59;1,0
33;0,02;1;safe;100;0;48;
33;0,02;1;predictive;1;1;59;1,0
33;0,02;1;predictive;2;1;64;0,921875
33;0,02;1;predictive;3;1;59;1,0
33;0,02;1;predictive;4;1;59;1,0
33;0,02;1;predictive;5;1;59;1,0
33;0,02;1;predictive;6;1;59;1,0
33;0,02;1;predictive;7;1;59;1,0
33;0,02;1;predictive;8;1;59;1,0
33;0,02;1;predictive;9;1;59;1,0
33;0,02;1;predictive;10;1;59;1,0
33;0,02;1;predictive;11;1;59;1,0
33;0,02;1;predictive;12;1;59;1,0
33;0,02;1;predictive;13;1;162;0,36419753086419754
33;0,02;1;predictive;14;1;59;1,0
33;0,02;1;predictive;15;1;59;1,0
33;0,02;1;predictive;16;1;59;1,0
33;0,02;1;predictive;17;1;59;1,0
33;0,02;1;predictive;18;1;59;1,0
33;0,02;1;predictive;19;1;59;1,0
33;0,02;1;predictive;20;1;59;1,0
33;0,02;1;predictive;21;1;80;0,7375
33;0,02;1;predictive;22;1;79;0,7468354430379747
33;0,02;1;predictive;23;1;59;1,0
33;0,02;1;predictive;24;1;59;1,0
33;0,02;1;predictive;25;1;59;1,0
33;0,02;1;predictive;26;1;59;1,0
33;0,02;1;predictive;27;1;59;1,0
33;0,02;1;predictive;28;1;59;1,0
33;0,02;1;predictive;29;1;59;1,0
33;0,02;1;predictive;30;1;59;1,0
33;0,02;1;predictive;31;1;59;1,0
33;0,02;1;predictive;32;1;59;1,0
33;0,02;1;predictive;33;1;59;1,0
33;0,02;1;predictive;34;1;59;1,0
33;0,02;1;predictive;35;1;59;1,0
33;0,02;1;predictive;36;1;89;0,6629213483146067
33;0,02;1;predictive;37;1;69;0,855072463768116
33;0,02;1;predictive;38;1;136;0,4338235294117647
33;0,02;1;predictive;39;1;59;1,0
33;0,02;1;predictive;40;1;59;1,0
33;0,02;1;predictive;41;1;59;1,0
33;0,02;1;predictive;42;1;59;1,0
33;0,02;1;predictive;43;1;59;1,0
33;0,02;1;predictive;44;1;59;1,0
33;0,02;1;predictive;45;1;59;1,0
33;0,02;1;predictive;46;1;76;0,7763157894736842
33;0,02;1;predictive;47;1;60;0,9833333333333333
33;0,02;1;predictive;48;1;59;1,0
33;0,02;1;predictive;49;1;59;1,0
33;0,02;1;predictive;50;1;59;1,0
33;0,02;1;predictive;51;1;59;1,0
33;0,02;1;predictive;52;1;59;1,0
33;0,02;1;predictive;53;1;59;1,0
33;0,02;1;predictive;54;1;59;1,0
33;0,02;1;predictive;55;1;59;1,0
33;0,02;1;predictive;56;1;59;1,0
33;0,02;1;predictive;57;1;59;1,0
33;0,02;1;predictive;58;1;59;1,0
33;0,02;1;predictive;59;1;59;1,0
33;0,02;1;predictive;60;1;59;1,0
33;0,02;1;predictive;61;1;59;1,0
33;0,02;1;predictive;62;1;59;1,0
33;0,02;1;predictive;63;1;59;1,0
33;0,02;1;predictive;64;1;59;1,0
33;0,02;1;predictive;65;1;59;1,0
33;0,02;1;predictive;66;1;107;0,5514018691588785
33;0,02;1;predictive;67;1;59;1,0
33;0,02;1;predictive;68;1;59;1,0
33;0,02;1;predictive;69;1;59;1,0
33;0,02;1;predictive;70;1;59;1,0
33;0,02;1;predictive;71;1;74;0,7972972972972973
33;0,02;1;predictive;72;1;59;1,0
33;0,02;1;predictive;73;1;59;1,0
33;0,02;1;predictive;74;1;59;1,0
33;0,02;1;predictive;75;0;75;
33;0,02;1;predictive;76;1;59;1,0
33;0,02;1;predictive;77;1;59;1,0
33;0,02;1;predictive;78;1;59;1,0
33;0,02;1;predictive;79;1;59;1,0
33;0,02;1;predictive;80;1;59;1,0
33;0,02;1;predictive;81;1;59;1,0
33;0,02;1;predictive;82;1;59;1,0
33;0,02;1;predictive;83;1;59;1,0
33;0,02;1;predictive;84;1;59;1,0
33;0,02;1;predictive;85;1;59;1,0
33;0,02;1;predictive;86;1;59;1,0
33;0,02;1;predictive;87;1;59;1,0
33;0,02;1;predictive;88;1;64;0,921875
33;0,02;1;predictive;89;1;59;1,0
33;0,02;1;predictive;90;1;59;1,0
33;0,02;1;predictive;91;1;90;0,6555555555555556
33;0,02;1;predictive;92;1;59;1,0
33;0,02;1;predictive;93;0;251;
33;0,02;1;predictive;94;1;59;1,0
33;0,02;1;predictive;95;1;59;1,0
33;0,02;1;predictive;96;1;60;0,9833333333333333
33;0,02;1;predictive;97;1;59;1,0
33;0,02;1;predictive;98;1;59;1,0
33;0,02;1;predictive;99;1;59;1,0
33;0,02;1;predictive;100;1;59;1,0
33;0,02;2;shortest;1;1;55;1,0
33;0,02;2;shortest;2;0;54;
33;0,02;2;shortest;3;1;55;1,0
33;0,02;2;shortest;4;1;55;1,0
33;0,02;2;shortest;5;1;55;1,0
33;0,02;2;shortest;6;1;55;1,0
33;0,02;2;shortest;7;1;55;1,0
33;0,02;2;shortest;8;1;55;1,0
33;0,02;2;shortest;9;1;55;1,0
33;0,02;2;shortest;10;1;55;1,0
33;0,02;2;shortest;11;1;55;1,0
33;0,02;2;shortest;12;1;55;1,0
33;0,02;2;shortest;13;1;55;1,0
33;0,02;2;shortest;14;1;55;1,0
33;0,02;2;shortest;15;1;55;1,0
33;0,02;2;shortest;16;0;53;
33;0,02;2;shortest;17;1;55;1,0
33;0,02;2;shortest;18;1;55;1,0
33;0,02;2;shortest;19;0;51;
33;0,02;2;shortest;20;1;55;1,0
33;0,02;2;shortest;21;1;55;1,0
33;0,02;2;shortest;22;0;47;
33;0,02;2;shortest;23;1;55;1,0
33;0,02;2;shortest;24;0;53;
33;0,02;2;shortest;25;1;55;1,0
33;0,02;2;shortest;26;1;55;1,0
33;0,02;2;shortest;27;1;55;1,0
33;0,02;2;shortest;28;1;55;1,0
33;0,02;2;shortest;29;1;55;1,0
33;0,02;2;shortest;30;1;55;1,0
33;0,02;2;shortest;31;1;55;1,0
33;0,02;2;shortest;32;1;55;1,0
33;0,02;2;shortest;33;1;55;1,0
33;0,02;2;shortest;34;1;55;1,0
33;0,02;2;shortest;35;0;52;
33;0,02;2;shortest;36;1;55;1,0
33;0,02;2;shortest;37;1;55;1,0
33;0,02;2;shortest;38;1;55;1,0
33;0,02;2;shortest;39;1;55;1,0
33;0,02;2;shortest;40;1;55;1,0
33;0,02;2;shortest;41;1;55;1,0
33;0,02;2;shortest;42;0;51;
33;0,02;2;shortest;43;1;55;1,0
33;0,02;2;shortest;44;1;55;1,0
33;0,02;2;shortest;45;1;55;1,0
33;0,02;2;shortest;46;1;55;1,0
33;0,02;2;shortest;47;1;55;1,0
33;0,02;2;shortest;48;1;55;1,0
33;0,02;2;shortest;49;1;55;1,0
33;0,02;2;shortest;50;1;55;1,0
33;0,02;2;shortest;51;1;55;1,0
33;0,02;2;shortest;52;1;55;1,0
33;0,02;2;shortest;53;1;55;1,0
33;0,02;2;shortest;54;1;55;1,0
33;0,02;2;shortest;55;1;55;1,0
33;0,02;2;shortest;56;0;52;
33;0,02;2;shortest;57;1;55;1,0
33;0,02;2;shortest;58;1;55;1,0
33;0,02;2;shortest;59;1;55;1,0
33;0,02;2;shortest;60;1;55;1,0
33;0,02;2;shortest;61;1;55;1,0
33;0,02;2;shortest;62;0;51;
33;0,02;2;shortest;63;1;55;1,0
33;0,02;2;shortest;64;0;47;
33;0,02;2;shortest;65;1;55;1,0
33;0,02;2;shortest;66;1;55;1,0
33;0,02;2;shortest;67;1;55;1,0
33;0,02;2;shortest;68;1;55;1,0
33;0,02;2;shortest;69;0;54;
33;0,02;2;shortest;70;1;55;1,0
33;0,02;2;shortest;71;0;54;
33;0,02;2;shortest;72;1;55;1,0
33;0,02;2;shortest;73;1;55;1,0
33;0,02;2;shortest;74;1;55;1,0
33;0,02;2;shortest;75;0;54;
33;0,02;2;shortest;76;1;55;1,0
33;0,02;2;shortest;77;0;52;
33;0,02;2;shortest;78;1;55;1,0
33;0,02;2;shortest;79;1;55;1,0
33;0,02;2;shortest;80;1;55;1,0
33;0,02;2;shortest;81;1;55;1,0
33;0,02;2;shortest;82;1;55;1,0
33;0,02;2;shortest;83;1;55;1,0
33;0,02;2;shortest;84;1;55;1,0
33;0,02;2;shortest;85;1;55;1,0
33;0,02;2;shortest;86;1;55;1,0
33;0,02;2;shortest;87;1;55;1,0
33;0,02;2;shortest;88;1;55;1,0
33;0,02;2;shortest;89;1;55;1,0
33;0,02;2;shortest;90;1;55;1,0
33;0,02;2;shortest;91;1;55;1,0
33;0,02;2;shortest;92;1;55;1,0
33;0,02;2;shortest;93;1;55;1,0
33;0,02;2;shortest;94;1;55;1,0
33;0,02;2;shortest;95;0;51;
33;0,02;2;shortest;96;0;49;
33;0,02;2;shortest;97;1;55;1,0
33;0,02;2;shortest;98;1;55;1,0
33;0,02;2;shortest;99;1;55;1,0
33;0,02;2;shortest;100;1;55;1,0
33;0,02;2;safe;1;1;55;1,0
33;0,02;2;safe;2;0;54;
33;0,02;2;safe;3;1;55;1,0
33;0,02;2;safe;4;1;55;1,0
33;0,02;2;safe;5;1;55;1,0
33;0,02;2;safe;6;1;55;1,0
33;0,02;2;safe;7;1;55;1,0
33;0,02;2;safe;8;1;55;1,0
33;0,02;2;safe;9;1;55;1,0
33;0,02;2;safe;10;1;55;1,0
33;0,02;2;safe;11;1;55;1,0
33;0,02;2;safe;12;1;55;1,0
33;0,02;2;safe;13;1;55;1,0
33;0,02;2;safe;14;1;55;1,0
33;0,02;2;safe;15;1;55;1,0
33;0,02;2;safe;16;0;53;
33;0,02;2;safe;17;1;55;1,0
33;0,02;2;safe;18;1;55;1,0
33;0,02;2;safe;19;1;55;1,0
33;0,02;2;safe;20;1;55;1,0
33;0,02;2;safe;21;1;55;1,0
33;0,02;2;safe;22;1;55;1,0
33;0,02;2;safe;23;1;55;1,0
33;0,02;2;safe;24;1;55;1,0
33;0,02;2;safe;25;0;54;
33;0,02;2;safe;26;0;53;
33;0,02;2;safe;27;1;55;1,0
33;0,02;2;safe;28;1;55;1,0
33;0,02;2;safe;29;1;55;1,0
33;0,02;2;safe;30;1;55;1,0
33;0,02;2;safe;31;1;55;1,0
33;0,02;2;safe;32;1;55;1,0
33;0,02;2;safe;33;1;55;1,0
33;0,02;2;safe;34;1;55;1,0
33;0,02;2;safe;35;1;55;1,0
33;0,02;2;safe;36;0;52;
33;0,02;2;safe;37;1;55;1,0
33;0,02;2;safe;38;1;55;1,0
33;0,02;2;safe;39;0;52;
33;0,02;2;safe;40;1;55;1,0
33;0,02;2;safe;41;1;55;1,0
33;0,02;2;safe;42;1;55;1,0
33;0,02;2;safe;43;1;55;1,0
33;0,02;2;safe;44;1;55;1,0
33;0,02;2;safe;45;1;55;1,0
33;0,02;2;safe;46;1;55;1,0
33;0,02;2;safe;47;1;55;1,0
33;0,02;2;safe;48;1;55;1,0
33;0,02;2;safe;49;1;55;1,0
33;0,02;2;safe;50;1;55;1,0
33;0,02;2;safe;51;1;55;1,0
33;0,02;2;safe;52;1;55;1,0
33;0,02;2;safe;53;1;55;1,0
33;0,02;2;safe;54;1;55;1,0
33;0,02;2;safe;55;1;55;1,0
33;0,02;2;safe;56;1;55;1,0
33;0,02;2;safe;57;1;56;0,9821428571428571
33;0,02;2;safe;58;1;55;1,0
33;0,02;2;safe;59;1;55;1,0
33;0,02;2;safe;60;1;55;1,0
33;0,02;2;safe;61;1;55;1,0
33;0,02;2;safe;62;1;55;1,0
33;0,02;2;safe;63;1;55;1,0
33;0,02;2;safe;64;1;55;1,0
33;0,02;2;safe;65;1;55;1,0
33;0,02;2;safe;66;1;55;1,0
33;0,02;2;safe;67;1;55;1,0
33;0,02;2;safe;68;1;55;1,0
33;0,02;2;safe;69;1;55;1,0
33;0,02;2;safe;70;1;55;1,0
33;0,02;2;safe;71;1;55;1,0
33;0,02;2;safe;72;1;55;1,0
33;0,02;2;safe;73;1;55;1,0
33;0,02;2;safe;74;0;49;
33;0,02;2;safe;75;1;55;1,0
33;0,02;2;safe;76;1;55;1,0
33;0,02;2;safe;77;0;54;
33;0,02;2;safe;78;1;55;1,0
33;0,02;2;safe;79;1;55;1,0
33;0,02;2;safe;80;1;55;1,0
33;0,02;2;safe;81;1;55;1,0
33;0,02;2;safe;82;1;55;1,0
33;0,02;2;safe;83;1;55;1,0
33;0,02;2;safe;84;1;55;1,0
33;0,02;2;safe;85;1;55;1,0
33;0,02;2;safe;86;1;55;1,0
33;0,02;2;safe;87;1;55;1,0
33;0,02;2;safe;88;1;55;1,0
33;0,02;2;safe;89;1;55;1,0
33;0,02;2;safe;90;1;55;1,0
33;0,02;2;safe;91;1;55;1,0
33;0,02;2;safe;92;0;53;
33;0,02;2;safe;93;1;55;1,0
33;0,02;2;safe;94;0;52;
33;0,02;2;safe;95;1;55;1,0
33;0,02;2;safe;96;1;55;1,0
33;0,02;2;safe;97;1;55;1,0
33;0,02;2;safe;98;1;55;1,0
33;0,02;2;safe;99;1;55;1,0
33;0,02;2;safe;100;1;55;1,0
33;0,02;2;predictive;1;1;55;1,0
33;0,02;2;predictive;2;1;101;0,5445544554455446
33;0,02;2;predictive;3;1;55;1,0
33;0,02;2;predictive;4;1;55;1,0
33;0,02;2;predictive;5;1;55;1,0
33;0,02;2;predictive;6;1;56;0,9821428571428571
33;0,02;2;predictive;7;1;67;0,8208955223880597
33;0,02;2;predictive;8;1;55;1,0
33;0,02;2;predictive;9;1;55;1,0
33;0,02;2;predictive;10;1;56;0,9821428571428571
33;0,02;2;predictive;11;1;55;1,0
33;0,02;2;predictive;12;1;55;1,0
33;0,02;2;predictive;13;1;55;1,0
33;0,02;2;predictive;14;1;55;1,0
33;0,02;2;predictive;15;1;55;1,0
33;0,02;2;predictive;16;1;55;1,0
33;0,02;2;predictive;17;1;94;0,5851063829787234
33;0,02;2;predictive;18;1;55;1,0
33;0,02;2;predictive;19;1;55;1,0
33;0,02;2;predictive;20;1;59;0,9322033898305084
33;0,02;2;predictive;21;1;55;1,0
33;0,02;2;predictive;22;1;65;0,8461538461538461
33;0,02;2;predictive;23;1;55;1,0
33;0,02;2;predictive;24;1;55;1,0
33;0,02;2;predictive;25;1;55;1,0
33;0,02;2;predictive;26;1;55;1,0
33;0,02;2;predictive;27;1;55;1,0
33;0,02;2;predictive;28;1;56;0,9821428571428571
33;0,02;2;predictive;29;1;55;1,0
33;0,02;2;predictive;30;1;55;1,0
33;0,02;2;predictive;31;1;60;0,9166666666666666
33;0,02;2;predictive;32;1;55;1,0
33;0,02;2;predictive;33;1;55;1,0
33;0,02;2;predictive;34;1;56;0,9821428571428571
33;0,02;2;predictive;35;1;55;1,0
33;0,02;2;predictive;36;1;55;1,0
33;0,02;2;predictive;37;1;55;1,0
33;0,02;2;predictive;38;1;86;0,6395348837209303
33;0,02;2;predictive;39;1;55;1,0
33;0,02;2;predictive;40;1;55;1,0
33;0,02;2;predictive;41;1;55;1,0
33;0,02;2;predictive;42;1;55;1,0
33;0,02;2;predictive;43;1;55;1,0
33;0,02;2;predictive;44;1;55;1,0
33;0,02;2;predictive;45;1;55;1,0
33;0,02;2;predictive;46;1;55;1,0
33;0,02;2;predictive;47;1;55;1,0
33;0,02;2;predictive;48;1;55;1,0
33;0,02;2;predictive;49;1;109;0,5045871559633027
33;0,02;2;predictive;50;1;55;1,0
33;0,02;2;predictive;51;1;55;1,0
33;0,02;2;predictive;52;1;55;1,0
33;0,02;2;predictive;53;1;55;1,0
33;0,02;2;predictive;54;1;55;1,0
33;0,02;2;predictive;55;1;55;1,0
33;0,02;2;predictive;56;1;55;1,0
33;0,02;2;predictive;57;1;55;1,0
33;0,02;2;predictive;58;1;55;1,0
33;0,02;2;predictive;59;1;55;1,0
33;0,02;2;predictive;60;1;55;1,0
33;0,02;2;predictive;61;1;55;1,0
33;0,02;2;predictive;62;1;55;1,0
33;0,02;2;predictive;63;1;55;1,0
33;0,02;2;predictive;64;1;55;1,0
33;0,02;2;predictive;65;1;55;1,0
33;0,02;2;predictive;66;1;55;1,0
33;0,02;2;predictive;67;1;67;0,8208955223880597
33;0,02;2;predictive;68;1;59;0,9322033898305084
33;0,02;2;predictive;69;1;59;0,9322033898305084
33;0,02;2;predictive;70;1;55;1,0
33;0,02;2;predictive;71;1;55;1,0
33;0,02;2;predictive;72;1;55;1,0
33;0,02;2;predictive;73;0;145;
33;0,02;2;predictive;74;1;55;1,0
33;0,02;2;predictive;75;1;55;1,0
33;0,02;2;predictive;76;1;60;0,9166666666666666
33;0,02;2;predictive;77;1;55;1,0
33;0,02;2;predictive;78;1;55;1,0
33;0,02;2;predictive;79;1;55;1,0
33;0,02;2;predictive;80;1;55;1,0
33;0,02;2;predictive;81;1;55;1,0
33;0,02;2;predictive;82;1;55;1,0
33;0,02;2;predictive;83;1;55;1,0
33;0,02;2;predictive;84;1;55;1,0
33;0,02;2;predictive;85;1;55;1,0
33;0,02;2;predictive;86;1;55;1,0
33;0,02;2;predictive;87;1;55;1,0
33;0,02;2;predictive;88;1;55;1,0
33;0,02;2;predictive;89;1;55;1,0
33;0,02;2;predictive;90;1;55;1,0
33;0,02;2;predictive;91;1;55;1,0
33;0,02;2;predictive;92;1;57;0,9649122807017544
33;0,02;2;predictive;93;1;55;1,0
33;0,02;2;predictive;94;1;55;1,0
33;0,02;2;predictive;95;1;55;1,0
33;0,02;2;predictive;96;1;55;1,0
33;0,02;2;predictive;97;1;127;0,4330708661417323
33;0,02;2;predictive;98;1;55;1,0
33;0,02;2;predictive;99;1;55;1,0
33;0,02;2;predictive;100;1;55;1,0
33;0,02;3;shortest;1;0;38;
33;0,02;3;shortest;2;1;41;1,0
33;0,02;3;shortest;3;1;41;1,0
33;0,02;3;shortest;4;0;38;
33;0,02;3;shortest;5;1;41;1,0
33;0,02;3;shortest;6;1;41;1,0
33;0,02;3;shortest;7;1;41;1,0
33;0,02;3;shortest;8;1;41;1,0
33;0,02;3;shortest;9;1;41;1,0
33;0,02;3;shortest;10;1;41;1,0
33;0,02;3;shortest;11;1;41;1,0
33;0,02;3;shortest;12;1;41;1,0
33;0,02;3;shortest;13;1;41;1,0
33;0,02;3;shortest;14;1;41;1,0
33;0,02;3;shortest;15;1;41;1,0
33;0,02;3;shortest;16;0;40;
33;0,02;3;shortest;17;1;41;1,0
33;0,02;3;shortest;18;1;41;1,0
33;0,02;3;shortest;19;1;41;1,0
33;0,02;3;shortest;20;1;41;1,0
33;0,02;3;shortest;21;1;41;1,0
33;0,02;3;shortest;22;1;41;1,0
33;0,02;3;shortest;23;1;41;1,0
33;0,02;3;shortest;24;1;41;1,0
33;0,02;3;shortest;25;1;41;1,0
33;0,02;3;shortest;26;1;41;1,0
33;0,02;3;shortest;27;1;41;1,0
33;0,02;3;shortest;28;1;41;1,0
33;0,02;3;shortest;29;0;33;
33;0,02;3;shortest;30;1;41;1,0
33;0,02;3;shortest;31;0;37;
33;0,02;3;shortest;32;1;41;1,0
33;0,02;3;shortest;33;1;41;1,0
33;0,02;3;shortest;34;1;41;1,0
33;0,02;3;shortest;35;1;41;1,0
33;0,02;3;shortest;36;1;41;1,0
33;0,02;3;shortest;37;1;41;1,0
33;0,02;3;shortest;38;1;41;1,0
33;0,02;3;shortest;39;1;41;1,0
33;0,02;3;shortest;40;1;41;1,0
33;0,02;3;shortest;41;1;41;1,0
33;0,02;3;shortest;42;1;41;1,0
33;0,02;3;shortest;43;1;41;1,0
33;0,02;3;shortest;44;1;41;1,0
33;0,02;3;shortest;45;1;41;1,0
33;0,02;3;shortest;46;1;41;1,0
33;0,02;3;shortest;47;1;41;1,0
33;0,02;3;shortest;48;1;41;1,0
33;0,02;3;shortest;49;1;41;1,0
33;0,02;3;shortest;50;1;41;1,0
33;0,02;3;shortest;51;1;41;1,0
33;0,02;3;shortest;52;1;41;1,0
33;0,02;3;shortest;53;1;41;1,0
33;0,02;3;shortest;54;1;41;1,0
33;0,02;3;shortest;55;1;41;1,0
33;0,02;3;shortest;56;1;41;1,0
33;0,02;3;shortest;57;1;41;1,0
33;0,02;3;shortest;58;1;41;1,0
33;0,02;3;shortest;59;0;38;
33;0,02;3;shortest;60;1;41;1,0
33;0,02;3;shortest;61;1;41;1,0
33;0,02;3;shortest;62;1;41;1,0
33;0,02;3;shortest;63;1;41;1,0
33;0,02;3;shortest;64;1;41;1,0
33;0,02;3;shortest;65;1;41;1,0
33;0,02;3;shortest;66;1;41;1,0
33;0,02;3;shortest;67;1;41;1,0
33;0,02;3;shortest;68;1;41;1,0
33;0,02;3;shortest;69;1;41;1,0
33;0,02;3;shortest;70;1;41;1,0
33;0,02;3;shortest;71;1;41;1,0
33;0,02;3;shortest;72;1;41;1,0
33;0,02;3;shortest;73;1;41;1,0
33;0,02;3;shortest;74;1;41;1,0
33;0,02;3;shortest;75;1;41;1,0
33;0,02;3;shortest;76;1;41;1,0
33;0,02;3;shortest;77;1;41;1,0
33;0,02;3;shortest;78;1;41;1,0
33;0,02;3;shortest;79;1;41;1,0
33;0,02;3;shortest;80;1;41;1,0
33;0,02;3;shortest;81;1;41;1,0
33;0,02;3;shortest;82;1;41;1,0
33;0,02;3;shortest;83;1;41;1,0
33;0,02;3;shortest;84;1;41;1,0
33;0,02;3;shortest;85;1;41;1,0
33;0,02;3;shortest;86;1;41;1,0
33;0,02;3;shortest;87;1;41;1,0
33;0,02;3;shortest;88;0;38;
33;0,02;3;shortest;89;1;41;1,0
33;0,02;3;shortest;90;1;41;1,0
33;0,02;3;shortest;91;1;41;1,0
33;0,02;3;shortest;92;1;41;1,0
33;0,02;3;shortest;93;1;41;1,0
33;0,02;3;shortest;94;1;41;1,0
33;0,02;3;shortest;95;1;41;1,0
33;0,02;3;shortest;96;1;41;1,0
33;0,02;3;shortest;97;1;41;1,0
33;0,02;3;shortest;98;1;41;1,0
33;0,02;3;shortest;99;1;41;1,0
33;0,02;3;shortest;100;0;40;
33;0,02;3;safe;1;1;42;0,9761904761904762
33;0,02;3;safe;2;1;41;1,0
33;0,02;3;safe;3;1;41;1,0
33;0,02;3;safe;4;1;41;1,0
33;0,02;3;safe;5;1;41;1,0
33;0,02;3;safe;6;1;41;1,0
33;0,02;3;safe;7;1;41;1,0
33;0,02;3;safe;8;1;41;1,0
33;0,02;3;safe;9;0;39;
33;0,02;3;safe;10;1;41;1,0
33;0,02;3;safe;11;1;41;1,0
33;0,02;3;safe;12;1;41;1,0
33;0,02;3;safe;13;1;41;1,0
33;0,02;3;safe;14;1;41;1,0
33;0,02;3;safe;15;0;39;
33;0,02;3;safe;16;1;41;1,0
33;0,02;3;safe;17;1;41;1,0
33;0,02;3;safe;18;1;41;1,0
33;0,02;3;safe;19;1;41;1,0
33;0,02;3;safe;20;1;41;1,0
33;0,02;3;safe;21;1;41;1,0
33;0,02;3;safe;22;1;41;1,0
33;0,02;3;safe;23;1;41;1,0
33;0,02;3;safe;24;1;41;1,0
33;0,02;3;safe;25;1;41;1,0
33;0,02;3;safe;26;1;41;1,0
33;0,02;3;safe;27;1;41;1,0
33;0,02;3;safe;28;0;37;
33;0,02;3;safe;29;1;41;1,0
33;0,02;3;safe;30;1;41;1,0
33;0,02;3;safe;31;1;41;1,0
33;0,02;3;safe;32;1;41;1,0
33;0,02;3;safe;33;1;41;1,0
33;0,02;3;safe;34;1;41;1,0
33;0,02;3;safe;35;1;41;1,0
33;0,02;3;safe;36;0;39;
33;0,02;3;safe;37;1;41;1,0
33;0,02;3;safe;38;1;41;1,0
33;0,02;3;safe;39;1;41;1,0
33;0,02;3;safe;40;1;41;1,0
33;0,02;3;safe;41;1;41;1,0
33;0,02;3;safe;42;1;41;1,0
33;0,02;3;safe;43;1;41;1,0
33;0,02;3;safe;44;1;41;1,0
33;0,02;3;safe;45;0;39;
33;0,02;3;safe;46;1;41;1,0
33;0,02;3;safe;47;0;34;
33;0,02;3;safe;48;1;41;1,0
33;0,02;3;safe;49;1;41;1,0
33;0,02;3;safe;50;1;41;1,0
33;0,02;3;safe;51;1;41;1,0
33;0,02;3;safe;52;1;41;1,0
33;0,02;3;safe;53;1;41;1,0
33;0,02;3;safe;54;1;41;1,0
33;0,02;3;safe;55;1;41;1,0
33;0,02;3;safe;56;1;41;1,0
33;0,02;3;safe;57;1;41;1,0
33;0,02;3;safe;58;1;41;1,0
33;0,02;3;safe;59;1;41;1,0
33;0,02;3;safe;60;1;42;0,9761904761904762
33;0,02;3;safe;61;1;41;1,0
33;0,02;3;safe;62;1;41;1,0
33;0,02;3;safe;63;1;41;1,0
33;0,02;3;safe;64;1;41;1,0
33;0,02;3;safe;65;1;41;1,0
33;0,02;3;safe;66;1;41;1,0
33;0,02;3;safe;67;1;41;1,0
33;0,02;3;safe;68;1;41;1,0
33;0,02;3;safe;69;1;41;1,0
33;0,02;3;safe;70;1;41;1,0
33;0,02;3;safe;71;1;41;1,0
33;0,02;3;safe;72;1;41;1,0
33;0,02;3;safe;73;1;41;1,0
33;0,02;3;safe;74;1;41;1,0
33;0,02;3;safe;75;0;40;
33;0,02;3;safe;76;0;38;
33;0,02;3;safe;77;1;41;1,0
33;0,02;3;safe;78;1;41;1,0
33;0,02;3;safe;79;1;41;1,0
33;0,02;3;safe;80;1;41;1,0
33;0,02;3;safe;81;1;41;1,0
33;0,02;3;safe;82;1;41;1,0
33;0,02;3;safe;83;1;41;1,0
33;0,02;3;safe;84;1;41;1,0
33;0,02;3;safe;85;1;41;1,0
33;0,02;3;safe;86;1;41;1,0
33;0,02;3;safe;87;1;41;1,0
33;0,02;3;safe;88;1;41;1,0
33;0,02;3;safe;89;1;41;1,0
33;0,02;3;safe;90;1;41;1,0
33;0,02;3;safe;91;1;41;1,0
33;0,02;3;safe;92;1;41;1,0
33;0,02;3;safe;93;1;41;1,0
33;0,02;3;safe;94;1;41;1,0
33;0,02;3;safe;95;1;41;1,0
33;0,02;3;safe;96;1;41;1,0
33;0,02;3;safe;97;1;41;1,0
33;0,02;3;safe;98;1;41;1,0
33;0,02;3;safe;99;1;41;1,0
33;0,02;3;safe;100;1;41;1,0
33;0,02;3;predictive;1;1;43;0,9534883720930233
33;0,02;3;predictive;2;1;41;1,0
33;0,02;3;predictive;3;1;41;1,0
33;0,02;3;predictive;4;1;41;1,0
33;0,02;3;predictive;5;1;41;1,0
33;0,02;3;predictive;6;1;41;1,0
33;0,02;3;predictive;7;1;41;1,0
33;0,02;3;predictive;8;1;41;1,0
33;0,02;3;predictive;9;1;41;1,0
33;0,02;3;predictive;10;1;41;1,0
33;0,02;3;predictive;11;1;41;1,0
33;0,02;3;predictive;12;1;41;1,0
33;0,02;3;predictive;13;1;41;1,0
33;0,02;3;predictive;14;1;41;1,0
33;0,02;3;predictive;15;1;41;1,0
33;0,02;3;predictive;16;1;44;0,9318181818181818
33;0,02;3;predictive;17;1;41;1,0
33;0,02;3;predictive;18;1;41;1,0
33;0,02;3;predictive;19;1;41;1,0
33;0,02;3;predictive;20;1;41;1,0
33;0,02;3;predictive;21;1;41;1,0
33;0,02;3;predictive;22;1;41;1,0
33;0,02;3;predictive;23;1;42;0,9761904761904762
33;0,02;3;predictive;24;1;41;1,0
33;0,02;3;predictive;25;1;41;1,0
33;0,02;3;predictive;26;1;41;1,0
33;0,02;3;predictive;27;1;41;1,0
33;0,02;3;predictive;28;1;42;0,9761904761904762
33;0,02;3;predictive;29;1;41;1,0
33;0,02;3;predictive;30;1;45;0,9111111111111111
33;0,02;3;predictive;31;1;41;1,0
33;0,02;3;predictive;32;1;41;1,0
33;0,02;3;predictive;33;1;41;1,0
33;0,02;3;predictive;34;1;41;1,0
33;0,02;3;predictive;35;1;41;1,0
33;0,02;3;predictive;36;1;41;1,0
33;0,02;3;predictive;37;1;41;1,0
33;0,02;3;predictive;38;1;41;1,0
33;0,02;3;predictive;39;1;41;1,0
33;0,02;3;predictive;40;1;41;1,0
33;0,02;3;predictive;41;1;41;1,0
33;0,02;3;predictive;42;1;41;1,0
33;0,02;3;predictive;43;1;41;1,0
33;0,02;3;predictive;44;1;41;1,0
33;0,02;3;predictive;45;1;41;1,0
33;0,02;3;predictive;46;1;41;1,0
33;0,02;3;predictive;47;1;41;1,0
33;0,02;3;predictive;48;1;41;1,0
33;0,02;3;predictive;49;1;41;1,0
33;0,02;3;predictive;50;1;43;0,9534883720930233
33;0,02;3;predictive;51;1;41;1,0
33;0,02;3;predictive;52;1;41;1,0
33;0,02;3;predictive;53;1;62;0,6612903225806451
33;0,02;3;predictive;54;1;41;1,0
33;0,02;3;predictive;55;1;41;1,0
33;0,02;3;predictive;56;1;41;1,0
33;0,02;3;predictive;57;1;41;1,0
33;0,02;3;predictive;58;1;79;0,5189873417721519
33;0,02;3;predictive;59;1;41;1,0
33;0,02;3;predictive;60;1;41;1,0
33;0,02;3;predictive;61;1;41;1,0
33;0,02;3;predictive;62;1;41;1,0
33;0,02;3;predictive;63;1;41;1,0
33;0,02;3;predictive;64;1;41;1,0
33;0,02;3;predictive;65;1;41;1,0
33;0,02;3;predictive;66;1;41;1,0
33;0,02;3;predictive;67;1;41;1,0
33;0,02;3;predictive;68;1;41;1,0
33;0,02;3;predictive;69;1;41;1,0
33;0,02;3;predictive;70;1;41;1,0
33;0,02;3;predictive;71;1;41;1,0
33;0,02;3;predictive;72;1;41;1,0
33;0,02;3;predictive;73;1;41;1,0
33;0,02;3;predictive;74;1;41;1,0
33;0,02;3;predictive;75;1;41;1,0
33;0,02;3;predictive;76;1;41;1,0
33;0,02;3;predictive;77;1;41;1,0
33;0,02;3;predictive;78;1;41;1,0
33;0,02;3;predictive;79;1;41;1,0
33;0,02;3;predictive;80;1;41;1,0
33;0,02;3;predictive;81;1;41;1,0
33;0,02;3;predictive;82;1;41;1,0
33;0,02;3;predictive;83;1;41;1,0
33;0,02;3;predictive;84;1;41;1,0
33;0,02;3;predictive;85;1;41;1,0
33;0,02;3;predictive;86;1;41;1,0
33;0,02;3;predictive;87;1;41;1,0
33;0,02;3;predictive;88;1;41;1,0
33;0,02;3;predictive;89;1;41;1,0
33;0,02;3;predictive;90;1;41;1,0
33;0,02;3;predictive;91;1;41;1,0
33;0,02;3;predictive;92;1;41;1,0
33;0,02;3;predictive;93;1;41;1,0
33;0,02;3;predictive;94;1;41;1,0
33;0,02;3;predictive;95;1;41;1,0
33;0,02;3;predictive;96;1;41;1,0
33;0,02;3;predictive;97;1;41;1,0
33;0,02;3;predictive;98;1;41;1,0
33;0,02;3;predictive;99;1;41;1,0
33;0,02;3;predictive;100;1;41;1,0
33;0,03;1;shortest;1;1;59;1,0
33;0,03;1;shortest;2;1;59;1,0
33;0,03;1;shortest;3;1;59;1,0
33;0,03;1;shortest;4;1;59;1,0
33;0,03;1;shortest;5;1;59;1,0
33;0,03;1;shortest;6;1;59;1,0
33;0,03;1;shortest;7;1;59;1,0
33;0,03;1;shortest;8;1;59;1,0
33;0,03;1;shortest;9;1;59;1,0
33;0,03;1;shortest;10;1;59;1,0
33;0,03;1;shortest;11;1;59;1,0
33;0,03;1;shortest;12;1;59;1,0
33;0,03;1;shortest;13;1;59;1,0
33;0,03;1;shortest;14;1;59;1,0
33;0,03;1;shortest;15;1;59;1,0
33;0,03;1;shortest;16;0;58;
33;0,03;1;shortest;17;0;51;
33;0,03;1;shortest;18;1;59;1,0
33;0,03;1;shortest;19;1;59;1,0
33;0,03;1;shortest;20;1;59;1,0
33;0,03;1;shortest;21;1;59;1,0
33;0,03;1;shortest;22;0;51;
33;0,03;1;shortest;23;1;59;1,0
33;0,03;1;shortest;24;1;59;1,0
33;0,03;1;shortest;25;1;59;1,0
33;0,03;1;shortest;26;1;59;1,0
33;0,03;1;shortest;27;1;59;1,0
33;0,03;1;shortest;28;1;59;1,0
33;0,03;1;shortest;29;1;59;1,0
33;0,03;1;shortest;30;1;59;1,0
33;0,03;1;shortest;31;1;59;1,0
33;0,03;1;shortest;32;1;59;1,0
33;0,03;1;shortest;33;1;59;1,0
33;0,03;1;shortest;34;1;59;1,0
33;0,03;1;shortest;35;1;59;1,0
33;0,03;1;shortest;36;1;59;1,0
33;0,03;1;shortest;37;1;59;1,0
33;0,03;1;shortest;38;1;59;1,0
33;0,03;1;shortest;39;1;59;1,0
33;0,03;1;shortest;40;0;16;
33;0,03;1;shortest;41;0;56;
33;0,03;1;shortest;42;1;59;1,0
33;0,03;1;shortest;43;1;59;1,0
33;0,03;1;shortest;44;0;58;
33;0,03;1;shortest;45;0;53;
33;0,03;1;shortest;46;0;16;
33;0,03;1;shortest;47;0;53;
33;0,03;1;shortest;48;1;59;1,0
33;0,03;1;shortest;49;1;59;1,0
33;0,03;1;shortest;50;0;56;
33;0,03;1;shortest;51;0;53;
33;0,03;1;shortest;52;1;59;1,0
33;0,03;1;shortest;53;0;57;
33;0,03;1;shortest;54;1;59;1,0
33;0,03;1;shortest;55;0;15;
33;0,03;1;shortest;56;1;59;1,0
33;0,03;1;shortest;57;1;59;1,0
33;0,03;1;shortest;58;1;59;1,0
33;0,03;1;shortest;59;0;16;
33;0,03;1;shortest;60;1;59;1,0
33;0,03;1;shortest;61;1;59;1,0
33;0,03;1;shortest;62;1;59;1,0
33;0,03;1;shortest;63;1;59;1,0
33;0,03;1;shortest;64;0;54;
33;0,03;1;shortest;65;1;59;1,0
33;0,03;1;shortest;66;1;59;1,0
33;0,03;1;shortest;67;1;59;1,0
33;0,03;1;shortest;68;1;59;1,0
33;0,03;1;shortest;69;1;59;1,0
33;0,03;1;shortest;70;1;59;1,0
33;0,03;1;shortest;71;0;55;
33;0,03;1;shortest;72;1;59;1,0
33;0,03;1;shortest;73;1;59;1,0
33;0,03;1;shortest;74;0;16;
33;0,03;1;shortest;75;1;59;1,0
33;0,03;1;shortest;76;1;59;1,0
33;0,03;1;shortest;77;1;59;1,0
33;0,03;1;shortest;78;1;59;1,0
33;0,03;1;shortest;79;0;16;
33;0,03;1;shortest;80;1;59;1,0
33;0,03;1;shortest;81;0;55;
33;0,03;1;shortest;82;0;56;
33;0,03;1;shortest;83;0;16;
33;0,03;1;shortest;84;1;59;1,0
33;0,03;1;shortest;85;1;59;1,0
33;0,03;1;shortest;86;1;59;1,0
33;0,03;1;shortest;87;1;59;1,0
33;0,03;1;shortest;88;0;17;
33;0,03;1;shortest;89;1;59;1,0
33;0,03;1;shortest;90;1;59;1,0
33;0,03;1;shortest;91;1;59;1,0
33;0,03;1;shortest;92;1;59;1,0
33;0,03;1;shortest;93;1;59;1,0
33;0,03;1;shortest;94;0;12;
33;0,03;1;shortest;95;0;49;
33;0,03;1;shortest;96;0;57;
33;0,03;1;shortest;97;0;55;
33;0,03;1;shortest;98;1;59;1,0
33;0,03;1;shortest;99;0;57;
33;0,03;1;shortest;100;1;59;1,0
33;0,03;1;safe;1;1;59;1,0
33;0,03;1;safe;2;1;59;1,0
33;0,03;1;safe;3;1;59;1,0
33;0,03;1;safe;4;1;59;1,0
33;0,03;1;safe;5;1;59;1,0
33;0,03;1;safe;6;1;59;1,0
33;0,03;1;safe;7;1;59;1,0
33;0,03;1;safe;8;1;59;1,0
33;0,03;1;safe;9;1;59;1,0
33;0,03;1;safe;10;1;59;1,0
33;0,03;1;safe;11;1;59;1,0
33;0,03;1;safe;12;1;59;1,0
33;0,03;1;safe;13;1;59;1,0
33;0,03;1;safe;14;1;59;1,0
33;0,03;1;safe;15;1;59;1,0
33;0,03;1;safe;16;0;58;
33;0,03;1;safe;17;0;54;
33;0,03;1;safe;18;0;20;
33;0,03;1;safe;19;1;59;1,0
33;0,03;1;safe;20;1;59;1,0
33;0,03;1;safe;21;0;55;
33;0,03;1;safe;22;1;59;1,0
33;0,03;1;safe;23;1;59;1,0
33;0,03;1;safe;24;1;59;1,0
33;0,03;1;safe;25;0;58;
33;0,03;1;safe;26;1;59;1,0
33;0,03;1;safe;27;1;59;1,0
33;0,03;1;safe;28;0;15;
33;0,03;1;safe;29;1;59;1,0
33;0,03;1;safe;30;0;58;
33;0,03;1;safe;31;1;59;1,0
33;0,03;1;safe;32;1;59;1,0
33;0,03;1;safe;33;0;16;
33;0,03;1;safe;34;0;52;
33;0,03;1;safe;35;1;59;1,0
33;0,03;1;safe;36;0;54;
33;0,03;1;safe;37;1;59;1,0
33;0,03;1;safe;38;1;59;1,0
33;0,03;1;safe;39;1;59;1,0
33;0,03;1;safe;40;1;59;1,0
33;0,03;1;safe;41;1;59;1,0
33;0,03;1;safe;42;1;59;1,0
33;0,03;1;safe;43;1;59;1,0
33;0,03;1;safe;44;0;58;
33;0,03;1;safe;45;1;59;1,0
33;0,03;1;safe;46;1;59;1,0
33;0,03;1;safe;47;1;59;1,0
33;0,03;1;safe;48;1;59;1,0
33;0,03;1;safe;49;0;56;
33;0,03;1;safe;50;1;59;1,0
33;0,03;1;safe;51;1;59;1,0
33;0,03;1;safe;52;0;16;
33;0,03;1;safe;53;1;59;1,0
33;0,03;1;safe;54;1;59;1,0
33;0,03;1;safe;55;1;59;1,0
33;0,03;1;safe;56;1;59;1,0
33;0,03;1;safe;57;1;59;1,0
33;0,03;1;safe;58;0;58;
33;0,03;1;safe;59;1;59;1,0
33;0,03;1;safe;60;1;59;1,0
33;0,03;1;safe;61;1;59;1,0
33;0,03;1;safe;62;1;59;1,0
33;0,03;1;safe;63;0;17;
33;0,03;1;safe;64;1;59;1,0
33;0,03;1;safe;65;1;59;1,0
33;0,03;1;safe;66;1;59;1,0
33;0,03;1;safe;67;1;59;1,0
33;0,03;1;safe;68;1;59;1,0
33;0,03;1;safe;69;1;59;1,0
33;0,03;1;safe;70;1;59;1,0
33;0,03;1;safe;71;0;58;
33;0,03;1;safe;72;1;59;1,0
33;0,03;1;safe;73;1;59;1,0
33;0,03;1;safe;74;0;54;
33;0,03;1;safe;75;0;59;
33;0,03;1;safe;76;1;59;1,0
33;0,03;1;safe;77;1;59;1,0
33;0,03;1;safe;78;0;17;
33;0,03;1;safe;79;1;59;1,0
33;0,03;1;safe;80;1;59;1,0
33;0,03;1;safe;81;1;59;1,0
33;0,03;1;safe;82;1;59;1,0
33;0,03;1;safe;83;1;59;1,0
33;0,03;1;safe;84;1;59;1,0
33;0,03;1;safe;85;1;59;1,0
33;0,03;1;safe;86;1;59;1,0
33;0,03;1;safe;87;1;59;1,0
33;0,03;1;safe;88;1;59;1,0
33;0,03;1;safe;89;1;59;1,0
33;0,03;1;safe;90;1;59;1,0
33;0,03;1;safe;91;1;59;1,0
33;0,03;1;safe;92;1;59;1,0
33;0,03;1;safe;93;1;59;1,0
33;0,03;1;safe;94;1;59;1,0
33;0,03;1;safe;95;1;60;0,9833333333333333
33;0,03;1;safe;96;1;59;1,0
33;0,03;1;safe;97;1;59;1,0
33;0,03;1;safe;98;0;55;
33;0,03;1;safe;99;1;59;1,0
33;0,03;1;safe;100;1;59;1,0
33;0,03;1;predictive;1;1;59;1,0
33;0,03;1;predictive;2;1;59;1,0
33;0,03;1;predictive;3;1;59;1,0
33;0,03;1;predictive;4;1;59;1,0
33;0,03;1;predictive;5;1;59;1,0
33;0,03;1;predictive;6;1;59;1,0
33;0,03;1;predictive;7;1;59;1,0
33;0,03;1;predictive;8;1;59;1,0
33;0,03;1;predictive;9;1;59;1,0
33;0,03;1;predictive;10;1;59;1,0
33;0,03;1;predictive;11;1;59;1,0
33;0,03;1;predictive;12;1;59;1,0
33;0,03;1;predictive;13;1;59;1,0
33;0,03;1;predictive;14;1;59;1,0
33;0,03;1;predictive;15;1;59;1,0
33;0,03;1;predictive;16;1;63;0,9365079365079365
33;0,03;1;predictive;17;1;59;1,0
33;0,03;1;predictive;18;1;59;1,0
33;0,03;1;predictive;19;1;59;1,0
33;0,03;1;predictive;20;1;59;1,0
33;0,03;1;predictive;21;1;74;0,7972972972972973
33;0,03;1;predictive;22;1;59;1,0
33;0,03;1;predictive;23;1;59;1,0
33;0,03;1;predictive;24;1;59;1,0
33;0,03;1;predictive;25;1;110;0,5363636363636364
33;0,03;1;predictive;26;1;59;1,0
33;0,03;1;predictive;27;1;59;1,0
33;0,03;1;predictive;28;1;59;1,0
33;0,03;1;predictive;29;1;59;1,0
33;0,03;1;predictive;30;1;59;1,0
33;0,03;1;predictive;31;1;72;0,8194444444444444
33;0,03;1;predictive;32;1;59;1,0
33;0,03;1;predictive;33;1;59;1,0
33;0,03;1;predictive;34;1;59;1,0
33;0,03;1;predictive;35;1;59;1,0
33;0,03;1;predictive;36;1;59;1,0
33;0,03;1;predictive;37;1;59;1,0
33;0,03;1;predictive;38;1;62;0,9516129032258065
33;0,03;1;predictive;39;1;101;0,5841584158415841
33;0,03;1;predictive;40;1;59;1,0
33;0,03;1;predictive;41;1;59;1,0
33;0,03;1;predictive;42;1;59;1,0
33;0,03;1;predictive;43;1;59;1,0
33;0,03;1;predictive;44;1;59;1,0
33;0,03;1;predictive;45;1;59;1,0
33;0,03;1;predictive;46;1;59;1,0
33;0,03;1;predictive;47;1;78;0,7564102564102564
33;0,03;1;predictive;48;1;70;0,8428571428571429
33;0,03;1;predictive;49;1;115;0,5130434782608696
33;0,03;1;predictive;50;1;105;0,5619047619047619
33;0,03;1;predictive;51;1;81;0,7283950617283951
33;0,03;1;predictive;52;1;59;1,0
33;0,03;1;predictive;53;1;59;1,0
33;0,03;1;predictive;54;1;59;1,0
33;0,03;1;predictive;55;1;63;0,9365079365079365
33;0,03;1;predictive;56;0;86;
33;0,03;1;predictive;57;1;59;1,0
33;0,03;1;predictive;58;1;59;1,0
33;0,03;1;predictive;59;1;61;0,9672131147540983
33;0,03;1;predictive;60;1;106;0,5566037735849056
33;0,03;1;predictive;61;1;59;1,0
33;0,03;1;predictive;62;1;59;1,0
33;0,03;1;predictive;63;1;59;1,0
33;0,03;1;predictive;64;1;59;1,0
33;0,03;1;predictive;65;1;59;1,0
33;0,03;1;predictive;66;1;59;1,0
33;0,03;1;predictive;67;1;83;0,7108433734939759
33;0,03;1;predictive;68;1;64;0,921875
33;0,03;1;predictive;69;1;59;1,0
33;0,03;1;predictive;70;1;59;1,0
33;0,03;1;predictive;71;1;59;1,0
33;0,03;1;predictive;72;1;59;1,0
33;0,03;1;predictive;73;1;59;1,0
33;0,03;1;predictive;74;1;59;1,0
33;0,03;1;predictive;75;1;59;1,0
33;0,03;1;predictive;76;1;59;1,0
33;0,03;1;predictive;77;1;64;0,921875
33;0,03;1;predictive;78;1;59;1,0
33;0,03;1;predictive;79;1;149;0,3959731543624161
33;0,03;1;predictive;80;0;86;
33;0,03;1;predictive;81;1;59;1,0
33;0,03;1;predictive;82;1;69;0,855072463768116
33;0,03;1;predictive;83;1;152;0,3881578947368421
33;0,03;1;predictive;84;1;59;1,0
33;0,03;1;predictive;85;1;59;1,0
33;0,03;1;predictive;86;1;92;0,6413043478260869
33;0,03;1;predictive;87;1;59;1,0
33;0,03;1;predictive;88;1;74;0,7972972972972973
33;0,03;1;predictive;89;1;82;0,7195121951219512
33;0,03;1;predictive;90;1;59;1,0
33;0,03;1;predictive;91;1;59;1,0
33;0,03;1;predictive;92;1;127;0,4645669291338583
33;0,03;1;predictive;93;1;59;1,0
33;0,03;1;predictive;94;1;59;1,0
33;0,03;1;predictive;95;1;59;1,0
33;0,03;1;predictive;96;1;59;1,0
33;0,03;1;predictive;97;1;59;1,0
33;0,03;1;predictive;98;1;59;1,0
33;0,03;1;predictive;99;1;76;0,7763157894736842
33;0,03;1;predictive;100;1;59;1,0
33;0,03;2;shortest;1;1;55;1,0
33;0,03;2;shortest;2;1;55;1,0
33;0,03;2;shortest;3;1;55;1,0
33;0,03;2;shortest;4;0;49;
33;0,03;2;shortest;5;1;55;1,0
33;0,03;2;shortest;6;1;55;1,0
33;0,03;2;shortest;7;1;55;1,0
33;0,03;2;shortest;8;1;55;1,0
33;0,03;2;shortest;9;1;55;1,0
33;0,03;2;shortest;10;1;55;1,0
33;0,03;2;shortest;11;1;55;1,0
33;0,03;2;shortest;12;1;55;1,0
33;0,03;2;shortest;13;1;55;1,0
33;0,03;2;shortest;14;1;55;1,0
33;0,03;2;shortest;15;1;55;1,0
33;0,03;2;shortest;16;1;55;1,0
33;0,03;2;shortest;17;0;50;
33;0,03;2;shortest;18;1;55;1,0
33;0,03;2;shortest;19;1;55;1,0
33;0,03;2;shortest;20;1;55;1,0
33;0,03;2;shortest;21;1;55;1,0
33;0,03;2;shortest;22;1;55;1,0
33;0,03;2;shortest;23;1;55;1,0
33;0,03;2;shortest;24;0;47;
33;0,03;2;shortest;25;1;55;1,0
33;0,03;2;shortest;26;1;55;1,0
33;0,03;2;shortest;27;1;55;1,0
33;0,03;2;shortest;28;1;55;1,0
33;0,03;2;shortest;29;1;55;1,0
33;0,03;2;shortest;30;1;55;1,0
33;0,03;2;shortest;31;1;55;1,0
33;0,03;2;shortest;32;1;55;1,0
33;0,03;2;shortest;33;0;52;
33;0,03;2;shortest;34;0;53;
33;0,03;2;shortest;35;1;55;1,0
33;0,03;2;shortest;36;1;55;1,0
33;0,03;2;shortest;37;1;55;1,0
33;0,03;2;shortest;38;1;55;1,0
33;0,03;2;shortest;39;1;55;1,0
33;0,03;2;shortest;40;1;55;1,0
33;0,03;2;shortest;41;1;55;1,0
33;0,03;2;shortest;42;1;55;1,0
33;0,03;2;shortest;43;1;55;1,0
33;0,03;2;shortest;44;1;55;1,0
33;0,03;2;shortest;45;1;55;1,0
33;0,03;2;shortest;46;0;54;
33;0,03;2;shortest;47;1;55;1,0
33;0,03;2;shortest;48;1;55;1,0
33;0,03;2;shortest;49;1;55;1,0
33;0,03;2;shortest;50;1;55;1,0
33;0,03;2;shortest;51;1;55;1,0
33;0,03;2;shortest;52;1;55;1,0
33;0,03;2;shortest;53;1;55;1,0
33;0,03;2;shortest;54;1;55;1,0
33;0,03;2;shortest;55;1;55;1,0
33;0,03;2;shortest;56;1;55;1,0
33;0,03;2;shortest;57;1;55;1,0
33;0,03;2;shortest;58;1;55;1,0
33;0,03;2;shortest;59;1;55;1,0
33;0,03;2;shortest;60;1;55;1,0
33;0,03;2;shortest;61;1;55;1,0
33;0,03;2;shortest;62;1;55;1,0
33;0,03;2;shortest;63;1;55;1,0
33;0,03;2;shortest;64;1;55;1,0
33;0,03;2;shortest;65;1;55;1,0
33;0,03;2;shortest;66;1;55;1,0
33;0,03;2;shortest;67;1;55;1,0
33;0,03;2;shortest;68;1;55;1,0
33;0,03;2;shortest;69;1;55;1,0
33;0,03;2;shortest;70;1;55;1,0
33;0,03;2;shortest;71;1;55;1,0
33;0,03;2;shortest;72;1;55;1,0
33;0,03;2;shortest;73;1;55;1,0
33;0,03;2;shortest;74;1;55;1,0
33;0,03;2;shortest;75;1;55;1,0
33;0,03;2;shortest;76;1;55;1,0
33;0,03;2;shortest;77;0;43;
33;0,03;2;shortest;78;1;55;1,0
33;0,03;2;shortest;79;1;55;1,0
33;0,03;2;shortest;80;1;55;1,0
33;0,03;2;shortest;81;1;55;1,0
33;0,03;2;shortest;82;1;55;1,0
33;0,03;2;shortest;83;1;55;1,0
33;0,03;2;shortest;84;0;54;
33;0,03;2;shortest;85;1;55;1,0
33;0,03;2;shortest;86;0;54;
33;0,03;2;shortest;87;1;55;1,0
33;0,03;2;shortest;88;1;55;1,0
33;0,03;2;shortest;89;1;55;1,0
33;0,03;2;shortest;90;1;55;1,0
33;0,03;2;shortest;91;1;55;1,0
33;0,03;2;shortest;92;1;55;1,0
33;0,03;2;shortest;93;0;52;
33;0,03;2;shortest;94;0;47;
33;0,03;2;shortest;95;1;55;1,0
33;0,03;2;shortest;96;0;19;
33;0,03;2;shortest;97;0;52;
33;0,03;2;shortest;98;1;55;1,0
33;0,03;2;shortest;99;0;47;
33;0,03;2;shortest;100;1;55;1,0
33;0,03;2;safe;1;1;55;1,0
33;0,03;2;safe;2;1;55;1,0
33;0,03;2;safe;3;1;55;1,0
33;0,03;2;safe;4;0;49;
33;0,03;2;safe;5;1;55;1,0
33;0,03;2;safe;6;1;55;1,0
33;0,03;2;safe;7;1;55;1,0
33;0,03;2;safe;8;1;55;1,0
33;0,03;2;safe;9;1;55;1,0
33;0,03;2;safe;10;1;55;1,0
33;0,03;2;safe;11;0;54;
33;0,03;2;safe;12;1;55;1,0
33;0,03;2;safe;13;0;19;
33;0,03;2;safe;14;1;55;1,0
33;0,03;2;safe;15;0;55;
33;0,03;2;safe;16;1;55;1,0
33;0,03;2;safe;17;1;55;1,0
33;0,03;2;safe;18;1;55;1,0
33;0,03;2;safe;19;1;55;1,0
33;0,03;2;safe;20;0;53;
33;0,03;2;safe;21;1;55;1,0
33;0,03;2;safe;22;1;55;1,0
33;0,03;2;safe;23;1;55;1,0
33;0,03;2;safe;24;0;54;
33;0,03;2;safe;25;1;55;1,0
33;0,03;2;safe;26;1;55;1,0
33;0,03;2;safe;27;1;55;1,0
33;0,03;2;safe;28;1;55;1,0
33;0,03;2;safe;29;0;44;
33;0,03;2;safe;30;1;55;1,0
33;0,03;2;safe;31;1;55;1,0
33;0,03;2;safe;32;1;55;1,0
33;0,03;2;safe;33;1;55;1,0
33;0,03;2;safe;34;0;48;
33;0,03;2;safe;35;0;52;
33;0,03;2;safe;36;0;53;
33;0,03;2;safe;37;1;55;1,0
33;0,03;2;safe;38;0;45;
33;0,03;2;safe;39;1;55;1,0
33;0,03;2;safe;40;1;55;1,0
33;0,03;2;safe;41;1;55;1,0
33;0,03;2;safe;42;1;55;1,0
33;0,03;2;safe;43;1;55;1,0
33;0,03;2;safe;44;1;55;1,0
33;0,03;2;safe;45;1;55;1,0
33;0,03;2;safe;46;1;55;1,0
33;0,03;2;safe;47;1;55;1,0
33;0,03;2;safe;48;1;55;1,0
33;0,03;2;safe;49;1;55;1,0
33;0,03;2;safe;50;1;55;1,0
33;0,03;2;safe;51;1;55;1,0
33;0,03;2;safe;52;0;47;
33;0,03;2;safe;53;0;52;
33;0,03;2;safe;54;1;55;1,0
33;0,03;2;safe;55;1;55;1,0
33;0,03;2;safe;56;1;55;1,0
33;0,03;2;safe;57;1;55;1,0
33;0,03;2;safe;58;1;55;1,0
33;0,03;2;safe;59;1;55;1,0
33;0,03;2;safe;60;1;55;1,0
33;0,03;2;safe;61;1;55;1,0
33;0,03;2;safe;62;0;46;
33;0,03;2;safe;63;1;55;1,0
33;0,03;2;safe;64;1;55;1,0
33;0,03;2;safe;65;0;49;
33;0,03;2;safe;66;1;55;1,0
33;0,03;2;safe;67;1;55;1,0
33;0,03;2;safe;68;1;55;1,0
33;0,03;2;safe;69;1;55;1,0
33;0,03;2;safe;70;1;55;1,0
33;0,03;2;safe;71;1;55;1,0
33;0,03;2;safe;72;1;55;1,0
33;0,03;2;safe;73;1;55;1,0
33;0,03;2;safe;74;1;55;1,0
33;0,03;2;safe;75;1;55;1,0
33;0,03;2;safe;76;1;55;1,0
33;0,03;2;safe;77;0;53;
33;0,03;2;safe;78;1;55;1,0
33;0,03;2;safe;79;1;55;1,0
33;0,03;2;safe;80;1;55;1,0
33;0,03;2;safe;81;1;55;1,0
33;0,03;2;safe;82;1;55;1,0
33;0,03;2;safe;83;1;55;1,0
33;0,03;2;safe;84;0;52;
33;0,03;2;safe;85;1;55;1,0
33;0,03;2;safe;86;0;50;
33;0,03;2;safe;87;1;55;1,0
33;0,03;2;safe;88;1;55;1,0
33;0,03;2;safe;89;1;55;1,0
33;0,03;2;safe;90;1;55;1,0
33;0,03;2;safe;91;1;55;1,0
33;0,03;2;safe;92;1;55;1,0
33;0,03;2;safe;93;1;55;1,0
33;0,03;2;safe;94;1;55;1,0
33;0,03;2;safe;95;1;55;1,0
33;0,03;2;safe;96;0;53;
33;0,03;2;safe;97;1;55;1,0
33;0,03;2;safe;98;1;55;1,0
33;0,03;2;safe;99;1;55;1,0
33;0,03;2;safe;100;1;55;1,0
33;0,03;2;predictive;1;1;55;1,0
33;0,03;2;predictive;2;1;55;1,0
33;0,03;2;predictive;3;1;55;1,0
33;0,03;2;predictive;4;1;63;0,873015873015873
33;0,03;2;predictive;5;1;55;1,0
33;0,03;2;predictive;6;1;55;1,0
33;0,03;2;predictive;7;1;80;0,6875
33;0,03;2;predictive;8;1;55;1,0
33;0,03;2;predictive;9;1;55;1,0
33;0,03;2;predictive;10;1;80;0,6875
33;0,03;2;predictive;11;1;55;1,0
33;0,03;2;predictive;12;1;55;1,0
33;0,03;2;predictive;13;1;55;1,0
33;0,03;2;predictive;14;1;55;1,0
33;0,03;2;predictive;15;1;55;1,0
33;0,03;2;predictive;16;1;55;1,0
33;0,03;2;predictive;17;1;55;1,0
33;0,03;2;predictive;18;1;75;0,7333333333333333
33;0,03;2;predictive;19;0;81;
33;0,03;2;predictive;20;1;55;1,0
33;0,03;2;predictive;21;1;55;1,0
33;0,03;2;predictive;22;1;69;0,7971014492753623
33;0,03;2;predictive;23;1;55;1,0
33;0,03;2;predictive;24;1;55;1,0
33;0,03;2;predictive;25;1;55;1,0
33;0,03;2;predictive;26;1;55;1,0
33;0,03;2;predictive;27;1;55;1,0
33;0,03;2;predictive;28;1;55;1,0
33;0,03;2;predictive;29;1;56;0,9821428571428571
33;0,03;2;predictive;30;1;64;0,859375
33;0,03;2;predictive;31;1;55;1,0
33;0,03;2;predictive;32;1;58;0,9482758620689655
33;0,03;2;predictive;33;1;55;1,0
33;0,03;2;predictive;34;1;56;0,9821428571428571
33;0,03;2;predictive;35;1;55;1,0
33;0,03;2;predictive;36;1;55;1,0
33;0,03;2;predictive;37;1;55;1,0
33;0,03;2;predictive;38;1;55;1,0
33;0,03;2;predictive;39;1;55;1,0
33;0,03;2;predictive;40;1;105;0,5238095238095238
33;0,03;2;predictive;41;1;55;1,0
33;0,03;2;predictive;42;1;55;1,0
33;0,03;2;predictive;43;1;55;1,0
33;0,03;2;predictive;44;1;93;0,5913978494623656
33;0,03;2;predictive;45;1;56;0,9821428571428571
33;0,03;2;predictive;46;1;74;0,7432432432432432
33;0,03;2;predictive;47;1;55;1,0
33;0,03;2;predictive;48;1;55;1,0
33;0,03;2;predictive;49;1;55;1,0
33;0,03;2;predictive;50;1;55;1,0
33;0,03;2;predictive;51;1;55;1,0
33;0,03;2;predictive;52;1;62;0,8870967741935484
33;0,03;2;predictive;53;1;55;1,0
33;0,03;2;predictive;54;1;55;1,0
33;0,03;2;predictive;55;1;55;1,0
33;0,03;2;predictive;56;0;112;
33;0,03;2;predictive;57;1;55;1,0
33;0,03;2;predictive;58;1;76;0,7236842105263158
33;0,03;2;predictive;59;1;55;1,0
33;0,03;2;predictive;60;1;55;1,0
33;0,03;2;predictive;61;1;55;1,0
33;0,03;2;predictive;62;1;55;1,0
33;0,03;2;predictive;63;1;70;0,7857142857142857
33;0,03;2;predictive;64;1;110;0,5
33;0,03;2;predictive;65;1;55;1,0
33;0,03;2;predictive;66;1;55;1,0
33;0,03;2;predictive;67;1;55;1,0
33;0,03;2;predictive;68;1;55;1,0
33;0,03;2;predictive;69;1;55;1,0
33;0,03;2;predictive;70;1;55;1,0
33;0,03;2;predictive;71;1;108;0,5092592592592593
33;0,03;2;predictive;72;1;154;0,35714285714285715
33;0,03;2;predictive;73;1;55;1,0
33;0,03;2;predictive;74;1;135;0,4074074074074074
33;0,03;2;predictive;75;1;55;1,0
33;0,03;2;predictive;76;1;55;1,0
33;0,03;2;predictive;77;1;55;1,0
33;0,03;2;predictive;78;1;55;1,0
33;0,03;2;predictive;79;1;55;1,0
33;0,03;2;predictive;80;0;108;
33;0,03;2;predictive;81;1;55;1,0
33;0,03;2;predictive;82;1;57;0,9649122807017544
33;0,03;2;predictive;83;1;55;1,0
33;0,03;2;predictive;84;1;55;1,0
33;0,03;2;predictive;85;1;55;1,0
33;0,03;2;predictive;86;1;55;1,0
33;0,03;2;predictive;87;1;55;1,0
33;0,03;2;predictive;88;1;55;1,0
33;0,03;2;predictive;89;1;55;1,0
33;0,03;2;predictive;90;1;55;1,0
33;0,03;2;predictive;91;1;55;1,0
33;0,03;2;predictive;92;1;55;1,0
33;0,03;2;predictive;93;1;55;1,0
33;0,03;2;predictive;94;1;55;1,0
33;0,03;2;predictive;95;1;60;0,9166666666666666
33;0,03;2;predictive;96;1;55;1,0
33;0,03;2;predictive;97;1;55;1,0
33;0,03;2;predictive;98;1;98;0,5612244897959183
33;0,03;2;predictive;99;1;55;1,0
33;0,03;2;predictive;100;1;55;1,0
33;0,03;3;shortest;1;1;41;1,0
33;0,03;3;shortest;2;1;41;1,0
33;0,03;3;shortest;3;1;41;1,0
33;0,03;3;shortest;4;1;41;1,0
33;0,03;3;shortest;5;1;41;1,0
33;0,03;3;shortest;6;0;37;
33;0,03;3;shortest;7;1;41;1,0
33;0,03;3;shortest;8;1;41;1,0
33;0,03;3;shortest;9;1;41;1,0
33;0,03;3;shortest;10;1;41;1,0
33;0,03;3;shortest;11;1;41;1,0
33;0,03;3;shortest;12;1;41;1,0
33;0,03;3;shortest;13;1;41;1,0
33;0,03;3;shortest;14;1;41;1,0
33;0,03;3;shortest;15;1;41;1,0
33;0,03;3;shortest;16;1;41;1,0
33;0,03;3;shortest;17;1;41;1,0
33;0,03;3;shortest;18;1;41;1,0
33;0,03;3;shortest;19;1;41;1,0
33;0,03;3;shortest;20;1;41;1,0
33;0,03;3;shortest;21;1;41;1,0
33;0,03;3;shortest;22;1;41;1,0
33;0,03;3;shortest;23;1;41;1,0
33;0,03;3;shortest;24;1;41;1,0
33;0,03;3;shortest;25;1;41;1,0
33;0,03;3;shortest;26;1;41;1,0
33;0,03;3;shortest;27;1;41;1,0
33;0,03;3;shortest;28;1;41;1,0
33;0,03;3;shortest;29;1;41;1,0
33;0,03;3;shortest;30;1;41;1,0
33;0,03;3;shortest;31;1;41;1,0
33;0,03;3;shortest;32;0;39;
33;0,03;3;shortest;33;0;36;
33;0,03;3;shortest;34;1;41;1,0
33;0,03;3;shortest;35;1;41;1,0
33;0,03;3;shortest;36;1;41;1,0
33;0,03;3;shortest;37;1;41;1,0
33;0,03;3;shortest;38;0;34;
33;0,03;3;shortest;39;1;41;1,0
33;0,03;3;shortest;40;1;41;1,0
33;0,03;3;shortest;41;1;41;1,0
33;0,03;3;shortest;42;0;38;
33;0,03;3;shortest;43;0;40;
33;0,03;3;shortest;44;1;41;1,0
33;0,03;3;shortest;45;1;41;1,0
33;0,03;3;shortest;46;1;41;1,0
33;0,03;3;shortest;47;1;41;1,0
33;0,03;3;shortest;48;1;41;1,0
33;0,03;3;shortest;49;0;31;
33;0,03;3;shortest;50;1;41;1,0
33;0,03;3;shortest;51;0;34;
33;0,03;3;shortest;52;0;39;
33;0,03;3;shortest;53;0;38;
33;0,03;3;shortest;54;1;41;1,0
33;0,03;3;shortest;55;1;41;1,0
33;0,03;3;shortest;56;1;41;1,0
33;0,03;3;shortest;57;1;41;1,0
33;0,03;3;shortest;58;1;41;1,0
33;0,03;3;shortest;59;1;41;1,0
33;0,03;3;shortest;60;1;41;1,0
33;0,03;3;shortest;61;1;41;1,0
33;0,03;3;shortest;62;1;41;1,0
33;0,03;3;shortest;63;1;41;1,0
33;0,03;3;shortest;64;0;38;
33;0,03;3;shortest;65;1;41;1,0
33;0,03;3;shortest;66;1;41;1,0
33;0,03;3;shortest;67;1;41;1,0
33;0,03;3;shortest;68;1;41;1,0
33;0,03;3;shortest;69;1;41;1,0
33;0,03;3;shortest;70;1;41;1,0
33;0,03;3;shortest;71;1;41;1,0
33;0,03;3;shortest;72;0;38;
33;0,03;3;shortest;73;1;41;1,0
33;0,03;3;shortest;74;1;41;1,0
33;0,03;3;shortest;75;1;41;1,0
33;0,03;3;shortest;76;1;41;1,0
33;0,03;3;shortest;77;1;41;1,0
33;0,03;3;shortest;78;1;41;1,0
33;0,03;3;shortest;79;1;41;1,0
33;0,03;3;shortest;80;0;38;
33;0,03;3;shortest;81;1;41;1,0
33;0,03;3;shortest;82;1;41;1,0
33;0,03;3;shortest;83;1;41;1,0
33;0,03;3;shortest;84;1;41;1,0
33;0,03;3;shortest;85;1;41;1,0
33;0,03;3;shortest;86;1;41;1,0
33;0,03;3;shortest;87;1;41;1,0
33;0,03;3;shortest;88;0;40;
33;0,03;3;shortest;89;1;41;1,0
33;0,03;3;shortest;90;1;41;1,0
33;0,03;3;shortest;91;0;38;
33;0,03;3;shortest;92;1;41;1,0
33;0,03;3;shortest;93;1;41;1,0
33;0,03;3;shortest;94;1;41;1,0
33;0,03;3;shortest;95;1;41;1,0
33;0,03;3;shortest;96;1;41;1,0
33;0,03;3;shortest;97;1;41;1,0
33;0,03;3;shortest;98;1;41;1,0
33;0,03;3;shortest;99;1;41;1,0
33;0,03;3;shortest;100;1;41;1,0
33;0,03;3;safe;1;1;41;1,0
33;0,03;3;safe;2;1;41;1,0
33;0,03;3;safe;3;1;41;1,0
33;0,03;3;safe;4;1;41;1,0
33;0,03;3;safe;5;1;41;1,0
33;0,03;3;safe;6;0;37;
33;0,03;3;safe;7;1;41;1,0
33;0,03;3;safe;8;1;41;1,0
33;0,03;3;safe;9;1;41;1,0
33;0,03;3;safe;10;1;41;1,0
33;0,03;3;safe;11;1;41;1,0
33;0,03;3;safe;12;1;41;1,0
33;0,03;3;safe;13;1;41;1,0
33;0,03;3;safe;14;1;41;1,0
33;0,03;3;safe;15;1;41;1,0
33;0,03;3;safe;16;1;41;1,0
33;0,03;3;safe;17;1;41;1,0
33;0,03;3;safe;18;1;41;1,0
33;0,03;3;safe;19;1;41;1,0
33;0,03;3;safe;20;1;41;1,0
33;0,03;3;safe;21;1;41;1,0
33;0,03;3;safe;22;1;41;1,0
33;0,03;3;safe;23;1;41;1,0
33;0,03;3;safe;24;1;41;1,0
33;0,03;3;safe;25;1;41;1,0
33;0,03;3;safe;26;1;41;1,0
33;0,03;3;safe;27;1;41;1,0
33;0,03;3;safe;28;1;41;1,0
33;0,03;3;safe;29;1;41;1,0
33;0,03;3;safe;30;1;41;1,0
33;0,03;3;safe;31;1;41;1,0
33;0,03;3;safe;32;0;39;
33;0,03;3;safe;33;0;38;
33;0,03;3;safe;34;1;41;1,0
33;0,03;3;safe;35;1;41;1,0
33;0,03;3;safe;36;1;41;1,0
33;0,03;3;safe;37;1;41;1,0
33;0,03;3;safe;38;1;41;1,0
33;0,03;3;safe;39;1;41;1,0
33;0,03;3;safe;40;1;41;1,0
33;0,03;3;safe;41;1;41;1,0
33;0,03;3;safe;42;1;41;1,0
33;0,03;3;safe;43;1;41;1,0
33;0,03;3;safe;44;1;41;1,0
33;0,03;3;safe;45;1;41;1,0
33;0,03;3;safe;46;0;40;
33;0,03;3;safe;47;1;41;1,0
33;0,03;3;safe;48;1;41;1,0
33;0,03;3;safe;49;0;39;
33;0,03;3;safe;50;1;41;1,0
33;0,03;3;safe;51;1;41;1,0
33;0,03;3;safe;52;1;41;1,0
33;0,03;3;safe;53;1;41;1,0
33;0,03;3;safe;54;1;41;1,0
33;0,03;3;safe;55;1;41;1,0
33;0,03;3;safe;56;1;41;1,0
33;0,03;3;safe;57;1;41;1,0
33;0,03;3;safe;58;1;41;1,0
33;0,03;3;safe;59;1;41;1,0
33;0,03;3;safe;60;1;41;1,0
33;0,03;3;safe;61;0;37;
33;0,03;3;safe;62;1;41;1,0
33;0,03;3;safe;63;1;41;1,0
33;0,03;3;safe;64;1;41;1,0
33;0,03;3;safe;65;1;41;1,0
33;0,03;3;safe;66;1;41;1,0
33;0,03;3;safe;67;1;41;1,0
33;0,03;3;safe;68;1;41;1,0
33;0,03;3;safe;69;1;41;1,0
33;0,03;3;safe;70;1;41;1,0
33;0,03;3;safe;71;1;41;1,0
33;0,03;3;safe;72;1;41;1,0
33;0,03;3;safe;73;1;41;1,0
33;0,03;3;safe;74;1;41;1,0
33;0,03;3;safe;75;1;41;1,0
33;0,03;3;safe;76;1;41;1,0
33;0,03;3;safe;77;1;41;1,0
33;0,03;3;safe;78;1;41;1,0
33;0,03;3;safe;79;1;41;1,0
33;0,03;3;safe;80;1;41;1,0
33;0,03;3;safe;81;1;41;1,0
33;0,03;3;safe;82;1;41;1,0
33;0,03;3;safe;83;0;38;
33;0,03;3;safe;84;1;41;1,0
33;0,03;3;safe;85;0;36;
33;0,03;3;safe;86;1;41;1,0
33;0,03;3;safe;87;1;41;1,0
33;0,03;3;safe;88;1;41;1,0
33;0,03;3;safe;89;1;41;1,0
33;0,03;3;safe;90;1;41;1,0
33;0,03;3;safe;91;1;41;1,0
33;0,03;3;safe;92;1;41;1,0
33;0,03;3;safe;93;1;41;1,0
33;0,03;3;safe;94;1;41;1,0
33;0,03;3;safe;95;1;41;1,0
33;0,03;3;safe;96;1;41;1,0
33;0,03;3;safe;97;1;41;1,0
33;0,03;3;safe;98;1;41;1,0
33;0,03;3;safe;99;1;41;1,0
33;0,03;3;safe;100;1;41;1,0
33;0,03;3;predictive;1;1;41;1,0
33;0,03;3;predictive;2;1;41;1,0
33;0,03;3;predictive;3;1;41;1,0
33;0,03;3;predictive;4;1;41;1,0
33;0,03;3;predictive;5;1;41;1,0
33;0,03;3;predictive;6;1;56;0,7321428571428571
33;0,03;3;predictive;7;1;41;1,0
33;0,03;3;predictive;8;1;41;1,0
33;0,03;3;predictive;9;1;41;1,0
33;0,03;3;predictive;10;1;45;0,9111111111111111
33;0,03;3;predictive;11;1;41;1,0
33;0,03;3;predictive;12;1;41;1,0
33;0,03;3;predictive;13;1;41;1,0
33;0,03;3;predictive;14;1;41;1,0
33;0,03;3;predictive;15;1;41;1,0
33;0,03;3;predictive;16;1;42;0,9761904761904762
33;0,03;3;predictive;17;1;41;1,0
33;0,03;3;predictive;18;1;41;1,0
33;0,03;3;predictive;19;1;41;1,0
33;0,03;3;predictive;20;1;92;0,44565217391304346
33;0,03;3;predictive;21;1;54;0,7592592592592593
33;0,03;3;predictive;22;1;41;1,0
33;0,03;3;predictive;23;1;41;1,0
33;0,03;3;predictive;24;1;41;1,0
33;0,03;3;predictive;25;1;46;0,8913043478260869
33;0,03;3;predictive;26;1;41;1,0
33;0,03;3;predictive;27;1;41;1,0
33;0,03;3;predictive;28;1;41;1,0
33;0,03;3;predictive;29;1;41;1,0
33;0,03;3;predictive;30;1;41;1,0
33;0,03;3;predictive;31;1;41;1,0
33;0,03;3;predictive;32;1;41;1,0
33;0,03;3;predictive;33;1;41;1,0
33;0,03;3;predictive;34;1;41;1,0
33;0,03;3;predictive;35;1;41;1,0
33;0,03;3;predictive;36;1;41;1,0
33;0,03;3;predictive;37;1;41;1,0
33;0,03;3;predictive;38;1;41;1,0
33;0,03;3;predictive;39;1;41;1,0
33;0,03;3;predictive;40;1;41;1,0
33;0,03;3;predictive;41;1;68;0,6029411764705882
33;0,03;3;predictive;42;1;41;1,0
33;0,03;3;predictive;43;1;41;1,0
33;0,03;3;predictive;44;1;41;1,0
33;0,03;3;predictive;45;1;41;1,0
33;0,03;3;predictive;46;1;41;1,0
33;0,03;3;predictive;47;1;41;1,0
33;0,03;3;predictive;48;1;41;1,0
33;0,03;3;predictive;49;1;41;1,0
33;0,03;3;predictive;50;1;54;0,7592592592592593
33;0,03;3;predictive;51;1;50;0,82
33;0,03;3;predictive;52;1;41;1,0
33;0,03;3;predictive;53;1;41;1,0
33;0,03;3;predictive;54;1;41;1,0
33;0,03;3;predictive;55;1;44;0,9318181818181818
33;0,03;3;predictive;56;1;41;1,0
33;0,03;3;predictive;57;1;41;1,0
33;0,03;3;predictive;58;1;41;1,0
33;0,03;3;predictive;59;1;41;1,0
33;0,03;3;predictive;60;1;41;1,0
33;0,03;3;predictive;61;1;41;1,0
33;0,03;3;predictive;62;1;41;1,0
33;0,03;3;predictive;63;1;41;1,0
33;0,03;3;predictive;64;1;41;1,0
33;0,03;3;predictive;65;1;41;1,0
33;0,03;3;predictive;66;1;41;1,0
33;0,03;3;predictive;67;1;42;0,9761904761904762
33;0,03;3;predictive;68;1;41;1,0
33;0,03;3;predictive;69;1;41;1,0
33;0,03;3;predictive;70;1;42;0,9761904761904762
33;0,03;3;predictive;71;1;41;1,0
33;0,03;3;predictive;72;1;45;0,9111111111111111
33;0,03;3;predictive;73;1;41;1,0
33;0,03;3;predictive;74;1;41;1,0
33;0,03;3;predictive;75;1;41;1,0
33;0,03;3;predictive;76;1;41;1,0
33;0,03;3;predictive;77;1;41;1,0
33;0,03;3;predictive;78;1;41;1,0
33;0,03;3;predictive;79;1;41;1,0
33;0,03;3;predictive;80;1;41;1,0
33;0,03;3;predictive;81;1;41;1,0
33;0,03;3;predictive;82;1;41;1,0
33;0,03;3;predictive;83;1;56;0,7321428571428571
33;0,03;3;predictive;84;1;41;1,0
33;0,03;3;predictive;85;1;41;1,0
33;0,03;3;predictive;86;1;41;1,0
33;0,03;3;predictive;87;1;42;0,9761904761904762
33;0,03;3;predictive;88;1;41;1,0
33;0,03;3;predictive;89;1;41;1,0
33;0,03;3;predictive;90;1;41;1,0
33;0,03;3;predictive;91;1;41;1,0
33;0,03;3;predictive;92;1;41;1,0
33;0,03;3;predictive;93;1;41;1,0
33;0,03;3;predictive;94;1;41;1,0
33;0,03;3;predictive;95;1;42;0,9761904761904762
33;0,03;3;predictive;96;1;41;1,0
33;0,03;3;predictive;97;1;41;1,0
33;0,03;3;predictive;98;1;41;1,0
33;0,03;3;predictive;99;0;43;
33;0,03;3;predictive;100;1;41;1,0
33;0,05;1;shortest;1;1;59;1,0
33;0,05;1;shortest;2;1;59;1,0
33;0,05;1;shortest;3;1;59;1,0
33;0,05;1;shortest;4;0;16;
33;0,05;1;shortest;5;1;59;1,0
33;0,05;1;shortest;6;1;59;1,0
33;0,05;1;shortest;7;0;55;
33;0,05;1;shortest;8;1;59;1,0
33;0,05;1;shortest;9;0;16;
33;0,05;1;shortest;10;0;58;
33;0,05;1;shortest;11;0;15;
33;0,05;1;shortest;12;0;52;
33;0,05;1;shortest;13;1;59;1,0
33;0,05;1;shortest;14;0;55;
33;0,05;1;shortest;15;0;49;
33;0,05;1;shortest;16;1;59;1,0
33;0,05;1;shortest;17;1;59;1,0
33;0,05;1;shortest;18;0;53;
33;0,05;1;shortest;19;0;16;
33;0,05;1;shortest;20;0;49;
33;0,05;1;shortest;21;1;59;1,0
33;0,05;1;shortest;22;1;59;1,0
33;0,05;1;shortest;23;1;59;1,0
33;0,05;1;shortest;24;1;59;1,0
33;0,05;1;shortest;25;1;59;1,0
33;0,05;1;shortest;26;1;59;1,0
33;0,05;1;shortest;27;1;59;1,0
33;0,05;1;shortest;28;1;59;1,0
33;0,05;1;shortest;29;0;19;
33;0,05;1;shortest;30;1;59;1,0
33;0,05;1;shortest;31;1;59;1,0
33;0,05;1;shortest;32;0;55;
33;0,05;1;shortest;33;1;59;1,0
33;0,05;1;shortest;34;1;59;1,0
33;0,05;1;shortest;35;1;59;1,0
33;0,05;1;shortest;36;1;59;1,0
33;0,05;1;shortest;37;0;58;
33;0,05;1;shortest;38;1;59;1,0
33;0,05;1;shortest;39;0;57;
33;0,05;1;shortest;40;1;59;1,0
33;0,05;1;shortest;41;1;59;1,0
33;0,05;1;shortest;42;0;58;
33;0,05;1;shortest;43;0;51;
33;0,05;1;shortest;44;1;59;1,0
33;0,05;1;shortest;45;0;56;
33;0,05;1;shortest;46;1;59;1,0
33;0,05;1;shortest;47;0;58;
33;0,05;1;shortest;48;0;16;
33;0,05;1;shortest;49;0;17;
33;0,05;1;shortest;50;1;59;1,0
33;0,05;1;shortest;51;1;59;1,0
33;0,05;1;shortest;52;1;59;1,0
33;0,05;1;shortest;53;0;16;
33;0,05;1;shortest;54;0;57;
33;0,05;1;shortest;55;0;24;
33;0,05;1;shortest;56;1;59;1,0
33;0,05;1;shortest;57;0;16;
33;0,05;1;shortest;58;1;59;1,0
33;0,05;1;shortest;59;0;12;
33;0,05;1;shortest;60;1;59;1,0
33;0,05;1;shortest;61;1;59;1,0
33;0,05;1;shortest;62;1;59;1,0
33;0,05;1;shortest;63;0;12;
33;0,05;1;shortest;64;1;59;1,0
33;0,05;1;shortest;65;1;59;1,0
33;0,05;1;shortest;66;0;16;
33;0,05;1;shortest;67;1;59;1,0
33;0,05;1;shortest;68;0;54;
33;0,05;1;shortest;69;0;16;
33;0,05;1;shortest;70;0;58;
33;0,05;1;shortest;71;1;59;1,0
33;0,05;1;shortest;72;1;59;1,0
33;0,05;1;shortest;73;1;59;1,0
33;0,05;1;shortest;74;0;15;
33;0,05;1;shortest;75;1;59;1,0
33;0,05;1;shortest;76;1;59;1,0
33;0,05;1;shortest;77;0;55;
33;0,05;1;shortest;78;1;59;1,0
33;0,05;1;shortest;79;1;59;1,0
33;0,05;1;shortest;80;1;59;1,0
33;0,05;1;shortest;81;1;59;1,0
33;0,05;1;shortest;82;0;16;
33;0,05;1;shortest;83;1;59;1,0
33;0,05;1;shortest;84;0;51;
33;0,05;1;shortest;85;0;57;
33;0,05;1;shortest;86;0;55;
33;0,05;1;shortest;87;1;59;1,0
33;0,05;1;shortest;88;0;16;
33;0,05;1;shortest;89;0;57;
33;0,05;1;shortest;90;1;59;1,0
33;0,05;1;shortest;91;0;56;
33;0,05;1;shortest;92;1;59;1,0
33;0,05;1;shortest;93;0;57;
33;0,05;1;shortest;94;1;59;1,0
33;0,05;1;shortest;95;0;54;
33;0,05;1;shortest;96;0;15;
33;0,05;1;shortest;97;0;21;
33;0,05;1;shortest;98;0;13;
33;0,05;1;shortest;99;1;59;1,0
33;0,05;1;shortest;100;1;59;1,0
33;0,05;1;safe;1;1;59;1,0
33;0,05;1;safe;2;1;59;1,0
33;0,05;1;safe;3;1;59;1,0
33;0,05;1;safe;4;0;60;
33;0,05;1;safe;5;1;59;1,0
33;0,05;1;safe;6;1;59;1,0
33;0,05;1;safe;7;0;51;
33;0,05;1;safe;8;0;16;
33;0,05;1;safe;9;1;59;1,0
33;0,05;1;safe;10;0;47;
33;0,05;1;safe;11;0;51;
33;0,05;1;safe;12;1;60;0,9833333333333333
33;0,05;1;safe;13;0;53;
33;0,05;1;safe;14;0;50;
33;0,05;1;safe;15;1;59;1,0
33;0,05;1;safe;16;0;50;
33;0,05;1;safe;17;1;59;1,0
33;0,05;1;safe;18;1;59;1,0
33;0,05;1;safe;19;1;59;1,0
33;0,05;1;safe;20;1;59;1,0
33;0,05;1;safe;21;1;59;1,0
33;0,05;1;safe;22;1;59;1,0
33;0,05;1;safe;23;0;58;
33;0,05;1;safe;24;1;59;1,0
33;0,05;1;safe;25;0;57;
33;0,05;1;safe;26;0;55;
33;0,05;1;safe;27;1;59;1,0
33;0,05;1;safe;28;0;18;
33;0,05;1;safe;29;1;59;1,0
33;0,05;1;safe;30;1;59;1,0
33;0,05;1;safe;31;0;57;
33;0,05;1;safe;32;0;58;
33;0,05;1;safe;33;1;59;1,0
33;0,05;1;safe;34;0;51;
33;0,05;1;safe;35;0;59;
33;0,05;1;safe;36;1;59;1,0
33;0,05;1;safe;37;1;59;1,0
33;0,05;1;safe;38;1;59;1,0
33;0,05;1;safe;39;0;58;
33;0,05;1;safe;40;1;59;1,0
33;0,05;1;safe;41;1;59;1,0
33;0,05;1;safe;42;1;59;1,0
33;0,05;1;safe;43;0;57;
33;0,05;1;safe;44;0;58;
33;0,05;1;safe;45;0;20;
33;0,05;1;safe;46;1;59;1,0
33;0,05;1;safe;47;0;54;
33;0,05;1;safe;48;1;59;1,0
33;0,05;1;safe;49;1;59;1,0
33;0,05;1;safe;50;1;59;1,0
33;0,05;1;safe;51;1;59;1,0
33;0,05;1;safe;52;1;59;1,0
33;0,05;1;safe;53;1;59;1,0
33;0,05;1;safe;54;1;59;1,0
33;0,05;1;safe;55;0;59;
33;0,05;1;safe;56;0;55;
33;0,05;1;safe;57;1;59;1,0
33;0,05;1;safe;58;1;59;1,0
33;0,05;1;safe;59;0;54;
33;0,05;1;safe;60;1;59;1,0
33;0,05;1;safe;61;0;52;
33;0,05;1;safe;62;1;59;1,0
33;0,05;1;safe;63;1;59;1,0
33;0,05;1;safe;64;1;59;1,0
33;0,05;1;safe;65;1;59;1,0
33;0,05;1;safe;66;1;59;1,0
33;0,05;1;safe;67;1;59;1,0
33;0,05;1;safe;68;1;59;1,0
33;0,05;1;safe;69;1;59;1,0
33;0,05;1;safe;70;0;16;
33;0,05;1;safe;71;1;59;1,0
33;0,05;1;safe;72;0;19;
33;0,05;1;safe;73;0;58;
33;0,05;1;safe;74;1;59;1,0
33;0,05;1;safe;75;0;16;
33;0,05;1;safe;76;0;58;
33;0,05;1;safe;77;1;59;1,0
33;0,05;1;safe;78;0;57;
33;0,05;1;safe;79;0;58;
33;0,05;1;safe;80;1;59;1,0
33;0,05;1;safe;81;1;59;1,0
33;0,05;1;safe;82;1;59;1,0
33;0,05;1;safe;83;1;59;1,0
33;0,05;1;safe;84;1;59;1,0
33;0,05;1;safe;85;0;14;
33;0,05;1;safe;86;1;59;1,0
33;0,05;1;safe;87;1;59;1,0
33;0,05;1;safe;88;1;59;1,0
33;0,05;1;safe;89;1;59;1,0
33;0,05;1;safe;90;0;14;
33;0,05;1;safe;91;1;59;1,0
33;0,05;1;safe;92;1;59;1,0
33;0,05;1;safe;93;1;59;1,0
33;0,05;1;safe;94;1;59;1,0
33;0,05;1;safe;95;1;59;1,0
33;0,05;1;safe;96;1;59;1,0
33;0,05;1;safe;97;1;59;1,0
33;0,05;1;safe;98;1;59;1,0
33;0,05;1;safe;99;0;56;
33;0,05;1;safe;100;0;54;
33;0,05;1;predictive;1;1;59;1,0
33;0,05;1;predictive;2;1;59;1,0
33;0,05;1;predictive;3;1;59;1,0
33;0,05;1;predictive;4;1;76;0,7763157894736842
33;0,05;1;predictive;5;1;124;0,47580645161290325
33;0,05;1;predictive;6;1;59;1,0
33;0,05;1;predictive;7;1;59;1,0
33;0,05;1;predictive;8;1;134;0,44029850746268656
33;0,05;1;predictive;9;1;59;1,0
33;0,05;1;predictive;10;1;59;1,0
33;0,05;1;predictive;11;1;59;1,0
33;0,05;1;predictive;12;0;101;
33;0,05;1;predictive;13;1;59;1,0
33;0,05;1;predictive;14;1;59;1,0
33;0,05;1;predictive;15;1;65;0,9076923076923077
33;0,05;1;predictive;16;1;85;0,6941176470588235
33;0,05;1;predictive;17;1;71;0,8309859154929577
33;0,05;1;predictive;18;1;59;1,0
33;0,05;1;predictive;19;1;59;1,0
33;0,05;1;predictive;20;1;59;1,0
33;0,05;1;predictive;21;1;59;1,0
33;0,05;1;predictive;22;1;59;1,0
33;0,05;1;predictive;23;0;79;
33;0,05;1;predictive;24;1;59;1,0
33;0,05;1;predictive;25;0;26;
33;0,05;1;predictive;26;1;59;1,0
33;0,05;1;predictive;27;1;59;1,0
33;0,05;1;predictive;28;1;59;1,0
33;0,05;1;predictive;29;1;97;0,6082474226804123
33;0,05;1;predictive;30;1;59;1,0
33;0,05;1;predictive;31;1;107;0,5514018691588785
33;0,05;1;predictive;32;1;59;1,0
33;0,05;1;predictive;33;1;59;1,0
33;0,05;1;predictive;34;1;59;1,0
33;0,05;1;predictive;35;1;67;0,8805970149253731
33;0,05;1;predictive;36;1;74;0,7972972972972973
33;0,05;1;predictive;37;1;59;1,0
33;0,05;1;predictive;38;1;59;1,0
33;0,05;1;predictive;39;1;66;0,8939393939393939
33;0,05;1;predictive;40;1;59;1,0
33;0,05;1;predictive;41;0;126;
33;0,05;1;predictive;42;1;59;1,0
33;0,05;1;predictive;43;1;59;1,0
33;0,05;1;predictive;44;1;129;0,4573643410852713
33;0,05;1;predictive;45;1;110;0,5363636363636364
33;0,05;1;predictive;46;1;59;1,0
33;0,05;1;predictive;47;1;59;1,0
33;0,05;1;predictive;48;1;59;1,0
33;0,05;1;predictive;49;1;59;1,0
33;0,05;1;predictive;50;1;59;1,0
33;0,05;1;predictive;51;1;65;0,9076923076923077
33;0,05;1;predictive;52;1;59;1,0
33;0,05;1;predictive;53;1;59;1,0
33;0,05;1;predictive;54;0;44;
33;0,05;1;predictive;55;1;107;0,5514018691588785
33;0,05;1;predictive;56;1;123;0,4796747967479675
33;0,05;1;predictive;57;1;59;1,0
33;0,05;1;predictive;58;1;59;1,0
33;0,05;1;predictive;59;0;92;
33;0,05;1;predictive;60;1;59;1,0
33;0,05;1;predictive;61;1;59;1,0
33;0,05;1;predictive;62;1;59;1,0
33;0,05;1;predictive;63;1;60;0,9833333333333333
33;0,05;1;predictive;64;1;140;0,42142857142857143
33;0,05;1;predictive;65;1;59;1,0
33;0,05;1;predictive;66;1;59;1,0
33;0,05;1;predictive;67;1;59;1,0
33;0,05;1;predictive;68;0;59;
33;0,05;1;predictive;69;1;112;0,5267857142857143
33;0,05;1;predictive;70;1;59;1,0
33;0,05;1;predictive;71;1;59;1,0
33;0,05;1;predictive;72;1;59;1,0
33;0,05;1;predictive;73;1;59;1,0
33;0,05;1;predictive;74;1;59;1,0
33;0,05;1;predictive;75;1;97;0,6082474226804123
33;0,05;1;predictive;76;1;59;1,0
33;0,05;1;predictive;77;1;59;1,0
33;0,05;1;predictive;78;1;59;1,0
33;0,05;1;predictive;79;1;60;0,9833333333333333
33;0,05;1;predictive;80;1;95;0,6210526315789474
33;0,05;1;predictive;81;1;59;1,0
33;0,05;1;predictive;82;1;59;1,0
33;0,05;1;predictive;83;1;59;1,0
33;0,05;1;predictive;84;1;59;1,0
33;0,05;1;predictive;85;0;104;
33;0,05;1;predictive;86;0;87;
33;0,05;1;predictive;87;1;62;0,9516129032258065
33;0,05;1;predictive;88;1;132;0,44696969696969696
33;0,05;1;predictive;89;1;59;1,0
33;0,05;1;predictive;90;1;59;1,0
33;0,05;1;predictive;91;1;70;0,8428571428571429
33;0,05;1;predictive;92;1;61;0,9672131147540983
33;0,05;1;predictive;93;1;65;0,9076923076923077
33;0,05;1;predictive;94;1;59;1,0
33;0,05;1;predictive;95;1;75;0,7866666666666666
33;0,05;1;predictive;96;1;59;1,0
33;0,05;1;predictive;97;1;59;1,0
33;0,05;1;predictive;98;1;59;1,0
33;0,05;1;predictive;99;1;60;0,9833333333333333
33;0,05;1;predictive;100;1;59;1,0
33;0,05;2;shortest;1;1;55;1,0
33;0,05;2;shortest;2;1;55;1,0
33;0,05;2;shortest;3;1;55;1,0
33;0,05;2;shortest;4;0;51;
33;0,05;2;shortest;5;1;55;1,0
33;0,05;2;shortest;6;1;55;1,0
33;0,05;2;shortest;7;1;55;1,0
33;0,05;2;shortest;8;1;55;1,0
33;0,05;2;shortest;9;0;53;
33;0,05;2;shortest;10;1;55;1,0
33;0,05;2;shortest;11;0;46;
33;0,05;2;shortest;12;0;52;
33;0,05;2;shortest;13;0;43;
33;0,05;2;shortest;14;1;55;1,0
33;0,05;2;shortest;15;1;55;1,0
33;0,05;2;shortest;16;1;55;1,0
33;0,05;2;shortest;17;0;52;
33;0,05;2;shortest;18;1;55;1,0
33;0,05;2;shortest;19;0;52;
33;0,05;2;shortest;20;0;51;
33;0,05;2;shortest;21;0;49;
33;0,05;2;shortest;22;1;55;1,0
33;0,05;2;shortest;23;1;55;1,0
33;0,05;2;shortest;24;0;54;
33;0,05;2;shortest;25;1;55;1,0
33;0,05;2;shortest;26;1;55;1,0
33;0,05;2;shortest;27;1;55;1,0
33;0,05;2;shortest;28;1;55;1,0
33;0,05;2;shortest;29;1;55;1,0
33;0,05;2;shortest;30;0;54;
33;0,05;2;shortest;31;1;55;1,0
33;0,05;2;shortest;32;0;50;
33;0,05;2;shortest;33;0;54;
33;0,05;2;shortest;34;1;55;1,0
33;0,05;2;shortest;35;0;47;
33;0,05;2;shortest;36;0;48;
33;0,05;2;shortest;37;1;55;1,0
33;0,05;2;shortest;38;1;55;1,0
33;0,05;2;shortest;39;1;55;1,0
33;0,05;2;shortest;40;0;48;
33;0,05;2;shortest;41;1;55;1,0
33;0,05;2;shortest;42;0;52;
33;0,05;2;shortest;43;1;55;1,0
33;0,05;2;shortest;44;1;55;1,0
33;0,05;2;shortest;45;1;55;1,0
33;0,05;2;shortest;46;1;55;1,0
33;0,05;2;shortest;47;1;55;1,0
33;0,05;2;shortest;48;1;55;1,0
33;0,05;2;shortest;49;0;49;
33;0,05;2;shortest;50;0;45;
33;0,05;2;shortest;51;1;55;1,0
33;0,05;2;shortest;52;1;55;1,0
33;0,05;2;shortest;53;1;55;1,0
33;0,05;2;shortest;54;1;55;1,0
33;0,05;2;shortest;55;1;55;1,0
33;0,05;2;shortest;56;1;55;1,0
33;0,05;2;shortest;57;1;55;1,0
33;0,05;2;shortest;58;1;55;1,0
33;0,05;2;shortest;59;1;55;1,0
33;0,05;2;shortest;60;1;55;1,0
33;0,05;2;shortest;61;0;47;
33;0,05;2;shortest;62;0;45;
33;0,05;2;shortest;63;1;55;1,0
33;0,05;2;shortest;64;0;54;
33;0,05;2;shortest;65;1;55;1,0
33;0,05;2;shortest;66;1;55;1,0
33;0,05;2;shortest;67;0;48;
33;0,05;2;shortest;68;1;55;1,0
33;0,05;2;shortest;69;0;52;
33;0,05;2;shortest;70;1;55;1,0
33;0,05;2;shortest;71;1;55;1,0
33;0,05;2;shortest;72;1;55;1,0
33;0,05;2;shortest;73;1;55;1,0
33;0,05;2;shortest;74;1;55;1,0
33;0,05;2;shortest;75;0;47;
33;0,05;2;shortest;76;0;52;
33;0,05;2;shortest;77;1;55;1,0
33;0,05;2;shortest;78;1;55;1,0
33;0,05;2;shortest;79;0;51;
33;0,05;2;shortest;80;1;55;1,0
33;0,05;2;shortest;81;0;45;
33;0,05;2;shortest;82;1;55;1,0
33;0,05;2;shortest;83;0;51;
33;0,05;2;shortest;84;1;55;1,0
33;0,05;2;shortest;85;1;55;1,0
33;0,05;2;shortest;86;0;47;
33;0,05;2;shortest;87;0;54;
33;0,05;2;shortest;88;1;55;1,0
33;0,05;2;shortest;89;0;41;
33;0,05;2;shortest;90;0;51;
33;0,05;2;shortest;91;0;52;
33;0,05;2;shortest;92;0;53;
33;0,05;2;shortest;93;1;55;1,0
33;0,05;2;shortest;94;0;52;
33;0,05;2;shortest;95;1;55;1,0
33;0,05;2;shortest;96;1;55;1,0
33;0,05;2;shortest;97;1;55;1,0
33;0,05;2;shortest;98;1;55;1,0
33;0,05;2;shortest;99;1;55;1,0
33;0,05;2;shortest;100;1;55;1,0
33;0,05;2;safe;1;1;55;1,0
33;0,05;2;safe;2;1;55;1,0
33;0,05;2;safe;3;1;55;1,0
33;0,05;2;safe;4;1;56;0,9821428571428571
33;0,05;2;safe;5;1;55;1,0
33;0,05;2;safe;6;0;49;
33;0,05;2;safe;7;1;55;1,0
33;0,05;2;safe;8;0;54;
33;0,05;2;safe;9;1;55;1,0
33;0,05;2;safe;10;1;55;1,0
33;0,05;2;safe;11;1;55;1,0
33;0,05;2;safe;12;1;55;1,0
33;0,05;2;safe;13;1;55;1,0
33;0,05;2;safe;14;1;55;1,0
33;0,05;2;safe;15;1;55;1,0
33;0,05;2;safe;16;1;55;1,0
33;0,05;2;safe;17;1;55;1,0
33;0,05;2;safe;18;1;55;1,0
33;0,05;2;safe;19;1;55;1,0
33;0,05;2;safe;20;1;55;1,0
33;0,05;2;safe;21;1;55;1,0
33;0,05;2;safe;22;0;48;
33;0,05;2;safe;23;1;55;1,0
33;0,05;2;safe;24;1;55;1,0
33;0,05;2;safe;25;0;54;
33;0,05;2;safe;26;1;55;1,0
33;0,05;2;safe;27;1;55;1,0
33;0,05;2;safe;28;1;55;1,0
33;0,05;2;safe;29;1;55;1,0
33;0,05;2;safe;30;0;54;
33;0,05;2;safe;31;1;55;1,0
33;0,05;2;safe;32;1;55;1,0
33;0,05;2;safe;33;1;55;1,0
33;0,05;2;safe;34;1;55;1,0
33;0,05;2;safe;35;0;53;
33;0,05;2;safe;36;0;43;
33;0,05;2;safe;37;1;55;1,0
33;0,05;2;safe;38;0;54;
33;0,05;2;safe;39;1;55;1,0
33;0,05;2;safe;40;1;55;1,0
33;0,05;2;safe;41;0;51;
33;0,05;2;safe;42;1;55;1,0
33;0,05;2;safe;43;1;55;1,0
33;0,05;2;safe;44;1;55;1,0
33;0,05;2;safe;45;0;54;
33;0,05;2;safe;46;1;55;1,0
33;0,05;2;safe;47;1;55;1,0
33;0,05;2;safe;48;1;55;1,0
33;0,05;2;safe;49;0;47;
33;0,05;2;safe;50;1;55;1,0
33;0,05;2;safe;51;1;55;1,0
33;0,05;2;safe;52;1;55;1,0
33;0,05;2;safe;53;1;55;1,0
33;0,05;2;safe;54;1;55;1,0
33;0,05;2;safe;55;1;55;1,0
33;0,05;2;safe;56;0;54;
33;0,05;2;safe;57;1;55;1,0
33;0,05;2;safe;58;1;55;1,0
33;0,05;2;safe;59;1;55;1,0
33;0,05;2;safe;60;1;55;1,0
33;0,05;2;safe;61;1;55;1,0
33;0,05;2;safe;62;1;55;1,0
33;0,05;2;safe;63;0;50;
33;0,05;2;safe;64;1;55;1,0
33;0,05;2;safe;65;1;55;1,0
33;0,05;2;safe;66;1;55;1,0
33;0,05;2;safe;67;1;55;1,0
33;0,05;2;safe;68;0;50;
33;0,05;2;safe;69;0;48;
33;0,05;2;safe;70;1;55;1,0
33;0,05;2;safe;71;1;55;1,0
33;0,05;2;safe;72;0;50;
33;0,05;2;safe;73;1;55;1,0
33;0,05;2;safe;74;0;52;
33;0,05;2;safe;75;0;47;
33;0,05;2;safe;76;0;54;
33;0,05;2;safe;77;1;55;1,0
33;0,05;2;safe;78;1;55;1,0
33;0,05;2;safe;79;1;55;1,0
33;0,05;2;safe;80;1;55;1,0
33;0,05;2;safe;81;1;55;1,0
33;0,05;2;safe;82;1;55;1,0
33;0,05;2;safe;83;1;55;1,0
33;0,05;2;safe;84;1;55;1,0
33;0,05;2;safe;85;1;55;1,0
33;0,05;2;safe;86;1;55;1,0
33;0,05;2;safe;87;1;55;1,0
33;0,05;2;safe;88;0;52;
33;0,05;2;safe;89;1;55;1,0
33;0,05;2;safe;90;1;55;1,0
33;0,05;2;safe;91;1;55;1,0
33;0,05;2;safe;92;1;55;1,0
33;0,05;2;safe;93;0;52;
33;0,05;2;safe;94;0;19;
33;0,05;2;safe;95;1;55;1,0
33;0,05;2;safe;96;1;55;1,0
33;0,05;2;safe;97;0;52;
33;0,05;2;safe;98;1;55;1,0
33;0,05;2;safe;99;1;55;1,0
33;0,05;2;safe;100;1;55;1,0
33;0,05;2;predictive;1;1;55;1,0
33;0,05;2;predictive;2;1;55;1,0
33;0,05;2;predictive;3;1;55;1,0
33;0,05;2;predictive;4;1;57;0,9649122807017544
33;0,05;2;predictive;5;1;65;0,8461538461538461
33;0,05;2;predictive;6;0;166;
33;0,05;2;predictive;7;1;55;1,0
33;0,05;2;predictive;8;1;55;1,0
33;0,05;2;predictive;9;1;55;1,0
33;0,05;2;predictive;10;1;99;0,5555555555555556
33;0,05;2;predictive;11;1;56;0,9821428571428571
33;0,05;2;predictive;12;1;55;1,0
33;0,05;2;predictive;13;1;119;0,46218487394957986
33;0,05;2;predictive;14;1;60;0,9166666666666666
33;0,05;2;predictive;15;1;55;1,0
33;0,05;2;predictive;16;1;55;1,0
33;0,05;2;predictive;17;1;70;0,7857142857142857
33;0,05;2;predictive;18;1;55;1,0
33;0,05;2;predictive;19;1;55;1,0
33;0,05;2;predictive;20;1;55;1,0
33;0,05;2;predictive;21;1;55;1,0
33;0,05;2;predictive;22;1;55;1,0
33;0,05;2;predictive;23;1;55;1,0
33;0,05;2;predictive;24;1;55;1,0
33;0,05;2;predictive;25;1;55;1,0
33;0,05;2;predictive;26;1;55;1,0
33;0,05;2;predictive;27;1;97;0,5670103092783505
33;0,05;2;predictive;28;1;55;1,0
33;0,05;2;predictive;29;1;55;1,0
33;0,05;2;predictive;30;1;55;1,0
33;0,05;2;predictive;31;1;55;1,0
33;0,05;2;predictive;32;1;55;1,0
33;0,05;2;predictive;33;1;55;1,0
33;0,05;2;predictive;34;1;55;1,0
33;0,05;2;predictive;35;1;55;1,0
33;0,05;2;predictive;36;1;222;0,24774774774774774
33;0,05;2;predictive;37;1;94;0,5851063829787234
33;0,05;2;predictive;38;1;55;1,0
33;0,05;2;predictive;39;1;55;1,0
33;0,05;2;predictive;40;1;55;1,0
33;0,05;2;predictive;41;1;55;1,0
33;0,05;2;predictive;42;1;55;1,0
33;0,05;2;predictive;43;1;58;0,9482758620689655
33;0,05;2;predictive;44;1;55;1,0
33;0,05;2;predictive;45;1;83;0,6626506024096386
33;0,05;2;predictive;46;0;85;
33;0,05;2;predictive;47;1;55;1,0
33;0,05;2;predictive;48;1;55;1,0
33;0,05;2;predictive;49;1;55;1,0
33;0,05;2;predictive;50;1;62;0,8870967741935484
33;0,05;2;predictive;51;1;55;1,0
33;0,05;2;predictive;52;1;55;1,0
33;0,05;2;predictive;53;1;55;1,0
33;0,05;2;predictive;54;1;55;1,0
33;0,05;2;predictive;55;1;58;0,9482758620689655
33;0,05;2;predictive;56;1;55;1,0
33;0,05;2;predictive;57;1;55;1,0
33;0,05;2;predictive;58;1;55;1,0
33;0,05;2;predictive;59;1;55;1,0
33;0,05;2;predictive;60;1;60;0,9166666666666666
33;0,05;2;predictive;61;1;55;1,0
33;0,05;2;predictive;62;1;55;1,0
33;0,05;2;predictive;63;1;55;1,0
33;0,05;2;predictive;64;1;61;0,9016393442622951
33;0,05;2;predictive;65;1;55;1,0
33;0,05;2;predictive;66;1;55;1,0
33;0,05;2;predictive;67;1;153;0,35947712418300654
33;0,05;2;predictive;68;1;68;0,8088235294117647
33;0,05;2;predictive;69;1;55;1,0
33;0,05;2;predictive;70;1;55;1,0
33;0,05;2;predictive;71;1;57;0,9649122807017544
33;0,05;2;predictive;72;1;55;1,0
33;0,05;2;predictive;73;1;128;0,4296875
33;0,05;2;predictive;74;1;67;0,8208955223880597
33;0,05;2;predictive;75;0;60;
33;0,05;2;predictive;76;0;79;
33;0,05;2;predictive;77;1;93;0,5913978494623656
33;0,05;2;predictive;78;1;55;1,0
33;0,05;2;predictive;79;1;55;1,0
33;0,05;2;predictive;80;1;123;0,44715447154471544
33;0,05;2;predictive;81;1;60;0,9166666666666666
33;0,05;2;predictive;82;1;55;1,0
33;0,05;2;predictive;83;1;55;1,0
33;0,05;2;predictive;84;1;55;1,0
33;0,05;2;predictive;85;1;55;1,0
33;0,05;2;predictive;86;1;55;1,0
33;0,05;2;predictive;87;1;55;1,0
33;0,05;2;predictive;88;1;86;0,6395348837209303
33;0,05;2;predictive;89;1;55;1,0
33;0,05;2;predictive;90;1;55;1,0
33;0,05;2;predictive;91;1;55;1,0
33;0,05;2;predictive;92;1;55;1,0
33;0,05;2;predictive;93;1;62;0,8870967741935484
33;0,05;2;predictive;94;1;55;1,0
33;0,05;2;predictive;95;1;55;1,0
33;0,05;2;predictive;96;1;55;1,0
33;0,05;2;predictive;97;1;55;1,0
33;0,05;2;predictive;98;1;55;1,0
33;0,05;2;predictive;99;1;55;1,0
33;0,05;2;predictive;100;0;123;
33;0,05;3;shortest;1;1;41;1,0
33;0,05;3;shortest;2;1;41;1,0
33;0,05;3;shortest;3;1;41;1,0
33;0,05;3;shortest;4;1;41;1,0
33;0,05;3;shortest;5;0;38;
33;0,05;3;shortest;6;1;41;1,0
33;0,05;3;shortest;7;1;41;1,0
33;0,05;3;shortest;8;1;41;1,0
33;0,05;3;shortest;9;1;41;1,0
33;0,05;3;shortest;10;1;41;1,0
33;0,05;3;shortest;11;0;38;
33;0,05;3;shortest;12;0;37;
33;0,05;3;shortest;13;1;41;1,0
33;0,05;3;shortest;14;1;41;1,0
33;0,05;3;shortest;15;0;37;
33;0,05;3;shortest;16;0;40;
33;0,05;3;shortest;17;1;41;1,0
33;0,05;3;shortest;18;1;41;1,0
33;0,05;3;shortest;19;1;41;1,0
33;0,05;3;shortest;20;1;41;1,0
33;0,05;3;shortest;21;1;41;1,0
33;0,05;3;shortest;22;1;41;1,0
33;0,05;3;shortest;23;1;41;1,0
33;0,05;3;shortest;24;1;41;1,0
33;0,05;3;shortest;25;1;41;1,0
33;0,05;3;shortest;26;1;41;1,0
33;0,05;3;shortest;27;1;41;1,0
33;0,05;3;shortest;28;1;41;1,0
33;0,05;3;shortest;29;1;41;1,0
33;0,05;3;shortest;30;1;41;1,0
33;0,05;3;shortest;31;1;41;1,0
33;0,05;3;shortest;32;1;41;1,0
33;0,05;3;shortest;33;0;38;
33;0,05;3;shortest;34;0;39;
33;0,05;3;shortest;35;1;41;1,0
33;0,05;3;shortest;36;0;34;
33;0,05;3;shortest;37;1;41;1,0
33;0,05;3;shortest;38;1;41;1,0
33;0,05;3;shortest;39;1;41;1,0
33;0,05;3;shortest;40;1;41;1,0
33;0,05;3;shortest;41;1;41;1,0
33;0,05;3;shortest;42;1;41;1,0
33;0,05;3;shortest;43;1;41;1,0
33;0,05;3;shortest;44;1;41;1,0
33;0,05;3;shortest;45;1;41;1,0
33;0,05;3;shortest;46;1;41;1,0
33;0,05;3;shortest;47;1;41;1,0
33;0,05;3;shortest;48;1;41;1,0
33;0,05;3;shortest;49;1;41;1,0
33;0,05;3;shortest;50;0;38;
33;0,05;3;shortest;51;1;41;1,0
33;0,05;3;shortest;52;1;41;1,0
33;0,05;3;shortest;53;0;32;
33;0,05;3;shortest;54;1;41;1,0
33;0,05;3;shortest;55;0;38;
33;0,05;3;shortest;56;1;41;1,0
33;0,05;3;shortest;57;1;41;1,0
33;0,05;3;shortest;58;0;40;
33;0,05;3;shortest;59;0;33;
33;0,05;3;shortest;60;1;41;1,0
33;0,05;3;shortest;61;1;41;1,0
33;0,05;3;shortest;62;0;36;
33;0,05;3;shortest;63;0;37;
33;0,05;3;shortest;64;1;41;1,0
33;0,05;3;shortest;65;1;41;1,0
33;0,05;3;shortest;66;1;41;1,0
33;0,05;3;shortest;67;1;41;1,0
33;0,05;3;shortest;68;0;38;
33;0,05;3;shortest;69;1;41;1,0
33;0,05;3;shortest;70;1;41;1,0
33;0,05;3;shortest;71;0;38;
33;0,05;3;shortest;72;1;41;1,0
33;0,05;3;shortest;73;1;41;1,0
33;0,05;3;shortest;74;1;41;1,0
33;0,05;3;shortest;75;1;41;1,0
33;0,05;3;shortest;76;0;34;
33;0,05;3;shortest;77;1;41;1,0
33;0,05;3;shortest;78;1;41;1,0
33;0,05;3;shortest;79;0;39;
33;0,05;3;shortest;80;1;41;1,0
33;0,05;3;shortest;81;1;41;1,0
33;0,05;3;shortest;82;0;38;
33;0,05;3;shortest;83;1;41;1,0
33;0,05;3;shortest;84;0;39;
33;0,05;3;shortest;85;1;41;1,0
33;0,05;3;shortest;86;1;41;1,0
33;0,05;3;shortest;87;1;41;1,0
33;0,05;3;shortest;88;1;41;1,0
33;0,05;3;shortest;89;1;41;1,0
33;0,05;3;shortest;90;0;40;
33;0,05;3;shortest;91;1;41;1,0
33;0,05;3;shortest;92;1;41;1,0
33;0,05;3;shortest;93;1;41;1,0
33;0,05;3;shortest;94;1;41;1,0
33;0,05;3;shortest;95;1;41;1,0
33;0,05;3;shortest;96;1;41;1,0
33;0,05;3;shortest;97;1;41;1,0
33;0,05;3;shortest;98;1;41;1,0
33;0,05;3;shortest;99;0;38;
33;0,05;3;shortest;100;1;41;1,0
33;0,05;3;safe;1;1;41;1,0
33;0,05;3;safe;2;1;41;1,0
33;0,05;3;safe;3;1;41;1,0
33;0,05;3;safe;4;1;41;1,0
33;0,05;3;safe;5;0;38;
33;0,05;3;safe;6;1;41;1,0
33;0,05;3;safe;7;1;41;1,0
33;0,05;3;safe;8;1;41;1,0
33;0,05;3;safe;9;1;41;1,0
33;0,05;3;safe;10;1;41;1,0
33;0,05;3;safe;11;0;38;
33;0,05;3;safe;12;0;37;
33;0,05;3;safe;13;1;41;1,0
33;0,05;3;safe;14;1;41;1,0
33;0,05;3;safe;15;0;37;
33;0,05;3;safe;16;0;40;
33;0,05;3;safe;17;1;41;1,0
33;0,05;3;safe;18;1;41;1,0
33;0,05;3;safe;19;0;30;
33;0,05;3;safe;20;1;41;1,0
33;0,05;3;safe;21;1;41;1,0
33;0,05;3;safe;22;1;41;1,0
33;0,05;3;safe;23;0;33;
33;0,05;3;safe;24;1;41;1,0
33;0,05;3;safe;25;1;41;1,0
33;0,05;3;safe;26;1;41;1,0
33;0,05;3;safe;27;1;41;1,0
33;0,05;3;safe;28;1;41;1,0
33;0,05;3;safe;29;1;41;1,0
33;0,05;3;safe;30;1;42;0,9761904761904762
33;0,05;3;safe;31;1;41;1,0
33;0,05;3;safe;32;1;41;1,0
33;0,05;3;safe;33;1;41;1,0
33;0,05;3;safe;34;1;41;1,0
33;0,05;3;safe;35;1;41;1,0
33;0,05;3;safe;36;1;41;1,0
33;0,05;3;safe;37;1;41;1,0
33;0,05;3;safe;38;1;41;1,0
33;0,05;3;safe;39;1;41;1,0
33;0,05;3;safe;40;1;41;1,0
33;0,05;3;safe;41;1;41;1,0
33;0,05;3;safe;42;1;41;1,0
33;0,05;3;safe;43;1;41;1,0
33;0,05;3;safe;44;1;41;1,0
33;0,05;3;safe;45;1;41;1,0
33;0,05;3;safe;46;1;41;1,0
33;0,05;3;safe;47;1;41;1,0
33;0,05;3;safe;48;1;41;1,0
33;0,05;3;safe;49;1;41;1,0
33;0,05;3;safe;50;0;41;
33;0,05;3;safe;51;1;41;1,0
33;0,05;3;safe;52;1;41;1,0
33;0,05;3;safe;53;0;40;
33;0,05;3;safe;54;1;41;1,0
33;0,05;3;safe;55;1;41;1,0
33;0,05;3;safe;56;1;41;1,0
33;0,05;3;safe;57;1;41;1,0
33;0,05;3;safe;58;1;41;1,0
33;0,05;3;safe;59;1;41;1,0
33;0,05;3;safe;60;0;38;
33;0,05;3;safe;61;1;42;0,9761904761904762
33;0,05;3;safe;62;1;41;1,0
33;0,05;3;safe;63;1;41;1,0
33;0,05;3;safe;64;1;41;1,0
33;0,05;3;safe;65;1;41;1,0
33;0,05;3;safe;66;1;41;1,0
33;0,05;3;safe;67;0;31;
33;0,05;3;safe;68;0;38;
33;0,05;3;safe;69;0;41;
33;0,05;3;safe;70;1;41;1,0
33;0,05;3;safe;71;1;41;1,0
33;0,05;3;safe;72;1;42;0,9761904761904762
33;0,05;3;safe;73;1;41;1,0
33;0,05;3;safe;74;1;41;1,0
33;0,05;3;safe;75;1;41;1,0
33;0,05;3;safe;76;1;41;1,0
33;0,05;3;safe;77;1;41;1,0
33;0,05;3;safe;78;1;41;1,0
33;0,05;3;safe;79;1;41;1,0
33;0,05;3;safe;80;1;41;1,0
33;0,05;3;safe;81;1;41;1,0
33;0,05;3;safe;82;1;41;1,0
33;0,05;3;safe;83;1;41;1,0
33;0,05;3;safe;84;1;41;1,0
33;0,05;3;safe;85;1;41;1,0
33;0,05;3;safe;86;0;38;
33;0,05;3;safe;87;1;41;1,0
33;0,05;3;safe;88;1;41;1,0
33;0,05;3;safe;89;1;41;1,0
33;0,05;3;safe;90;1;41;1,0
33;0,05;3;safe;91;1;41;1,0
33;0,05;3;safe;92;0;36;
33;0,05;3;safe;93;1;41;1,0
33;0,05;3;safe;94;1;41;1,0
33;0,05;3;safe;95;1;41;1,0
33;0,05;3;safe;96;1;41;1,0
33;0,05;3;safe;97;1;41;1,0
33;0,05;3;safe;98;1;41;1,0
33;0,05;3;safe;99;1;41;1,0
33;0,05;3;safe;100;1;41;1,0
33;0,05;3;predictive;1;1;41;1,0
33;0,05;3;predictive;2;1;41;1,0
33;0,05;3;predictive;3;1;41;1,0
33;0,05;3;predictive;4;1;41;1,0
33;0,05;3;predictive;5;1;44;0,9318181818181818
33;0,05;3;predictive;6;1;41;1,0
33;0,05;3;predictive;7;1;41;1,0
33;0,05;3;predictive;8;1;44;0,9318181818181818
33;0,05;3;predictive;9;1;41;1,0
33;0,05;3;predictive;10;1;41;1,0
33;0,05;3;predictive;11;1;44;0,9318181818181818
33;0,05;3;predictive;12;1;41;1,0
33;0,05;3;predictive;13;1;41;1,0
33;0,05;3;predictive;14;1;41;1,0
33;0,05;3;predictive;15;1;41;1,0
33;0,05;3;predictive;16;1;41;1,0
33;0,05;3;predictive;17;1;55;0,7454545454545455
33;0,05;3;predictive;18;1;41;1,0
33;0,05;3;predictive;19;1;41;1,0
33;0,05;3;predictive;20;1;52;0,7884615384615384
33;0,05;3;predictive;21;1;41;1,0
33;0,05;3;predictive;22;1;41;1,0
33;0,05;3;predictive;23;1;41;1,0
33;0,05;3;predictive;24;1;41;1,0
33;0,05;3;predictive;25;1;41;1,0
33;0,05;3;predictive;26;1;41;1,0
33;0,05;3;predictive;27;1;41;1,0
33;0,05;3;predictive;28;1;41;1,0
33;0,05;3;predictive;29;1;41;1,0
33;0,05;3;predictive;30;1;41;1,0
33;0,05;3;predictive;31;1;41;1,0
33;0,05;3;predictive;32;1;41;1,0
33;0,05;3;predictive;33;1;41;1,0
33;0,05;3;predictive;34;1;41;1,0
33;0,05;3;predictive;35;1;41;1,0
33;0,05;3;predictive;36;1;41;1,0
33;0,05;3;predictive;37;1;46;0,8913043478260869
33;0,05;3;predictive;38;1;41;1,0
33;0,05;3;predictive;39;1;41;1,0
33;0,05;3;predictive;40;1;41;1,0
33;0,05;3;predictive;41;1;41;1,0
33;0,05;3;predictive;42;1;41;1,0
33;0,05;3;predictive;43;1;42;0,9761904761904762
33;0,05;3;predictive;44;1;87;0,47126436781609193
33;0,05;3;predictive;45;1;41;1,0
33;0,05;3;predictive;46;1;41;1,0
33;0,05;3;predictive;47;1;41;1,0
33;0,05;3;predictive;48;1;64;0,640625
33;0,05;3;predictive;49;1;41;1,0
33;0,05;3;predictive;50;1;41;1,0
33;0,05;3;predictive;51;1;41;1,0
33;0,05;3;predictive;52;1;41;1,0
33;0,05;3;predictive;53;1;41;1,0
33;0,05;3;predictive;54;1;41;1,0
33;0,05;3;predictive;55;1;41;1,0
33;0,05;3;predictive;56;1;41;1,0
33;0,05;3;predictive;57;1;54;0,7592592592592593
33;0,05;3;predictive;58;1;41;1,0
33;0,05;3;predictive;59;1;69;0,5942028985507246
33;0,05;3;predictive;60;1;41;1,0
33;0,05;3;predictive;61;1;41;1,0
33;0,05;3;predictive;62;1;42;0,9761904761904762
33;0,05;3;predictive;63;1;41;1,0
33;0,05;3;predictive;64;1;41;1,0
33;0,05;3;predictive;65;1;41;1,0
33;0,05;3;predictive;66;1;41;1,0
33;0,05;3;predictive;67;1;41;1,0
33;0,05;3;predictive;68;1;41;1,0
33;0,05;3;predictive;69;1;41;1,0
33;0,05;3;predictive;70;1;41;1,0
33;0,05;3;predictive;71;1;41;1,0
33;0,05;3;predictive;72;1;41;1,0
33;0,05;3;predictive;73;1;41;1,0
33;0,05;3;predictive;74;1;41;1,0
33;0,05;3;predictive;75;1;44;0,9318181818181818
33;0,05;3;predictive;76;1;42;0,9761904761904762
33;0,05;3;predictive;77;1;41;1,0
33;0,05;3;predictive;78;1;60;0,6833333333333333
33;0,05;3;predictive;79;1;41;1,0
33;0,05;3;predictive;80;1;51;0,803921568627451
33;0,05;3;predictive;81;1;41;1,0
33;0,05;3;predictive;82;1;41;1,0
33;0,05;3;predictive;83;1;41;1,0
33;0,05;3;predictive;84;1;41;1,0
33;0,05;3;predictive;85;1;41;1,0
33;0,05;3;predictive;86;1;41;1,0
33;0,05;3;predictive;87;1;41;1,0
33;0,05;3;predictive;88;1;49;0,8367346938775511
33;0,05;3;predictive;89;1;41;1,0
33;0,05;3;predictive;90;1;41;1,0
33;0,05;3;predictive;91;1;41;1,0
33;0,05;3;predictive;92;1;41;1,0
33;0,05;3;predictive;93;1;41;1,0
33;0,05;3;predictive;94;1;41;1,0
33;0,05;3;predictive;95;1;41;1,0
33;0,05;3;predictive;96;1;41;1,0
33;0,05;3;predictive;97;1;41;1,0
33;0,05;3;predictive;98;1;41;1,0
33;0,05;3;predictive;99;1;41;1,0
33;0,05;3;predictive;100;1;41;1,0
44;0,005;1;shortest;1;1;59;1,0
44;0,005;1;shortest;2;0;56;
44;0,005;1;shortest;3;1;59;1,0
44;0,005;1;shortest;4;1;59;1,0
44;0,005;1;shortest;5;0;51;
44;0,005;1;shortest;6;1;59;1,0
44;0,005;1;shortest;7;1;59;1,0
44;0,005;1;shortest;8;1;59;1,0
44;0,005;1;shortest;9;1;59;1,0
44;0,005;1;shortest;10;1;59;1,0
44;0,005;1;shortest;11;1;59;1,0
44;0,005;1;shortest;12;1;59;1,0
44;0,005;1;shortest;13;1;59;1,0
44;0,005;1;shortest;14;1;59;1,0
44;0,005;1;shortest;15;1;59;1,0
44;0,005;1;shortest;16;1;59;1,0
44;0,005;1;shortest;17;1;59;1,0
44;0,005;1;shortest;18;1;59;1,0
44;0,005;1;shortest;19;0;15;
44;0,005;1;shortest;20;1;59;1,0
44;0,005;1;shortest;21;1;59;1,0
44;0,005;1;shortest;22;1;59;1,0
44;0,005;1;shortest;23;1;59;1,0
44;0,005;1;shortest;24;1;59;1,0
44;0,005;1;shortest;25;1;59;1,0
44;0,005;1;shortest;26;1;59;1,0
44;0,005;1;shortest;27;1;59;1,0
44;0,005;1;shortest;28;1;59;1,0
44;0,005;1;shortest;29;1;59;1,0
44;0,005;1;shortest;30;1;59;1,0
44;0,005;1;shortest;31;1;59;1,0
44;0,005;1;shortest;32;1;59;1,0
44;0,005;1;shortest;33;1;59;1,0
44;0,005;1;shortest;34;1;59;1,0
44;0,005;1;shortest;35;1;59;1,0
44;0,005;1;shortest;36;1;59;1,0
44;0,005;1;shortest;37;1;59;1,0
44;0,005;1;shortest;38;1;59;1,0
44;0,005;1;shortest;39;1;59;1,0
44;0,005;1;shortest;40;1;59;1,0
44;0,005;1;shortest;41;1;59;1,0
44;0,005;1;shortest;42;1;59;1,0
44;0,005;1;shortest;43;0;58;
44;0,005;1;shortest;44;1;59;1,0
44;0,005;1;shortest;45;1;59;1,0
44;0,005;1;shortest;46;1;59;1,0
44;0,005;1;shortest;47;0;19;
44;0,005;1;shortest;48;1;59;1,0
44;0,005;1;shortest;49;1;59;1,0
44;0,005;1;shortest;50;1;59;1,0
44;0,005;1;shortest;51;1;59;1,0
44;0,005;1;shortest;52;1;59;1,0
44;0,005;1;shortest;53;1;59;1,0
44;0,005;1;shortest;54;1;59;1,0
44;0,005;1;shortest;55;1;59;1,0
44;0,005;1;shortest;56;1;59;1,0
44;0,005;1;shortest;57;1;59;1,0
44;0,005;1;shortest;58;1;59;1,0
44;0,005;1;shortest;59;1;59;1,0
44;0,005;1;shortest;60;1;59;1,0
44;0,005;1;shortest;61;1;59;1,0
44;0,005;1;shortest;62;1;59;1,0
44;0,005;1;shortest;63;1;59;1,0
44;0,005;1;shortest;64;1;59;1,0
44;0,005;1;shortest;65;1;59;1,0
44;0,005;1;shortest;66;1;59;1,0
44;0,005;1;shortest;67;1;59;1,0
44;0,005;1;shortest;68;1;59;1,0
44;0,005;1;shortest;69;1;59;1,0
44;0,005;1;shortest;70;1;59;1,0
44;0,005;1;shortest;71;1;59;1,0
44;0,005;1;shortest;72;1;59;1,0
44;0,005;1;shortest;73;1;59;1,0
44;0,005;1;shortest;74;1;59;1,0
44;0,005;1;shortest;75;1;59;1,0
44;0,005;1;shortest;76;1;59;1,0
44;0,005;1;shortest;77;1;59;1,0
44;0,005;1;shortest;78;1;59;1,0
44;0,005;1;shortest;79;1;59;1,0
44;0,005;1;shortest;80;1;59;1,0
44;0,005;1;shortest;81;0;49;
44;0,005;1;shortest;82;1;59;1,0
44;0,005;1;shortest;83;1;59;1,0
44;0,005;1;shortest;84;1;59;1,0
44;0,005;1;shortest;85;1;59;1,0
44;0,005;1;shortest;86;1;59;1,0
44;0,005;1;shortest;87;1;59;1,0
44;0,005;1;shortest;88;1;59;1,0
44;0,005;1;shortest;89;1;59;1,0
44;0,005;1;shortest;90;1;59;1,0
44;0,005;1;shortest;91;1;59;1,0
44;0,005;1;shortest;92;1;59;1,0
44;0,005;1;shortest;93;1;59;1,0
44;0,005;1;shortest;94;1;59;1,0
44;0,005;1;shortest;95;1;59;1,0
44;0,005;1;shortest;96;1;59;1,0
44;0,005;1;shortest;97;1;59;1,0
44;0,005;1;shortest;98;1;59;1,0
44;0,005;1;shortest;99;1;59;1,0
44;0,005;1;shortest;100;1;59;1,0
44;0,005;1;safe;1;1;59;1,0
44;0,005;1;safe;2;0;56;
44;0,005;1;safe;3;1;59;1,0
44;0,005;1;safe;4;1;59;1,0
44;0,005;1;safe;5;0;51;
44;0,005;1;safe;6;1;59;1,0
44;0,005;1;safe;7;1;59;1,0
44;0,005;1;safe;8;1;59;1,0
44;0,005;1;safe;9;1;59;1,0
44;0,005;1;safe;10;1;59;1,0
44;0,005;1;safe;11;1;59;1,0
44;0,005;1;safe;12;1;59;1,0
44;0,005;1;safe;13;1;59;1,0
44;0,005;1;safe;14;1;59;1,0
44;0,005;1;safe;15;1;59;1,0
44;0,005;1;safe;16;1;59;1,0
44;0,005;1;safe;17;1;59;1,0
44;0,005;1;safe;18;1;59;1,0
44;0,005;1;safe;19;0;15;
44;0,005;1;safe;20;1;59;1,0
44;0,005;1;safe;21;1;59;1,0
44;0,005;1;safe;22;1;59;1,0
44;0,005;1;safe;23;1;59;1,0
44;0,005;1;safe;24;1;59;1,0
44;0,005;1;safe;25;1;59;1,0
44;0,005;1;safe;26;1;59;1,0
44;0,005;1;safe;27;1;59;1,0
44;0,005;1;safe;28;1;59;1,0
44;0,005;1;safe;29;1;59;1,0
44;0,005;1;safe;30;1;59;1,0
44;0,005;1;safe;31;1;59;1,0
44;0,005;1;safe;32;1;59;1,0
44;0,005;1;safe;33;1;59;1,0
44;0,005;1;safe;34;1;59;1,0
44;0,005;1;safe;35;1;59;1,0
44;0,005;1;safe;36;1;59;1,0
44;0,005;1;safe;37;1;59;1,0
44;0,005;1;safe;38;1;59;1,0
44;0,005;1;safe;39;1;59;1,0
44;0,005;1;safe;40;1;59;1,0
44;0,005;1;safe;41;1;59;1,0
44;0,005;1;safe;42;1;59;1,0
44;0,005;1;safe;43;0;58;
44;0,005;1;safe;44;1;59;1,0
44;0,005;1;safe;45;1;59;1,0
44;0,005;1;safe;46;1;59;1,0
44;0,005;1;safe;47;1;60;0,9833333333333333
44;0,005;1;safe;48;1;59;1,0
44;0,005;1;safe;49;1;59;1,0
44;0,005;1;safe;50;1;59;1,0
44;0,005;1;safe;51;1;59;1,0
44;0,005;1;safe;52;1;59;1,0
44;0,005;1;safe;53;1;59;1,0
44;0,005;1;safe;54;1;59;1,0
44;0,005;1;safe;55;1;59;1,0
44;0,005;1;safe;56;1;59;1,0
44;0,005;1;safe;57;1;59;1,0
44;0,005;1;safe;58;1;59;1,0
44;0,005;1;safe;59;1;59;1,0
44;0,005;1;safe;60;1;59;1,0
44;0,005;1;safe;61;1;59;1,0
44;0,005;1;safe;62;1;59;1,0
44;0,005;1;safe;63;1;59;1,0
44;0,005;1;safe;64;1;59;1,0
44;0,005;1;safe;65;1;59;1,0
44;0,005;1;safe;66;1;59;1,0
44;0,005;1;safe;67;1;59;1,0
44;0,005;1;safe;68;1;59;1,0
44;0,005;1;safe;69;1;59;1,0
44;0,005;1;safe;70;1;59;1,0
44;0,005;1;safe;71;1;59;1,0
44;0,005;1;safe;72;1;59;1,0
44;0,005;1;safe;73;1;59;1,0
44;0,005;1;safe;74;1;59;1,0
44;0,005;1;safe;75;1;59;1,0
44;0,005;1;safe;76;1;59;1,0
44;0,005;1;safe;77;1;59;1,0
44;0,005;1;safe;78;1;59;1,0
44;0,005;1;safe;79;1;59;1,0
44;0,005;1;safe;80;1;59;1,0
44;0,005;1;safe;81;1;59;1,0
44;0,005;1;safe;82;1;59;1,0
44;0,005;1;safe;83;1;59;1,0
44;0,005;1;safe;84;1;59;1,0
44;0,005;1;safe;85;1;59;1,0
44;0,005;1;safe;86;1;59;1,0
44;0,005;1;safe;87;1;59;1,0
44;0,005;1;safe;88;0;14;
44;0,005;1;safe;89;1;59;1,0
44;0,005;1;safe;90;1;59;1,0
44;0,005;1;safe;91;1;59;1,0
44;0,005;1;safe;92;1;59;1,0
44;0,005;1;safe;93;1;59;1,0
44;0,005;1;safe;94;1;59;1,0
44;0,005;1;safe;95;1;59;1,0
44;0,005;1;safe;96;1;59;1,0
44;0,005;1;safe;97;1;59;1,0
44;0,005;1;safe;98;1;59;1,0
44;0,005;1;safe;99;1;59;1,0
44;0,005;1;safe;100;1;59;1,0
44;0,005;1;predictive;1;1;59;1,0
44;0,005;1;predictive;2;1;70;0,8428571428571429
44;0,005;1;predictive;3;1;59;1,0
44;0,005;1;predictive;4;1;59;1,0
44;0,005;1;predictive;5;1;93;0,6344086021505376
44;0,005;1;predictive;6;1;59;1,0
44;0,005;1;predictive;7;1;59;1,0
44;0,005;1;predictive;8;1;59;1,0
44;0,005;1;predictive;9;1;59;1,0
44;0,005;1;predictive;10;1;68;0,8676470588235294
44;0,005;1;predictive;11;1;59;1,0
44;0,005;1;predictive;12;1;59;1,0
44;0,005;1;predictive;13;1;59;1,0
44;0,005;1;predictive;14;0;77;
44;0,005;1;predictive;15;1;59;1,0
44;0,005;1;predictive;16;1;59;1,0
44;0,005;1;predictive;17;1;59;1,0
44;0,005;1;predictive;18;1;59;1,0
44;0,005;1;predictive;19;1;59;1,0
44;0,005;1;predictive;20;1;59;1,0
44;0,005;1;predictive;21;1;59;1,0
44;0,005;1;predictive;22;1;59;1,0
44;0,005;1;predictive;23;1;59;1,0
44;0,005;1;predictive;24;1;59;1,0
44;0,005;1;predictive;25;1;59;1,0
44;0,005;1;predictive;26;1;59;1,0
44;0,005;1;predictive;27;1;59;1,0
44;0,005;1;predictive;28;1;65;0,9076923076923077
44;0,005;1;predictive;29;1;59;1,0
44;0,005;1;predictive;30;1;59;1,0
44;0,005;1;predictive;31;1;59;1,0
44;0,005;1;predictive;32;1;59;1,0
44;0,005;1;predictive;33;1;59;1,0
44;0,005;1;predictive;34;1;59;1,0
44;0,005;1;predictive;35;1;59;1,0
44;0,005;1;predictive;36;1;59;1,0
44;0,005;1;predictive;37;1;59;1,0
44;0,005;1;predictive;38;1;59;1,0
44;0,005;1;predictive;39;1;59;1,0
44;0,005;1;predictive;40;1;74;0,7972972972972973
44;0,005;1;predictive;41;1;59;1,0
44;0,005;1;predictive;42;1;59;1,0
44;0,005;1;predictive;43;1;59;1,0
44;0,005;1;predictive;44;1;59;1,0
44;0,005;1;predictive;45;1;59;1,0
44;0,005;1;predictive;46;1;70;0,8428571428571429
44;0,005;1;predictive;47;1;134;0,44029850746268656
44;0,005;1;predictive;48;1;59;1,0
44;0,005;1;predictive;49;1;59;1,0
44;0,005;1;predictive;50;1;59;1,0
44;0,005;1;predictive;51;1;59;1,0
44;0,005;1;predictive;52;1;59;1,0
44;0,005;1;predictive;53;1;59;1,0
44;0,005;1;predictive;54;1;59;1,0
44;0,005;1;predictive;55;1;59;1,0
44;0,005;1;predictive;56;1;59;1,0
44;0,005;1;predictive;57;1;59;1,0
44;0,005;1;predictive;58;1;59;1,0
44;0,005;1;predictive;59;1;59;1,0
44;0,005;1;predictive;60;1;59;1,0
44;0,005;1;predictive;61;1;73;0,8082191780821918
44;0,005;1;predictive;62;1;59;1,0
44;0,005;1;predictive;63;1;59;1,0
44;0,005;1;predictive;64;1;59;1,0
44;0,005;1;predictive;65;1;59;1,0
44;0,005;1;predictive;66;1;59;1,0
44;0,005;1;predictive;67;1;59;1,0
44;0,005;1;predictive;68;1;59;1,0
44;0,005;1;predictive;69;1;59;1,0
44;0,005;1;predictive;70;1;59;1,0
44;0,005;1;predictive;71;1;59;1,0
44;0,005;1;predictive;72;1;59;1,0
44;0,005;1;predictive;73;1;59;1,0
44;0,005;1;predictive;74;1;59;1,0
44;0,005;1;predictive;75;1;59;1,0
44;0,005;1;predictive;76;1;59;1,0
44;0,005;1;predictive;77;1;60;0,9833333333333333
44;0,005;1;predictive;78;1;59;1,0
44;0,005;1;predictive;79;1;59;1,0
44;0,005;1;predictive;80;1;59;1,0
44;0,005;1;predictive;81;1;59;1,0
44;0,005;1;predictive;82;1;59;1,0
44;0,005;1;predictive;83;1;59;1,0
44;0,005;1;predictive;84;1;59;1,0
44;0,005;1;predictive;85;1;59;1,0
44;0,005;1;predictive;86;1;59;1,0
44;0,005;1;predictive;87;1;59;1,0
44;0,005;1;predictive;88;1;59;1,0
44;0,005;1;predictive;89;1;59;1,0
44;0,005;1;predictive;90;1;59;1,0
44;0,005;1;predictive;91;1;59;1,0
44;0,005;1;predictive;92;1;59;1,0
44;0,005;1;predictive;93;1;60;0,9833333333333333
44;0,005;1;predictive;94;1;59;1,0
44;0,005;1;predictive;95;1;59;1,0
44;0,005;1;predictive;96;1;59;1,0
44;0,005;1;predictive;97;1;62;0,9516129032258065
44;0,005;1;predictive;98;1;59;1,0
44;0,005;1;predictive;99;1;59;1,0
44;0,005;1;predictive;100;1;59;1,0
44;0,005;2;shortest;1;1;55;1,0
44;0,005;2;shortest;2;1;55;1,0
44;0,005;2;shortest;3;1;55;1,0
44;0,005;2;shortest;4;1;55;1,0
44;0,005;2;shortest;5;1;55;1,0
44;0,005;2;shortest;6;1;55;1,0
44;0,005;2;shortest;7;1;55;1,0
44;0,005;2;shortest;8;1;55;1,0
44;0,005;2;shortest;9;1;55;1,0
44;0,005;2;shortest;10;1;55;1,0
44;0,005;2;shortest;11;1;55;1,0
44;0,005;2;shortest;12;1;55;1,0
44;0,005;2;shortest;13;1;55;1,0
44;0,005;2;shortest;14;1;55;1,0
44;0,005;2;shortest;15;1;55;1,0
44;0,005;2;shortest;16;1;55;1,0
44;0,005;2;shortest;17;1;55;1,0
44;0,005;2;shortest;18;1;55;1,0
44;0,005;2;shortest;19;1;55;1,0
44;0,005;2;shortest;20;1;55;1,0
44;0,005;2;shortest;21;1;55;1,0
44;0,005;2;shortest;22;1;55;1,0
44;0,005;2;shortest;23;1;55;1,0
44;0,005;2;shortest;24;1;55;1,0
44;0,005;2;shortest;25;1;55;1,0
44;0,005;2;shortest;26;1;55;1,0
44;0,005;2;shortest;27;1;55;1,0
44;0,005;2;shortest;28;1;55;1,0
44;0,005;2;shortest;29;1;55;1,0
44;0,005;2;shortest;30;1;55;1,0
44;0,005;2;shortest;31;1;55;1,0
44;0,005;2;shortest;32;1;55;1,0
44;0,005;2;shortest;33;1;55;1,0
44;0,005;2;shortest;34;1;55;1,0
44;0,005;2;shortest;35;1;55;1,0
44;0,005;2;shortest;36;1;55;1,0
44;0,005;2;shortest;37;1;55;1,0
44;0,005;2;shortest;38;1;55;1,0
44;0,005;2;shortest;39;1;55;1,0
44;0,005;2;shortest;40;1;55;1,0
44;0,005;2;shortest;41;1;55;1,0
44;0,005;2;shortest;42;1;55;1,0
44;0,005;2;shortest;43;1;55;1,0
44;0,005;2;shortest;44;1;55;1,0
44;0,005;2;shortest;45;1;55;1,0
44;0,005;2;shortest;46;1;55;1,0
44;0,005;2;shortest;47;0;54;
44;0,005;2;shortest;48;1;55;1,0
44;0,005;2;shortest;49;1;55;1,0
44;0,005;2;shortest;50;1;55;1,0
44;0,005;2;shortest;51;1;55;1,0
44;0,005;2;shortest;52;1;55;1,0
44;0,005;2;shortest;53;1;55;1,0
44;0,005;2;shortest;54;0;50;
44;0,005;2;shortest;55;1;55;1,0
44;0,005;2;shortest;56;1;55;1,0
44;0,005;2;shortest;57;1;55;1,0
44;0,005;2;shortest;58;1;55;1,0
44;0,005;2;shortest;59;1;55;1,0
44;0,005;2;shortest;60;1;55;1,0
44;0,005;2;shortest;61;1;55;1,0
44;0,005;2;shortest;62;1;55;1,0
44;0,005;2;shortest;63;1;55;1,0
44;0,005;2;shortest;64;1;55;1,0
44;0,005;2;shortest;65;1;55;1,0
44;0,005;2;shortest;66;1;55;1,0
44;0,005;2;shortest;67;1;55;1,0
44;0,005;2;shortest;68;1;55;1,0
44;0,005;2;shortest;69;1;55;1,0
44;0,005;2;shortest;70;1;55;1,0
44;0,005;2;shortest;71;1;55;1,0
44;0,005;2;shortest;72;1;55;1,0
44;0,005;2;shortest;73;1;55;1,0
44;0,005;2;shortest;74;1;55;1,0
44;0,005;2;shortest;75;1;55;1,0
44;0,005;2;shortest;76;1;55;1,0
44;0,005;2;shortest;77;1;55;1,0
44;0,005;2;shortest;78;1;55;1,0
44;0,005;2;shortest;79;1;55;1,0
44;0,005;2;shortest;80;1;55;1,0
44;0,005;2;shortest;81;1;55;1,0
44;0,005;2;shortest;82;1;55;1,0
44;0,005;2;shortest;83;1;55;1,0
44;0,005;2;shortest;84;0;48;
44;0,005;2;shortest;85;1;55;1,0
44;0,005;2;shortest;86;1;55;1,0
44;0,005;2;shortest;87;1;55;1,0
44;0,005;2;shortest;88;1;55;1,0
44;0,005;2;shortest;89;1;55;1,0
44;0,005;2;shortest;90;1;55;1,0
44;0,005;2;shortest;91;1;55;1,0
44;0,005;2;shortest;92;1;55;1,0
44;0,005;2;shortest;93;1;55;1,0
44;0,005;2;shortest;94;1;55;1,0
44;0,005;2;shortest;95;1;55;1,0
44;0,005;2;shortest;96;1;55;1,0
44;0,005;2;shortest;97;1;55;1,0
44;0,005;2;shortest;98;1;55;1,0
44;0,005;2;shortest;99;1;55;1,0
44;0,005;2;shortest;100;1;55;1,0
44;0,005;2;safe;1;1;55;1,0
44;0,005;2;safe;2;1;55;1,0
44;0,005;2;safe;3;1;55;1,0
44;0,005;2;safe;4;1;55;1,0
44;0,005;2;safe;5;1;55;1,0
44;0,005;2;safe;6;1;55;1,0
44;0,005;2;safe;7;1;55;1,0
44;0,005;2;safe;8;1;55;1,0
44;0,005;2;safe;9;1;55;1,0
44;0,005;2;safe;10;1;55;1,0
44;0,005;2;safe;11;1;55;1,0
44;0,005;2;safe;12;1;55;1,0
44;0,005;2;safe;13;1;55;1,0
44;0,005;2;safe;14;1;55;1,0
44;0,005;2;safe;15;1;55;1,0
44;0,005;2;safe;16;1;55;1,0
44;0,005;2;safe;17;1;55;1,0
44;0,005;2;safe;18;1;55;1,0
44;0,005;2;safe;19;1;55;1,0
44;0,005;2;safe;20;1;55;1,0
44;0,005;2;safe;21;1;55;1,0
44;0,005;2;safe;22;1;55;1,0
44;0,005;2;safe;23;1;55;1,0
44;0,005;2;safe;24;1;55;1,0
44;0,005;2;safe;25;1;55;1,0
44;0,005;2;safe;26;1;55;1,0
44;0,005;2;safe;27;1;55;1,0
44;0,005;2;safe;28;1;55;1,0
44;0,005;2;safe;29;1;55;1,0
44;0,005;2;safe;30;1;55;1,0
44;0,005;2;safe;31;1;55;1,0
44;0,005;2;safe;32;1;55;1,0
44;0,005;2;safe;33;1;55;1,0
44;0,005;2;safe;34;1;55;1,0
44;0,005;2;safe;35;1;55;1,0
44;0,005;2;safe;36;1;55;1,0
44;0,005;2;safe;37;1;55;1,0
44;0,005;2;safe;38;1;55;1,0
44;0,005;2;safe;39;1;55;1,0
44;0,005;2;safe;40;1;55;1,0
44;0,005;2;safe;41;1;55;1,0
44;0,005;2;safe;42;1;55;1,0
44;0,005;2;safe;43;1;55;1,0
44;0,005;2;safe;44;1;55;1,0
44;0,005;2;safe;45;1;55;1,0
44;0,005;2;safe;46;1;55;1,0
44;0,005;2;safe;47;0;54;
44;0,005;2;safe;48;1;55;1,0
44;0,005;2;safe;49;1;55;1,0
44;0,005;2;safe;50;1;55;1,0
44;0,005;2;safe;51;1;55;1,0
44;0,005;2;safe;52;1;55;1,0
44;0,005;2;safe;53;1;55;1,0
44;0,005;2;safe;54;0;50;
44;0,005;2;safe;55;1;55;1,0
44;0,005;2;safe;56;1;55;1,0
44;0,005;2;safe;57;1;55;1,0
44;0,005;2;safe;58;1;55;1,0
44;0,005;2;safe;59;1;55;1,0
44;0,005;2;safe;60;1;55;1,0
44;0,005;2;safe;61;1;55;1,0
44;0,005;2;safe;62;1;55;1,0
44;0,005;2;safe;63;1;55;1,0
44;0,005;2;safe;64;1;55;1,0
44;0,005;2;safe;65;1;55;1,0
44;0,005;2;safe;66;1;55;1,0
44;0,005;2;safe;67;1;55;1,0
44;0,005;2;safe;68;1;55;1,0
44;0,005;2;safe;69;1;55;1,0
44;0,005;2;safe;70;1;55;1,0
44;0,005;2;safe;71;1;55;1,0
44;0,005;2;safe;72;1;55;1,0
44;0,005;2;safe;73;1;55;1,0
44;0,005;2;safe;74;1;55;1,0
44;0,005;2;safe;75;1;55;1,0
44;0,005;2;safe;76;1;55;1,0
44;0,005;2;safe;77;1;55;1,0
44;0,005;2;safe;78;1;55;1,0
44;0,005;2;safe;79;1;55;1,0
44;0,005;2;safe;80;1;55;1,0
44;0,005;2;safe;81;1;55;1,0
44;0,005;2;safe;82;1;55;1,0
44;0,005;2;safe;83;1;55;1,0
44;0,005;2;safe;84;0;48;
44;0,005;2;safe;85;1;55;1,0
44;0,005;2;safe;86;1;55;1,0
44;0,005;2;safe;87;1;55;1,0
44;0,005;2;safe;88;1;55;1,0
44;0,005;2;safe;89;1;55;1,0
44;0,005;2;safe;90;1;55;1,0
44;0,005;2;safe;91;1;55;1,0
44;0,005;2;safe;92;1;55;1,0
44;0,005;2;safe;93;1;55;1,0
44;0,005;2;safe;94;1;55;1,0
44;0,005;2;safe;95;1;55;1,0
44;0,005;2;safe;96;1;55;1,0
44;0,005;2;safe;97;1;55;1,0
44;0,005;2;safe;98;1;55;1,0
44;0,005;2;safe;99;1;55;1,0
44;0,005;2;safe;100;1;55;1,0
44;0,005;2;predictive;1;1;55;1,0
44;0,005;2;predictive;2;1;55;1,0
44;0,005;2;predictive;3;1;55;1,0
44;0,005;2;predictive;4;1;55;1,0
44;0,005;2;predictive;5;1;56;0,9821428571428571
44;0,005;2;predictive;6;1;55;1,0
44;0,005;2;predictive;7;1;55;1,0
44;0,005;2;predictive;8;1;55;1,0
44;0,005;2;predictive;9;1;55;1,0
44;0,005;2;predictive;10;1;55;1,0
44;0,005;2;predictive;11;1;55;1,0
44;0,005;2;predictive;12;1;55;1,0
44;0,005;2;predictive;13;1;55;1,0
44;0,005;2;predictive;14;1;55;1,0
44;0,005;2;predictive;15;1;55;1,0
44;0,005;2;predictive;16;1;55;1,0
44;0,005;2;predictive;17;1;55;1,0
44;0,005;2;predictive;18;1;55;1,0
44;0,005;2;predictive;19;1;55;1,0
44;0,005;2;predictive;20;1;55;1,0
44;0,005;2;predictive;21;1;55;1,0
44;0,005;2;predictive;22;1;55;1,0
44;0,005;2;predictive;23;1;55;1,0
44;0,005;2;predictive;24;1;55;1,0
44;0,005;2;predictive;25;1;55;1,0
44;0,005;2;predictive;26;1;55;1,0
44;0,005;2;predictive;27;1;55;1,0
44;0,005;2;predictive;28;1;55;1,0
44;0,005;2;predictive;29;1;55;1,0
44;0,005;2;predictive;30;1;55;1,0
44;0,005;2;predictive;31;1;55;1,0
44;0,005;2;predictive;32;1;55;1,0
44;0,005;2;predictive;33;1;55;1,0
44;0,005;2;predictive;34;1;55;1,0
44;0,005;2;predictive;35;1;55;1,0
44;0,005;2;predictive;36;1;55;1,0
44;0,005;2;predictive;37;1;55;1,0
44;0,005;2;predictive;38;1;55;1,0
44;0,005;2;predictive;39;1;55;1,0
44;0,005;2;predictive;40;1;55;1,0
44;0,005;2;predictive;41;1;55;1,0
44;0,005;2;predictive;42;1;55;1,0
44;0,005;2;predictive;43;1;55;1,0
44;0,005;2;predictive;44;1;55;1,0
44;0,005;2;predictive;45;1;55;1,0
44;0,005;2;predictive;46;1;55;1,0
44;0,005;2;predictive;47;1;55;1,0
44;0,005;2;predictive;48;1;55;1,0
44;0,005;2;predictive;49;1;55;1,0
44;0,005;2;predictive;50;1;55;1,0
44;0,005;2;predictive;51;1;55;1,0
44;0,005;2;predictive;52;1;107;0,514018691588785
44;0,005;2;predictive;53;1;55;1,0
44;0,005;2;predictive;54;1;55;1,0
44;0,005;2;predictive;55;1;55;1,0
44;0,005;2;predictive;56;1;55;1,0
44;0,005;2;predictive;57;1;55;1,0
44;0,005;2;predictive;58;1;55;1,0
44;0,005;2;predictive;59;1;55;1,0
44;0,005;2;predictive;60;1;55;1,0
44;0,005;2;predictive;61;1;55;1,0
44;0,005;2;predictive;62;1;55;1,0
44;0,005;2;predictive;63;1;55;1,0
44;0,005;2;predictive;64;1;55;1,0
44;0,005;2;predictive;65;1;55;1,0
44;0,005;2;predictive;66;1;55;1,0
44;0,005;2;predictive;67;1;55;1,0
44;0,005;2;predictive;68;1;55;1,0
44;0,005;2;predictive;69;1;55;1,0
44;0,005;2;predictive;70;1;55;1,0
44;0,005;2;predictive;71;1;179;0,30726256983240224
44;0,005;2;predictive;72;1;55;1,0
44;0,005;2;predictive;73;1;55;1,0
44;0,005;2;predictive;74;1;55;1,0
44;0,005;2;predictive;75;1;55;1,0
44;0,005;2;predictive;76;1;55;1,0
44;0,005;2;predictive;77;1;55;1,0
44;0,005;2;predictive;78;1;55;1,0
44;0,005;2;predictive;79;1;55;1,0
44;0,005;2;predictive;80;1;55;1,0
44;0,005;2;predictive;81;1;55;1,0
44;0,005;2;predictive;82;1;55;1,0
44;0,005;2;predictive;83;1;55;1,0
44;0,005;2;predictive;84;1;74;0,7432432432432432
44;0,005;2;predictive;85;1;55;1,0
44;0,005;2;predictive;86;1;55;1,0
44;0,005;2;predictive;87;1;55;1,0
44;0,005;2;predictive;88;1;55;1,0
44;0,005;2;predictive;89;1;55;1,0
44;0,005;2;predictive;90;1;55;1,0
44;0,005;2;predictive;91;1;55;1,0
44;0,005;2;predictive;92;1;55;1,0
44;0,005;2;predictive;93;1;55;1,0
44;0,005;2;predictive;94;1;55;1,0
44;0,005;2;predictive;95;1;55;1,0
44;0,005;2;predictive;96;1;55;1,0
44;0,005;2;predictive;97;1;55;1,0
44;0,005;2;predictive;98;1;95;0,5789473684210527
44;0,005;2;predictive;99;1;55;1,0
44;0,005;2;predictive;100;1;55;1,0
44;0,005;3;shortest;1;1;41;1,0
44;0,005;3;shortest;2;1;41;1,0
44;0,005;3;shortest;3;1;41;1,0
44;0,005;3;shortest;4;1;41;1,0
44;0,005;3;shortest;5;1;41;1,0
44;0,005;3;shortest;6;1;41;1,0
44;0,005;3;shortest;7;0;35;
44;0,005;3;shortest;8;1;41;1,0
44;0,005;3;shortest;9;1;41;1,0
44;0,005;3;shortest;10;1;41;1,0
44;0,005;3;shortest;11;1;41;1,0
44;0,005;3;shortest;12;1;41;1,0
44;0,005;3;shortest;13;1;41;1,0
44;0,005;3;shortest;14;1;41;1,0
44;0,005;3;shortest;15;1;41;1,0
44;0,005;3;shortest;16;1;41;1,0
44;0,005;3;shortest;17;1;41;1,0
44;0,005;3;shortest;18;1;41;1,0
44;0,005;3;shortest;19;1;41;1,0
44;0,005;3;shortest;20;1;41;1,0
44;0,005;3;shortest;21;1;41;1,0
44;0,005;3;shortest;22;1;41;1,0
44;0,005;3;shortest;23;1;41;1,0
44;0,005;3;shortest;24;1;41;1,0
44;0,005;3;shortest;25;1;41;1,0
44;0,005;3;shortest;26;1;41;1,0
44;0,005;3;shortest;27;1;41;1,0
44;0,005;3;shortest;28;1;41;1,0
44;0,005;3;shortest;29;1;41;1,0
44;0,005;3;shortest;30;1;41;1,0
44;0,005;3;shortest;31;1;41;1,0
44;0,005;3;shortest;32;1;41;1,0
44;0,005;3;shortest;33;1;41;1,0
44;0,005;3;shortest;34;1;41;1,0
44;0,005;3;shortest;35;1;41;1,0
44;0,005;3;shortest;36;1;41;1,0
44;0,005;3;shortest;37;1;41;1,0
44;0,005;3;shortest;38;1;41;1,0
44;0,005;3;shortest;39;1;41;1,0
44;0,005;3;shortest;40;1;41;1,0
44;0,005;3;shortest;41;1;41;1,0
44;0,005;3;shortest;42;1;41;1,0
44;0,005;3;shortest;43;1;41;1,0
44;0,005;3;shortest;44;1;41;1,0
44;0,005;3;shortest;45;1;41;1,0
44;0,005;3;shortest;46;1;41;1,0
44;0,005;3;shortest;47;1;41;1,0
44;0,005;3;shortest;48;1;41;1,0
44;0,005;3;shortest;49;1;41;1,0
44;0,005;3;shortest;50;1;41;1,0
44;0,005;3;shortest;51;1;41;1,0
44;0,005;3;shortest;52;1;41;1,0
44;0,005;3;shortest;53;1;41;1,0
44;0,005;3;shortest;54;1;41;1,0
44;0,005;3;shortest;55;1;41;1,0
44;0,005;3;shortest;56;1;41;1,0
44;0,005;3;shortest;57;1;41;1,0
44;0,005;3;shortest;58;1;41;1,0
44;0,005;3;shortest;59;1;41;1,0
44;0,005;3;shortest;60;1;41;1,0
44;0,005;3;shortest;61;1;41;1,0
44;0,005;3;shortest;62;0;38;
44;0,005;3;shortest;63;1;41;1,0
44;0,005;3;shortest;64;1;41;1,0
44;0,005;3;shortest;65;1;41;1,0
44;0,005;3;shortest;66;1;41;1,0
44;0,005;3;shortest;67;1;41;1,0
44;0,005;3;shortest;68;1;41;1,0
44;0,005;3;shortest;69;1;41;1,0
44;0,005;3;shortest;70;1;41;1,0
44;0,005;3;shortest;71;1;41;1,0
44;0,005;3;shortest;72;1;41;1,0
44;0,005;3;shortest;73;1;41;1,0
44;0,005;3;shortest;74;1;41;1,0
44;0,005;3;shortest;75;1;41;1,0
44;0,005;3;shortest;76;1;41;1,0
44;0,005;3;shortest;77;1;41;1,0
44;0,005;3;shortest;78;1;41;1,0
44;0,005;3;shortest;79;1;41;1,0
44;0,005;3;shortest;80;1;41;1,0
44;0,005;3;shortest;81;1;41;1,0
44;0,005;3;shortest;82;1;41;1,0
44;0,005;3;shortest;83;1;41;1,0
44;0,005;3;shortest;84;1;41;1,0
44;0,005;3;shortest;85;1;41;1,0
44;0,005;3;shortest;86;1;41;1,0
44;0,005;3;shortest;87;1;41;1,0
44;0,005;3;shortest;88;1;41;1,0
44;0,005;3;shortest;89;1;41;1,0
44;0,005;3;shortest;90;1;41;1,0
44;0,005;3;shortest;91;1;41;1,0
44;0,005;3;shortest;92;1;41;1,0
44;0,005;3;shortest;93;1;41;1,0
44;0,005;3;shortest;94;0;38;
44;0,005;3;shortest;95;1;41;1,0
44;0,005;3;shortest;96;1;41;1,0
44;0,005;3;shortest;97;1;41;1,0
44;0,005;3;shortest;98;1;41;1,0
44;0,005;3;shortest;99;1;41;1,0
44;0,005;3;shortest;100;1;41;1,0
44;0,005;3;safe;1;1;41;1,0
44;0,005;3;safe;2;1;41;1,0
44;0,005;3;safe;3;1;41;1,0
44;0,005;3;safe;4;1;41;1,0
44;0,005;3;safe;5;1;41;1,0
44;0,005;3;safe;6;1;41;1,0
44;0,005;3;safe;7;0;35;
44;0,005;3;safe;8;1;41;1,0
44;0,005;3;safe;9;1;41;1,0
44;0,005;3;safe;10;1;41;1,0
44;0,005;3;safe;11;1;41;1,0
44;0,005;3;safe;12;1;41;1,0
44;0,005;3;safe;13;1;41;1,0
44;0,005;3;safe;14;1;41;1,0
44;0,005;3;safe;15;1;41;1,0
44;0,005;3;safe;16;1;41;1,0
44;0,005;3;safe;17;1;41;1,0
44;0,005;3;safe;18;1;41;1,0
44;0,005;3;safe;19;1;41;1,0
44;0,005;3;safe;20;1;41;1,0
44;0,005;3;safe;21;1;41;1,0
44;0,005;3;safe;22;1;41;1,0
44;0,005;3;safe;23;1;41;1,0
44;0,005;3;safe;24;1;41;1,0
44;0,005;3;safe;25;1;41;1,0
44;0,005;3;safe;26;1;41;1,0
44;0,005;3;safe;27;1;41;1,0
44;0,005;3;safe;28;1;41;1,0
44;0,005;3;safe;29;1;41;1,0
44;0,005;3;safe;30;1;41;1,0
44;0,005;3;safe;31;1;41;1,0
44;0,005;3;safe;32;1;41;1,0
44;0,005;3;safe;33;1;41;1,0
44;0,005;3;safe;34;1;41;1,0
44;0,005;3;safe;35;1;41;1,0
44;0,005;3;safe;36;1;41;1,0
44;0,005;3;safe;37;1;41;1,0
44;0,005;3;safe;38;1;41;1,0
44;0,005;3;safe;39;1;41;1,0
44;0,005;3;safe;40;1;41;1,0
44;0,005;3;safe;41;1;41;1,0
44;0,005;3;safe;42;1;41;1,0
44;0,005;3;safe;43;1;41;1,0
44;0,005;3;safe;44;1;41;1,0
44;0,005;3;safe;45;1;41;1,0
44;0,005;3;safe;46;1;41;1,0
44;0,005;3;safe;47;1;41;1,0
44;0,005;3;safe;48;1;41;1,0
44;0,005;3;safe;49;1;41;1,0
44;0,005;3;safe;50;1;41;1,0
44;0,005;3;safe;51;1;41;1,0
44;0,005;3;safe;52;1;41;1,0
44;0,005;3;safe;53;1;41;1,0
44;0,005;3;safe;54;1;41;1,0
44;0,005;3;safe;55;1;41;1,0
44;0,005;3;safe;56;1;41;1,0
44;0,005;3;safe;57;1;41;1,0
44;0,005;3;safe;58;1;41;1,0
44;0,005;3;safe;59;1;41;1,0
44;0,005;3;safe;60;1;41;1,0
44;0,005;3;safe;61;1;41;1,0
44;0,005;3;safe;62;1;42;0,9761904761904762
44;0,005;3;safe;63;1;41;1,0
44;0,005;3;safe;64;1;41;1,0
44;0,005;3;safe;65;1;41;1,0
44;0,005;3;safe;66;1;41;1,0
44;0,005;3;safe;67;1;41;1,0
44;0,005;3;safe;68;1;41;1,0
44;0,005;3;safe;69;1;41;1,0
44;0,005;3;safe;70;1;41;1,0
44;0,005;3;safe;71;1;41;1,0
44;0,005;3;safe;72;1;41;1,0
44;0,005;3;safe;73;1;41;1,0
44;0,005;3;safe;74;1;41;1,0
44;0,005;3;safe;75;1;41;1,0
44;0,005;3;safe;76;1;41;1,0
44;0,005;3;safe;77;1;41;1,0
44;0,005;3;safe;78;1;41;1,0
44;0,005;3;safe;79;1;41;1,0
44;0,005;3;safe;80;1;41;1,0
44;0,005;3;safe;81;1;41;1,0
44;0,005;3;safe;82;1;41;1,0
44;0,005;3;safe;83;1;41;1,0
44;0,005;3;safe;84;1;41;1,0
44;0,005;3;safe;85;1;41;1,0
44;0,005;3;safe;86;1;41;1,0
44;0,005;3;safe;87;1;41;1,0
44;0,005;3;safe;88;1;41;1,0
44;0,005;3;safe;89;1;41;1,0
44;0,005;3;safe;90;1;41;1,0
44;0,005;3;safe;91;1;41;1,0
44;0,005;3;safe;92;1;41;1,0
44;0,005;3;safe;93;1;41;1,0
44;0,005;3;safe;94;1;41;1,0
44;0,005;3;safe;95;1;41;1,0
44;0,005;3;safe;96;1;41;1,0
44;0,005;3;safe;97;1;41;1,0
44;0,005;3;safe;98;1;41;1,0
44;0,005;3;safe;99;1;41;1,0
44;0,005;3;safe;100;1;41;1,0
44;0,005;3;predictive;1;1;41;1,0
44;0,005;3;predictive;2;1;41;1,0
44;0,005;3;predictive;3;1;41;1,0
44;0,005;3;predictive;4;1;41;1,0
44;0,005;3;predictive;5;1;41;1,0
44;0,005;3;predictive;6;1;41;1,0
44;0,005;3;predictive;7;1;70;0,5857142857142857
44;0,005;3;predictive;8;1;41;1,0
44;0,005;3;predictive;9;1;41;1,0
44;0,005;3;predictive;10;1;41;1,0
44;0,005;3;predictive;11;1;41;1,0
44;0,005;3;predictive;12;1;48;0,8541666666666666
44;0,005;3;predictive;13;1;41;1,0
44;0,005;3;predictive;14;1;41;1,0
44;0,005;3;predictive;15;1;41;1,0
44;0,005;3;predictive;16;1;41;1,0
44;0,005;3;predictive;17;1;41;1,0
44;0,005;3;predictive;18;1;41;1,0
44;0,005;3;predictive;19;1;41;1,0
44;0,005;3;predictive;20;1;41;1,0
44;0,005;3;predictive;21;1;41;1,0
44;0,005;3;predictive;22;1;41;1,0
44;0,005;3;predictive;23;1;41;1,0
44;0,005;3;predictive;24;1;41;1,0
44;0,005;3;predictive;25;1;41;1,0
44;0,005;3;predictive;26;1;41;1,0
44;0,005;3;predictive;27;1;41;1,0
44;0,005;3;predictive;28;1;41;1,0
44;0,005;3;predictive;29;1;41;1,0
44;0,005;3;predictive;30;1;41;1,0
44;0,005;3;predictive;31;1;41;1,0
44;0,005;3;predictive;32;1;80;0,5125
44;0,005;3;predictive;33;1;41;1,0
44;0,005;3;predictive;34;1;41;1,0
44;0,005;3;predictive;35;1;41;1,0
44;0,005;3;predictive;36;1;41;1,0
44;0,005;3;predictive;37;1;41;1,0
44;0,005;3;predictive;38;1;41;1,0
44;0,005;3;predictive;39;1;41;1,0
44;0,005;3;predictive;40;1;41;1,0
44;0,005;3;predictive;41;1;41;1,0
44;0,005;3;predictive;42;1;41;1,0
44;0,005;3;predictive;43;1;41;1,0
44;0,005;3;predictive;44;1;41;1,0
44;0,005;3;predictive;45;1;41;1,0
44;0,005;3;predictive;46;1;41;1,0
44;0,005;3;predictive;47;1;41;1,0
44;0,005;3;predictive;48;1;41;1,0
44;0,005;3;predictive;49;1;41;1,0
44;0,005;3;predictive;50;1;41;1,0
44;0,005;3;predictive;51;1;41;1,0
44;0,005;3;predictive;52;1;41;1,0
44;0,005;3;predictive;53;1;41;1,0
44;0,005;3;predictive;54;1;41;1,0
44;0,005;3;predictive;55;1;41;1,0
44;0,005;3;predictive;56;1;41;1,0
44;0,005;3;predictive;57;1;41;1,0
44;0,005;3;predictive;58;1;41;1,0
44;0,005;3;predictive;59;1;41;1,0
44;0,005;3;predictive;60;1;41;1,0
44;0,005;3;predictive;61;1;41;1,0
44;0,005;3;predictive;62;1;41;1,0
44;0,005;3;predictive;63;1;41;1,0
44;0,005;3;predictive;64;1;41;1,0
44;0,005;3;predictive;65;1;41;1,0
44;0,005;3;predictive;66;1;41;1,0
44;0,005;3;predictive;67;1;41;1,0
44;0,005;3;predictive;68;1;41;1,0
44;0,005;3;predictive;69;1;41;1,0
44;0,005;3;predictive;70;1;41;1,0
44;0,005;3;predictive;71;1;41;1,0
44;0,005;3;predictive;72;1;41;1,0
44;0,005;3;predictive;73;1;41;1,0
44;0,005;3;predictive;74;1;41;1,0
44;0,005;3;predictive;75;1;41;1,0
44;0,005;3;predictive;76;1;41;1,0
44;0,005;3;predictive;77;1;41;1,0
44;0,005;3;predictive;78;1;41;1,0
44;0,005;3;predictive;79;1;41;1,0
44;0,005;3;predictive;80;1;41;1,0
44;0,005;3;predictive;81;1;41;1,0
44;0,005;3;predictive;82;1;41;1,0
44;0,005;3;predictive;83;1;41;1,0
44;0,005;3;predictive;84;1;41;1,0
44;0,005;3;predictive;85;1;41;1,0
44;0,005;3;predictive;86;1;41;1,0
44;0,005;3;predictive;87;1;41;1,0
44;0,005;3;predictive;88;1;41;1,0
44;0,005;3;predictive;89;1;41;1,0
44;0,005;3;predictive;90;1;41;1,0
44;0,005;3;predictive;91;1;41;1,0
44;0,005;3;predictive;92;1;41;1,0
44;0,005;3;predictive;93;1;41;1,0
44;0,005;3;predictive;94;1;41;1,0
44;0,005;3;predictive;95;1;41;1,0
44;0,005;3;predictive;96;1;41;1,0
44;0,005;3;predictive;97;1;41;1,0
44;0,005;3;predictive;98;1;41;1,0
44;0,005;3;predictive;99;1;41;1,0
44;0,005;3;predictive;100;1;41;1,0
44;0,01;1;shortest;1;1;59;1,0
44;0,01;1;shortest;2;1;59;1,0
44;0,01;1;shortest;3;1;59;1,0
44;0,01;1;shortest;4;1;59;1,0
44;0,01;1;shortest;5;0;53;
44;0,01;1;shortest;6;1;59;1,0
44;0,01;1;shortest;7;1;59;1,0
44;0,01;1;shortest;8;1;59;1,0
44;0,01;1;shortest;9;1;59;1,0
44;0,01;1;shortest;10;1;59;1,0
44;0,01;1;shortest;11;1;59;1,0
44;0,01;1;shortest;12;1;59;1,0
44;0,01;1;shortest;13;1;59;1,0
44;0,01;1;shortest;14;1;59;1,0
44;0,01;1;shortest;15;1;59;1,0
44;0,01;1;shortest;16;1;59;1,0
44;0,01;1;shortest;17;1;59;1,0
44;0,01;1;shortest;18;1;59;1,0
44;0,01;1;shortest;19;1;59;1,0
44;0,01;1;shortest;20;1;59;1,0
44;0,01;1;shortest;21;1;59;1,0
44;0,01;1;shortest;22;1;59;1,0
44;0,01;1;shortest;23;1;59;1,0
44;0,01;1;shortest;24;1;59;1,0
44;0,01;1;shortest;25;1;59;1,0
44;0,01;1;shortest;26;1;59;1,0
44;0,01;1;shortest;27;1;59;1,0
44;0,01;1;shortest;28;1;59;1,0
44;0,01;1;shortest;29;0;57;
44;0,01;1;shortest;30;1;59;1,0
44;0,01;1;shortest;31;1;59;1,0
44;0,01;1;shortest;32;1;59;1,0
44;0,01;1;shortest;33;1;59;1,0
44;0,01;1;shortest;34;1;59;1,0
44;0,01;1;shortest;35;1;59;1,0
44;0,01;1;shortest;36;1;59;1,0
44;0,01;1;shortest;37;1;59;1,0
44;0,01;1;shortest;38;1;59;1,0
44;0,01;1;shortest;39;0;57;
44;0,01;1;shortest;40;1;59;1,0
44;0,01;1;shortest;41;1;59;1,0
44;0,01;1;shortest;42;1;59;1,0
44;0,01;1;shortest;43;1;59;1,0
44;0,01;1;shortest;44;1;59;1,0
44;0,01;1;shortest;45;1;59;1,0
44;0,01;1;shortest;46;1;59;1,0
44;0,01;1;shortest;47;1;59;1,0
44;0,01;1;shortest;48;1;59;1,0
44;0,01;1;shortest;49;1;59;1,0
44;0,01;1;shortest;50;1;59;1,0
44;0,01;1;shortest;51;1;59;1,0
44;0,01;1;shortest;52;1;59;1,0
44;0,01;1;shortest;53;1;59;1,0
44;0,01;1;shortest;54;1;59;1,0
44;0,01;1;shortest;55;1;59;1,0
44;0,01;1;shortest;56;1;59;1,0
44;0,01;1;shortest;57;1;59;1,0
44;0,01;1;shortest;58;0;16;
44;0,01;1;shortest;59;1;59;1,0
44;0,01;1;shortest;60;1;59;1,0
44;0,01;1;shortest;61;1;59;1,0
44;0,01;1;shortest;62;1;59;1,0
44;0,01;1;shortest;63;1;59;1,0
44;0,01;1;shortest;64;1;59;1,0
44;0,01;1;shortest;65;1;59;1,0
44;0,01;1;shortest;66;1;59;1,0
44;0,01;1;shortest;67;1;59;1,0
44;0,01;1;shortest;68;1;59;1,0
44;0,01;1;shortest;69;1;59;1,0
44;0,01;1;shortest;70;1;59;1,0
44;0,01;1;shortest;71;1;59;1,0
44;0,01;1;shortest;72;1;59;1,0
44;0,01;1;shortest;73;1;59;1,0
44;0,01;1;shortest;74;1;59;1,0
44;0,01;1;shortest;75;1;59;1,0
44;0,01;1;shortest;76;1;59;1,0
44;0,01;1;shortest;77;0;50;
44;0,01;1;shortest;78;1;59;1,0
44;0,01;1;shortest;79;1;59;1,0
44;0,01;1;shortest;80;1;59;1,0
44;0,01;1;shortest;81;1;59;1,0
44;0,01;1;shortest;82;1;59;1,0
44;0,01;1;shortest;83;0;58;
44;0,01;1;shortest;84;1;59;1,0
44;0,01;1;shortest;85;1;59;1,0
44;0,01;1;shortest;86;1;59;1,0
44;0,01;1;shortest;87;1;59;1,0
44;0,01;1;shortest;88;1;59;1,0
44;0,01;1;shortest;89;1;59;1,0
44;0,01;1;shortest;90;1;59;1,0
44;0,01;1;shortest;91;1;59;1,0
44;0,01;1;shortest;92;1;59;1,0
44;0,01;1;shortest;93;1;59;1,0
44;0,01;1;shortest;94;1;59;1,0
44;0,01;1;shortest;95;1;59;1,0
44;0,01;1;shortest;96;1;59;1,0
44;0,01;1;shortest;97;1;59;1,0
44;0,01;1;shortest;98;1;59;1,0
44;0,01;1;shortest;99;1;59;1,0
44;0,01;1;shortest;100;1;59;1,0
44;0,01;1;safe;1;1;59;1,0
44;0,01;1;safe;2;1;59;1,0
44;0,01;1;safe;3;1;59;1,0
44;0,01;1;safe;4;1;59;1,0
44;0,01;1;safe;5;0;53;
44;0,01;1;safe;6;1;59;1,0
44;0,01;1;safe;7;1;59;1,0
44;0,01;1;safe;8;1;59;1,0
44;0,01;1;safe;9;1;59;1,0
44;0,01;1;safe;10;0;21;
44;0,01;1;safe;11;1;59;1,0
44;0,01;1;safe;12;1;59;1,0
44;0,01;1;safe;13;1;59;1,0
44;0,01;1;safe;14;1;59;1,0
44;0,01;1;safe;15;1;59;1,0
44;0,01;1;safe;16;1;59;1,0
44;0,01;1;safe;17;1;59;1,0
44;0,01;1;safe;18;1;59;1,0
44;0,01;1;safe;19;1;59;1,0
44;0,01;1;safe;20;1;59;1,0
44;0,01;1;safe;21;1;59;1,0
44;0,01;1;safe;22;0;56;
44;0,01;1;safe;23;1;59;1,0
44;0,01;1;safe;24;1;59;1,0
44;0,01;1;safe;25;1;59;1,0
44;0,01;1;safe;26;1;59;1,0
44;0,01;1;safe;27;1;59;1,0
44;0,01;1;safe;28;1;59;1,0
44;0,01;1;safe;29;1;59;1,0
44;0,01;1;safe;30;0;56;
44;0,01;1;safe;31;1;59;1,0
44;0,01;1;safe;32;1;59;1,0
44;0,01;1;safe;33;1;59;1,0
44;0,01;1;safe;34;1;59;1,0
44;0,01;1;safe;35;1;59;1,0
44;0,01;1;safe;36;1;59;1,0
44;0,01;1;safe;37;1;59;1,0
44;0,01;1;safe;38;0;51;
44;0,01;1;safe;39;1;59;1,0
44;0,01;1;safe;40;1;59;1,0
44;0,01;1;safe;41;1;59;1,0
44;0,01;1;safe;42;1;59;1,0
44;0,01;1;safe;43;1;59;1,0
44;0,01;1;safe;44;0;56;
44;0,01;1;safe;45;1;59;1,0
44;0,01;1;safe;46;1;59;1,0
44;0,01;1;safe;47;1;59;1,0
44;0,01;1;safe;48;0;16;
44;0,01;1;safe;49;1;59;1,0
44;0,01;1;safe;50;1;59;1,0
44;0,01;1;safe;51;1;59;1,0
44;0,01;1;safe;52;1;59;1,0
44;0,01;1;safe;53;1;59;1,0
44;0,01;1;safe;54;1;59;1,0
44;0,01;1;safe;55;1;59;1,0
44;0,01;1;safe;56;1;59;1,0
44;0,01;1;safe;57;1;59;1,0
44;0,01;1;safe;58;1;59;1,0
44;0,01;1;safe;59;1;59;1,0
44;0,01;1;safe;60;1;59;1,0
44;0,01;1;safe;61;1;59;1,0
44;0,01;1;safe;62;1;59;1,0
44;0,01;1;safe;63;1;59;1,0
44;0,01;1;safe;64;1;59;1,0
44;0,01;1;safe;65;1;59;1,0
44;0,01;1;safe;66;0;51;
44;0,01;1;safe;67;1;59;1,0
44;0,01;1;safe;68;1;59;1,0
44;0,01;1;safe;69;1;59;1,0
44;0,01;1;safe;70;1;59;1,0
44;0,01;1;safe;71;1;59;1,0
44;0,01;1;safe;72;1;59;1,0
44;0,01;1;safe;73;1;59;1,0
44;0,01;1;safe;74;1;59;1,0
44;0,01;1;safe;75;1;59;1,0
44;0,01;1;safe;76;1;59;1,0
44;0,01;1;safe;77;1;59;1,0
44;0,01;1;safe;78;1;59;1,0
44;0,01;1;safe;79;1;59;1,0
44;0,01;1;safe;80;1;59;1,0
44;0,01;1;safe;81;1;59;1,0
44;0,01;1;safe;82;1;59;1,0
44;0,01;1;safe;83;1;59;1,0
44;0,01;1;safe;84;1;59;1,0
44;0,01;1;safe;85;1;59;1,0
44;0,01;1;safe;86;1;59;1,0
44;0,01;1;safe;87;1;59;1,0
44;0,01;1;safe;88;1;59;1,0
44;0,01;1;safe;89;1;59;1,0
44;0,01;1;safe;90;1;59;1,0
44;0,01;1;safe;91;1;59;1,0
44;0,01;1;safe;92;1;59;1,0
44;0,01;1;safe;93;1;59;1,0
44;0,01;1;safe;94;1;59;1,0
44;0,01;1;safe;95;1;59;1,0
44;0,01;1;safe;96;1;59;1,0
44;0,01;1;safe;97;0;47;
44;0,01;1;safe;98;0;57;
44;0,01;1;safe;99;1;59;1,0
44;0,01;1;safe;100;1;59;1,0
44;0,01;1;predictive;1;1;59;1,0
44;0,01;1;predictive;2;1;59;1,0
44;0,01;1;predictive;3;1;59;1,0
44;0,01;1;predictive;4;1;59;1,0
44;0,01;1;predictive;5;1;69;0,855072463768116
44;0,01;1;predictive;6;1;59;1,0
44;0,01;1;predictive;7;1;106;0,5566037735849056
44;0,01;1;predictive;8;1;84;0,7023809523809523
44;0,01;1;predictive;9;1;59;1,0
44;0,01;1;predictive;10;1;59;1,0
44;0,01;1;predictive;11;1;59;1,0
44;0,01;1;predictive;12;1;59;1,0
44;0,01;1;predictive;13;1;59;1,0
44;0,01;1;predictive;14;1;59;1,0
44;0,01;1;predictive;15;1;59;1,0
44;0,01;1;predictive;16;1;59;1,0
44;0,01;1;predictive;17;1;59;1,0
44;0,01;1;predictive;18;1;59;1,0
44;0,01;1;predictive;19;1;59;1,0
44;0,01;1;predictive;20;1;59;1,0
44;0,01;1;predictive;21;1;59;1,0
44;0,01;1;predictive;22;1;59;1,0
44;0,01;1;predictive;23;1;59;1,0
44;0,01;1;predictive;24;1;59;1,0
44;0,01;1;predictive;25;1;59;1,0
44;0,01;1;predictive;26;1;144;0,4097222222222222
44;0,01;1;predictive;27;1;59;1,0
44;0,01;1;predictive;28;1;59;1,0
44;0,01;1;predictive;29;1;59;1,0
44;0,01;1;predictive;30;1;59;1,0
44;0,01;1;predictive;31;1;59;1,0
44;0,01;1;predictive;32;1;59;1,0
44;0,01;1;predictive;33;1;59;1,0
44;0,01;1;predictive;34;1;59;1,0
44;0,01;1;predictive;35;1;85;0,6941176470588235
44;0,01;1;predictive;36;1;59;1,0
44;0,01;1;predictive;37;1;59;1,0
44;0,01;1;predictive;38;1;59;1,0
44;0,01;1;predictive;39;1;59;1,0
44;0,01;1;predictive;40;1;59;1,0
44;0,01;1;predictive;41;1;59;1,0
44;0,01;1;predictive;42;1;59;1,0
44;0,01;1;predictive;43;1;59;1,0
44;0,01;1;predictive;44;1;75;0,7866666666666666
44;0,01;1;predictive;45;1;59;1,0
44;0,01;1;predictive;46;1;59;1,0
44;0,01;1;predictive;47;1;59;1,0
44;0,01;1;predictive;48;1;59;1,0
44;0,01;1;predictive;49;1;59;1,0
44;0,01;1;predictive;50;1;130;0,45384615384615384
44;0,01;1;predictive;51;1;59;1,0
44;0,01;1;predictive;52;1;59;1,0
44;0,01;1;predictive;53;1;59;1,0
44;0,01;1;predictive;54;1;59;1,0
44;0,01;1;predictive;55;1;59;1,0
44;0,01;1;predictive;56;1;65;0,9076923076923077
44;0,01;1;predictive;57;1;59;1,0
44;0,01;1;predictive;58;1;59;1,0
44;0,01;1;predictive;59;1;59;1,0
44;0,01;1;predictive;60;1;59;1,0
44;0,01;1;predictive;61;1;59;1,0
44;0,01;1;predictive;62;1;59;1,0
44;0,01;1;predictive;63;1;59;1,0
44;0,01;1;predictive;64;1;59;1,0
44;0,01;1;predictive;65;1;59;1,0
44;0,01;1;predictive;66;1;59;1,0
44;0,01;1;predictive;67;1;59;1,0
44;0,01;1;predictive;68;1;59;1,0
44;0,01;1;predictive;69;1;59;1,0
44;0,01;1;predictive;70;1;59;1,0
44;0,01;1;predictive;71;1;59;1,0
44;0,01;1;predictive;72;1;59;1,0
44;0,01;1;predictive;73;1;95;0,6210526315789474
44;0,01;1;predictive;74;1;107;0,5514018691588785
44;0,01;1;predictive;75;1;59;1,0
44;0,01;1;predictive;76;1;59;1,0
44;0,01;1;predictive;77;1;59;1,0
44;0,01;1;predictive;78;1;59;1,0
44;0,01;1;predictive;79;1;59;1,0
44;0,01;1;predictive;80;1;86;0,686046511627907
44;0,01;1;predictive;81;1;59;1,0
44;0,01;1;predictive;82;1;59;1,0
44;0,01;1;predictive;83;1;59;1,0
44;0,01;1;predictive;84;1;108;0,5462962962962963
44;0,01;1;predictive;85;1;92;0,6413043478260869
44;0,01;1;predictive;86;1;59;1,0
44;0,01;1;predictive;87;1;59;1,0
44;0,01;1;predictive;88;1;62;0,9516129032258065
44;0,01;1;predictive;89;1;59;1,0
44;0,01;1;predictive;90;1;66;0,8939393939393939
44;0,01;1;predictive;91;1;59;1,0
44;0,01;1;predictive;92;1;59;1,0
44;0,01;1;predictive;93;1;59;1,0
44;0,01;1;predictive;94;1;59;1,0
44;0,01;1;predictive;95;1;59;1,0
44;0,01;1;predictive;96;1;59;1,0
44;0,01;1;predictive;97;1;59;1,0
44;0,01;1;predictive;98;1;59;1,0
44;0,01;1;predictive;99;1;59;1,0
44;0,01;1;predictive;100;1;59;1,0
44;0,01;2;shortest;1;1;55;1,0
44;0,01;2;shortest;2;1;55;1,0
44;0,01;2;shortest;3;1;55;1,0
44;0,01;2;shortest;4;1;55;1,0
44;0,01;2;shortest;5;0;43;
44;0,01;2;shortest;6;1;55;1,0
44;0,01;2;shortest;7;1;55;1,0
44;0,01;2;shortest;8;0;51;
44;0,01;2;shortest;9;1;55;1,0
44;0,01;2;shortest;10;1;55;1,0
44;0,01;2;shortest;11;1;55;1,0
44;0,01;2;shortest;12;1;55;1,0
44;0,01;2;shortest;13;1;55;1,0
44;0,01;2;shortest;14;1;55;1,0
44;0,01;2;shortest;15;1;55;1,0
44;0,01;2;shortest;16;1;55;1,0
44;0,01;2;shortest;17;1;55;1,0
44;0,01;2;shortest;18;1;55;1,0
44;0,01;2;shortest;19;1;55;1,0
44;0,01;2;shortest;20;1;55;1,0
44;0,01;2;shortest;21;1;55;1,0
44;0,01;2;shortest;22;1;55;1,0
44;0,01;2;shortest;23;1;55;1,0
44;0,01;2;shortest;24;1;55;1,0
44;0,01;2;shortest;25;1;55;1,0
44;0,01;2;shortest;26;1;55;1,0
44;0,01;2;shortest;27;1;55;1,0
44;0,01;2;shortest;28;1;55;1,0
44;0,01;2;shortest;29;1;55;1,0
44;0,01;2;shortest;30;0;40;
44;0,01;2;shortest;31;1;55;1,0
44;0,01;2;shortest;32;1;55;1,0
44;0,01;2;shortest;33;1;55;1,0
44;0,01;2;shortest;34;1;55;1,0
44;0,01;2;shortest;35;1;55;1,0
44;0,01;2;shortest;36;1;55;1,0
44;0,01;2;shortest;37;1;55;1,0
44;0,01;2;shortest;38;1;55;1,0
44;0,01;2;shortest;39;1;55;1,0
44;0,01;2;shortest;40;1;55;1,0
44;0,01;2;shortest;41;1;55;1,0
44;0,01;2;shortest;42;1;55;1,0
44;0,01;2;shortest;43;1;55;1,0
44;0,01;2;shortest;44;1;55;1,0
44;0,01;2;shortest;45;1;55;1,0
44;0,01;2;shortest;46;1;55;1,0
44;0,01;2;shortest;47;1;55;1,0
44;0,01;2;shortest;48;1;55;1,0
44;0,01;2;shortest;49;1;55;1,0
44;0,01;2;shortest;50;1;55;1,0
44;0,01;2;shortest;51;1;55;1,0
44;0,01;2;shortest;52;1;55;1,0
44;0,01;2;shortest;53;1;55;1,0
44;0,01;2;shortest;54;1;55;1,0
44;0,01;2;shortest;55;1;55;1,0
44;0,01;2;shortest;56;1;55;1,0
44;0,01;2;shortest;57;1;55;1,0
44;0,01;2;shortest;58;1;55;1,0
44;0,01;2;shortest;59;1;55;1,0
44;0,01;2;shortest;60;1;55;1,0
44;0,01;2;shortest;61;1;55;1,0
44;0,01;2;shortest;62;0;51;
44;0,01;2;shortest;63;1;55;1,0
44;0,01;2;shortest;64;1;55;1,0
44;0,01;2;shortest;65;1;55;1,0
44;0,01;2;shortest;66;1;55;1,0
44;0,01;2;shortest;67;1;55;1,0
44;0,01;2;shortest;68;1;55;1,0
44;0,01;2;shortest;69;1;55;1,0
44;0,01;2;shortest;70;1;55;1,0
44;0,01;2;shortest;71;1;55;1,0
44;0,01;2;shortest;72;1;55;1,0
44;0,01;2;shortest;73;1;55;1,0
44;0,01;2;shortest;74;1;55;1,0
44;0,01;2;shortest;75;1;55;1,0
44;0,01;2;shortest;76;1;55;1,0
44;0,01;2;shortest;77;1;55;1,0
44;0,01;2;shortest;78;1;55;1,0
44;0,01;2;shortest;79;0;49;
44;0,01;2;shortest;80;1;55;1,0
44;0,01;2;shortest;81;1;55;1,0
44;0,01;2;shortest;82;1;55;1,0
44;0,01;2;shortest;83;1;55;1,0
44;0,01;2;shortest;84;1;55;1,0
44;0,01;2;shortest;85;1;55;1,0
44;0,01;2;shortest;86;1;55;1,0
44;0,01;2;shortest;87;1;55;1,0
44;0,01;2;shortest;88;1;55;1,0
44;0,01;2;shortest;89;1;55;1,0
44;0,01;2;shortest;90;1;55;1,0
44;0,01;2;shortest;91;1;55;1,0
44;0,01;2;shortest;92;1;55;1,0
44;0,01;2;shortest;93;1;55;1,0
44;0,01;2;shortest;94;1;55;1,0
44;0,01;2;shortest;95;1;55;1,0
44;0,01;2;shortest;96;1;55;1,0
44;0,01;2;shortest;97;0;53;
44;0,01;2;shortest;98;1;55;1,0
44;0,01;2;shortest;99;1;55;1,0
44;0,01;2;shortest;100;1;55;1,0
44;0,01;2;safe;1;1;55;1,0
44;0,01;2;safe;2;1;55;1,0
44;0,01;2;safe;3;1;55;1,0
44;0,01;2;safe;4;1;55;1,0
44;0,01;2;safe;5;0;43;
44;0,01;2;safe;6;1;55;1,0
44;0,01;2;safe;7;1;55;1,0
44;0,01;2;safe;8;0;51;
44;0,01;2;safe;9;1;55;1,0
44;0,01;2;safe;10;1;55;1,0
44;0,01;2;safe;11;1;55;1,0
44;0,01;2;safe;12;1;55;1,0
44;0,01;2;safe;13;0;49;
44;0,01;2;safe;14;1;55;1,0
44;0,01;2;safe;15;1;55;1,0
44;0,01;2;safe;16;1;55;1,0
44;0,01;2;safe;17;1;55;1,0
44;0,01;2;safe;18;1;55;1,0
44;0,01;2;safe;19;1;55;1,0
44;0,01;2;safe;20;1;55;1,0
44;0,01;2;safe;21;1;55;1,0
44;0,01;2;safe;22;1;55;1,0
44;0,01;2;safe;23;1;55;1,0
44;0,01;2;safe;24;1;55;1,0
44;0,01;2;safe;25;1;55;1,0
44;0,01;2;safe;26;1;55;1,0
44;0,01;2;safe;27;1;55;1,0
44;0,01;2;safe;28;1;55;1,0
44;0,01;2;safe;29;1;55;1,0
44;0,01;2;safe;30;1;55;1,0
44;0,01;2;safe;31;1;55;1,0
44;0,01;2;safe;32;1;55;1,0
44;0,01;2;safe;33;1;55;1,0
44;0,01;2;safe;34;1;55;1,0
44;0,01;2;safe;35;1;55;1,0
44;0,01;2;safe;36;1;55;1,0
44;0,01;2;safe;37;1;55;1,0
44;0,01;2;safe;38;1;55;1,0
44;0,01;2;safe;39;1;55;1,0
44;0,01;2;safe;40;1;55;1,0
44;0,01;2;safe;41;0;48;
44;0,01;2;safe;42;1;55;1,0
44;0,01;2;safe;43;1;55;1,0
44;0,01;2;safe;44;1;55;1,0
44;0,01;2;safe;45;1;55;1,0
44;0,01;2;safe;46;1;55;1,0
44;0,01;2;safe;47;0;51;
44;0,01;2;safe;48;1;55;1,0
44;0,01;2;safe;49;0;47;
44;0,01;2;safe;50;1;55;1,0
44;0,01;2;safe;51;1;55;1,0
44;0,01;2;safe;52;1;55;1,0
44;0,01;2;safe;53;1;55;1,0
44;0,01;2;safe;54;1;55;1,0
44;0,01;2;safe;55;1;55;1,0
44;0,01;2;safe;56;1;55;1,0
44;0,01;2;safe;57;1;55;1,0
44;0,01;2;safe;58;1;55;1,0
44;0,01;2;safe;59;1;55;1,0
44;0,01;2;safe;60;1;55;1,0
44;0,01;2;safe;61;1;55;1,0
44;0,01;2;safe;62;1;55;1,0
44;0,01;2;safe;63;0;55;
44;0,01;2;safe;64;1;55;1,0
44;0,01;2;safe;65;1;55;1,0
44;0,01;2;safe;66;1;55;1,0
44;0,01;2;safe;67;1;55;1,0
44;0,01;2;safe;68;1;55;1,0
44;0,01;2;safe;69;1;55;1,0
44;0,01;2;safe;70;0;48;
44;0,01;2;safe;71;1;55;1,0
44;0,01;2;safe;72;1;55;1,0
44;0,01;2;safe;73;1;55;1,0
44;0,01;2;safe;74;1;55;1,0
44;0,01;2;safe;75;1;55;1,0
44;0,01;2;safe;76;1;55;1,0
44;0,01;2;safe;77;1;55;1,0
44;0,01;2;safe;78;1;55;1,0
44;0,01;2;safe;79;0;43;
44;0,01;2;safe;80;1;55;1,0
44;0,01;2;safe;81;1;55;1,0
44;0,01;2;safe;82;1;55;1,0
44;0,01;2;safe;83;1;55;1,0
44;0,01;2;safe;84;1;55;1,0
44;0,01;2;safe;85;1;55;1,0
44;0,01;2;safe;86;1;55;1,0
44;0,01;2;safe;87;1;55;1,0
44;0,01;2;safe;88;1;55;1,0
44;0,01;2;safe;89;1;55;1,0
44;0,01;2;safe;90;1;55;1,0
44;0,01;2;safe;91;1;55;1,0
44;0,01;2;safe;92;1;55;1,0
44;0,01;2;safe;93;1;55;1,0
44;0,01;2;safe;94;1;55;1,0
44;0,01;2;safe;95;1;55;1,0
44;0,01;2;safe;96;1;55;1,0
44;0,01;2;safe;97;1;55;1,0
44;0,01;2;safe;98;1;55;1,0
44;0,01;2;safe;99;1;55;1,0
44;0,01;2;safe;100;1;55;1,0
44;0,01;2;predictive;1;1;55;1,0
44;0,01;2;predictive;2;1;56;0,9821428571428571
44;0,01;2;predictive;3;1;55;1,0
44;0,01;2;predictive;4;1;55;1,0
44;0,01;2;predictive;5;1;55;1,0
44;0,01;2;predictive;6;1;55;1,0
44;0,01;2;predictive;7;1;55;1,0
44;0,01;2;predictive;8;1;55;1,0
44;0,01;2;predictive;9;1;55;1,0
44;0,01;2;predictive;10;1;75;0,7333333333333333
44;0,01;2;predictive;11;1;55;1,0
44;0,01;2;predictive;12;1;55;1,0
44;0,01;2;predictive;13;1;55;1,0
44;0,01;2;predictive;14;1;55;1,0
44;0,01;2;predictive;15;1;55;1,0
44;0,01;2;predictive;16;1;55;1,0
44;0,01;2;predictive;17;1;55;1,0
44;0,01;2;predictive;18;1;55;1,0
44;0,01;2;predictive;19;1;55;1,0
44;0,01;2;predictive;20;1;55;1,0
44;0,01;2;predictive;21;1;55;1,0
44;0,01;2;predictive;22;1;55;1,0
44;0,01;2;predictive;23;1;55;1,0
44;0,01;2;predictive;24;1;55;1,0
44;0,01;2;predictive;25;1;55;1,0
44;0,01;2;predictive;26;1;55;1,0
44;0,01;2;predictive;27;1;55;1,0
44;0,01;2;predictive;28;1;55;1,0
44;0,01;2;predictive;29;1;55;1,0
44;0,01;2;predictive;30;1;55;1,0
44;0,01;2;predictive;31;1;55;1,0
44;0,01;2;predictive;32;1;55;1,0
44;0,01;2;predictive;33;1;55;1,0
44;0,01;2;predictive;34;1;55;1,0
44;0,01;2;predictive;35;1;55;1,0
44;0,01;2;predictive;36;1;55;1,0
44;0,01;2;predictive;37;1;55;1,0
44;0,01;2;predictive;38;1;55;1,0
44;0,01;2;predictive;39;1;55;1,0
44;0,01;2;predictive;40;1;55;1,0
44;0,01;2;predictive;41;1;55;1,0
44;0,01;2;predictive;42;1;55;1,0
44;0,01;2;predictive;43;1;55;1,0
44;0,01;2;predictive;44;1;55;1,0
44;0,01;2;predictive;45;1;55;1,0
44;0,01;2;predictive;46;1;55;1,0
44;0,01;2;predictive;47;1;55;1,0
44;0,01;2;predictive;48;1;82;0,6707317073170732
44;0,01;2;predictive;49;1;55;1,0
44;0,01;2;predictive;50;1;55;1,0
44;0,01;2;predictive;51;1;55;1,0
44;0,01;2;predictive;52;1;55;1,0
44;0,01;2;predictive;53;1;55;1,0
44;0,01;2;predictive;54;1;55;1,0
44;0,01;2;predictive;55;1;55;1,0
44;0,01;2;predictive;56;1;55;1,0
44;0,01;2;predictive;57;1;55;1,0
44;0,01;2;predictive;58;1;55;1,0
44;0,01;2;predictive;59;1;55;1,0
44;0,01;2;predictive;60;1;55;1,0
44;0,01;2;predictive;61;1;55;1,0
44;0,01;2;predictive;62;1;55;1,0
44;0,01;2;predictive;63;1;55;1,0
44;0,01;2;predictive;64;1;55;1,0
44;0,01;2;predictive;65;1;55;1,0
44;0,01;2;predictive;66;1;86;0,6395348837209303
44;0,01;2;predictive;67;1;55;1,0
44;0,01;2;predictive;68;1;55;1,0
44;0,01;2;predictive;69;1;60;0,9166666666666666
44;0,01;2;predictive;70;1;55;1,0
44;0,01;2;predictive;71;1;55;1,0
44;0,01;2;predictive;72;1;55;1,0
44;0,01;2;predictive;73;1;55;1,0
44;0,01;2;predictive;74;1;55;1,0
44;0,01;2;predictive;75;1;55;1,0
44;0,01;2;predictive;76;1;55;1,0
44;0,01;2;predictive;77;1;55;1,0
44;0,01;2;predictive;78;1;55;1,0
44;0,01;2;predictive;79;1;55;1,0
44;0,01;2;predictive;80;1;55;1,0
44;0,01;2;predictive;81;1;55;1,0
44;0,01;2;predictive;82;1;55;1,0
44;0,01;2;predictive;83;1;55;1,0
44;0,01;2;predictive;84;1;55;1,0
44;0,01;2;predictive;85;1;55;1,0
44;0,01;2;predictive;86;1;55;1,0
44;0,01;2;predictive;87;1;55;1,0
44;0,01;2;predictive;88;1;55;1,0
44;0,01;2;predictive;89;1;55;1,0
44;0,01;2;predictive;90;1;55;1,0
44;0,01;2;predictive;91;1;55;1,0
44;0,01;2;predictive;92;1;55;1,0
44;0,01;2;predictive;93;1;55;1,0
44;0,01;2;predictive;94;1;55;1,0
44;0,01;2;predictive;95;1;55;1,0
44;0,01;2;predictive;96;1;55;1,0
44;0,01;2;predictive;97;1;55;1,0
44;0,01;2;predictive;98;1;55;1,0
44;0,01;2;predictive;99;1;55;1,0
44;0,01;2;predictive;100;1;55;1,0
44;0,01;3;shortest;1;1;41;1,0
44;0,01;3;shortest;2;1;41;1,0
44;0,01;3;shortest;3;1;41;1,0
44;0,01;3;shortest;4;1;41;1,0
44;0,01;3;shortest;5;1;41;1,0
44;0,01;3;shortest;6;1;41;1,0
44;0,01;3;shortest;7;1;41;1,0
44;0,01;3;shortest;8;1;41;1,0
44;0,01;3;shortest;9;1;41;1,0
44;0,01;3;shortest;10;1;41;1,0
44;0,01;3;shortest;11;1;41;1,0
44;0,01;3;shortest;12;1;41;1,0
44;0,01;3;shortest;13;1;41;1,0
44;0,01;3;shortest;14;1;41;1,0
44;0,01;3;shortest;15;1;41;1,0
44;0,01;3;shortest;16;1;41;1,0
44;0,01;3;shortest;17;1;41;1,0
44;0,01;3;shortest;18;1;41;1,0
44;0,01;3;shortest;19;1;41;1,0
44;0,01;3;shortest;20;1;41;1,0
44;0,01;3;shortest;21;1;41;1,0
44;0,01;3;shortest;22;1;41;1,0
44;0,01;3;shortest;23;1;41;1,0
44;0,01;3;shortest;24;1;41;1,0
44;0,01;3;shortest;25;1;41;1,0
44;0,01;3;shortest;26;1;41;1,0
44;0,01;3;shortest;27;1;41;1,0
44;0,01;3;shortest;28;1;41;1,0
44;0,01;3;shortest;29;1;41;1,0
44;0,01;3;shortest;30;1;41;1,0
44;0,01;3;shortest;31;0;38;
44;0,01;3;shortest;32;1;41;1,0
44;0,01;3;shortest;33;1;41;1,0
44;0,01;3;shortest;34;0;35;
44;0,01;3;shortest;35;1;41;1,0
44;0,01;3;shortest;36;1;41;1,0
44;0,01;3;shortest;37;1;41;1,0
44;0,01;3;shortest;38;1;41;1,0
44;0,01;3;shortest;39;1;41;1,0
44;0,01;3;shortest;40;1;41;1,0
44;0,01;3;shortest;41;1;41;1,0
44;0,01;3;shortest;42;1;41;1,0
44;0,01;3;shortest;43;1;41;1,0
44;0,01;3;shortest;44;1;41;1,0
44;0,01;3;shortest;45;1;41;1,0
44;0,01;3;shortest;46;1;41;1,0
44;0,01;3;shortest;47;1;41;1,0
44;0,01;3;shortest;48;1;41;1,0
44;0,01;3;shortest;49;1;41;1,0
44;0,01;3;shortest;50;1;41;1,0
44;0,01;3;shortest;51;1;41;1,0
44;0,01;3;shortest;52;1;41;1,0
44;0,01;3;shortest;53;0;39;
44;0,01;3;shortest;54;1;41;1,0
44;0,01;3;shortest;55;1;41;1,0
44;0,01;3;shortest;56;1;41;1,0
44;0,01;3;shortest;57;1;41;1,0
44;0,01;3;shortest;58;1;41;1,0
44;0,01;3;shortest;59;1;41;1,0
44;0,01;3;shortest;60;1;41;1,0
44;0,01;3;shortest;61;1;41;1,0
44;0,01;3;shortest;62;1;41;1,0
44;0,01;3;shortest;63;1;41;1,0
44;0,01;3;shortest;64;1;41;1,0
44;0,01;3;shortest;65;1;41;1,0
44;0,01;3;shortest;66;1;41;1,0
44;0,01;3;shortest;67;1;41;1,0
44;0,01;3;shortest;68;1;41;1,0
44;0,01;3;shortest;69;1;41;1,0
44;0,01;3;shortest;70;1;41;1,0
44;0,01;3;shortest;71;1;41;1,0
44;0,01;3;shortest;72;1;41;1,0
44;0,01;3;shortest;73;1;41;1,0
44;0,01;3;shortest;74;1;41;1,0
44;0,01;3;shortest;75;1;41;1,0
44;0,01;3;shortest;76;1;41;1,0
44;0,01;3;shortest;77;1;41;1,0
44;0,01;3;shortest;78;1;41;1,0
44;0,01;3;shortest;79;1;41;1,0
44;0,01;3;shortest;80;1;41;1,0
44;0,01;3;shortest;81;1;41;1,0
44;0,01;3;shortest;82;1;41;1,0
44;0,01;3;shortest;83;1;41;1,0
44;0,01;3;shortest;84;1;41;1,0
44;0,01;3;shortest;85;1;41;1,0
44;0,01;3;shortest;86;1;41;1,0
44;0,01;3;shortest;87;1;41;1,0
44;0,01;3;shortest;88;1;41;1,0
44;0,01;3;shortest;89;1;41;1,0
44;0,01;3;shortest;90;1;41;1,0
44;0,01;3;shortest;91;1;41;1,0
44;0,01;3;shortest;92;1;41;1,0
44;0,01;3;shortest;93;1;41;1,0
44;0,01;3;shortest;94;1;41;1,0
44;0,01;3;shortest;95;1;41;1,0
44;0,01;3;shortest;96;1;41;1,0
44;0,01;3;shortest;97;1;41;1,0
44;0,01;3;shortest;98;1;41;1,0
44;0,01;3;shortest;99;1;41;1,0
44;0,01;3;shortest;100;1;41;1,0
44;0,01;3;safe;1;1;41;1,0
44;0,01;3;safe;2;1;41;1,0
44;0,01;3;safe;3;1;41;1,0
44;0,01;3;safe;4;1;41;1,0
44;0,01;3;safe;5;1;41;1,0
44;0,01;3;safe;6;1;41;1,0
44;0,01;3;safe;7;1;41;1,0
44;0,01;3;safe;8;1;41;1,0
44;0,01;3;safe;9;1;41;1,0
44;0,01;3;safe;10;1;41;1,0
44;0,01;3;safe;11;1;41;1,0
44;0,01;3;safe;12;1;41;1,0
44;0,01;3;safe;13;1;41;1,0
44;0,01;3;safe;14;1;41;1,0
44;0,01;3;safe;15;1;41;1,0
44;0,01;3;safe;16;1;41;1,0
44;0,01;3;safe;17;1;41;1,0
44;0,01;3;safe;18;1;41;1,0
44;0,01;3;safe;19;1;41;1,0
44;0,01;3;safe;20;1;41;1,0
44;0,01;3;safe;21;1;41;1,0
44;0,01;3;safe;22;1;41;1,0
44;0,01;3;safe;23;1;41;1,0
44;0,01;3;safe;24;1;41;1,0
44;0,01;3;safe;25;1;41;1,0
44;0,01;3;safe;26;1;41;1,0
44;0,01;3;safe;27;1;41;1,0
44;0,01;3;safe;28;1;41;1,0
44;0,01;3;safe;29;1;41;1,0
44;0,01;3;safe;30;1;41;1,0
44;0,01;3;safe;31;0;39;
44;0,01;3;safe;32;1;41;1,0
44;0,01;3;safe;33;1;41;1,0
44;0,01;3;safe;34;1;41;1,0
44;0,01;3;safe;35;1;41;1,0
44;0,01;3;safe;36;1;41;1,0
44;0,01;3;safe;37;1;41;1,0
44;0,01;3;safe;38;1;41;1,0
44;0,01;3;safe;39;1;41;1,0
44;0,01;3;safe;40;1;41;1,0
44;0,01;3;safe;41;1;41;1,0
44;0,01;3;safe;42;1;41;1,0
44;0,01;3;safe;43;1;41;1,0
44;0,01;3;safe;44;1;41;1,0
44;0,01;3;safe;45;1;41;1,0
44;0,01;3;safe;46;1;41;1,0
44;0,01;3;safe;47;1;41;1,0
44;0,01;3;safe;48;1;41;1,0
44;0,01;3;safe;49;1;41;1,0
44;0,01;3;safe;50;1;41;1,0
44;0,01;3;safe;51;1;41;1,0
44;0,01;3;safe;52;1;41;1,0
44;0,01;3;safe;53;1;41;1,0
44;0,01;3;safe;54;1;41;1,0
44;0,01;3;safe;55;1;41;1,0
44;0,01;3;safe;56;1;41;1,0
44;0,01;3;safe;57;1;41;1,0
44;0,01;3;safe;58;1;41;1,0
44;0,01;3;safe;59;1;41;1,0
44;0,01;3;safe;60;1;41;1,0
44;0,01;3;safe;61;1;41;1,0
44;0,01;3;safe;62;1;41;1,0
44;0,01;3;safe;63;1;41;1,0
44;0,01;3;safe;64;1;41;1,0
44;0,01;3;safe;65;1;41;1,0
44;0,01;3;safe;66;1;41;1,0
44;0,01;3;safe;67;1;41;1,0
44;0,01;3;safe;68;1;41;1,0
44;0,01;3;safe;69;1;41;1,0
44;0,01;3;safe;70;1;41;1,0
44;0,01;3;safe;71;1;41;1,0
44;0,01;3;safe;72;1;41;1,0
44;0,01;3;safe;73;1;41;1,0
44;0,01;3;safe;74;1;41;1,0
44;0,01;3;safe;75;1;41;1,0
44;0,01;3;safe;76;1;41;1,0
44;0,01;3;safe;77;1;41;1,0
44;0,01;3;safe;78;1;41;1,0
44;0,01;3;safe;79;1;41;1,0
44;0,01;3;safe;80;1;41;1,0
44;0,01;3;safe;81;1;41;1,0
44;0,01;3;safe;82;1;41;1,0
44;0,01;3;safe;83;0;35;
44;0,01;3;safe;84;1;41;1,0
44;0,01;3;safe;85;1;41;1,0
44;0,01;3;safe;86;0;38;
44;0,01;3;safe;87;1;41;1,0
44;0,01;3;safe;88;0;38;
44;0,01;3;safe;89;1;41;1,0
44;0,01;3;safe;90;1;41;1,0
44;0,01;3;safe;91;1;41;1,0
44;0,01;3;safe;92;1;41;1,0
44;0,01;3;safe;93;1;41;1,0
44;0,01;3;safe;94;1;41;1,0
44;0,01;3;safe;95;1;41;1,0
44;0,01;3;safe;96;1;41;1,0
44;0,01;3;safe;97;1;41;1,0
44;0,01;3;safe;98;1;41;1,0
44;0,01;3;safe;99;1;41;1,0
44;0,01;3;safe;100;1;41;1,0
44;0,01;3;predictive;1;1;41;1,0
44;0,01;3;predictive;2;1;41;1,0
44;0,01;3;predictive;3;1;41;1,0
44;0,01;3;predictive;4;1;41;1,0
44;0,01;3;predictive;5;1;41;1,0
44;0,01;3;predictive;6;1;41;1,0
44;0,01;3;predictive;7;1;41;1,0
44;0,01;3;predictive;8;1;41;1,0
44;0,01;3;predictive;9;1;41;1,0
44;0,01;3;predictive;10;1;41;1,0
44;0,01;3;predictive;11;1;41;1,0
44;0,01;3;predictive;12;1;41;1,0
44;0,01;3;predictive;13;1;41;1,0
44;0,01;3;predictive;14;1;41;1,0
44;0,01;3;predictive;15;1;41;1,0
44;0,01;3;predictive;16;1;41;1,0
44;0,01;3;predictive;17;1;41;1,0
44;0,01;3;predictive;18;1;41;1,0
44;0,01;3;predictive;19;1;41;1,0
44;0,01;3;predictive;20;1;41;1,0
44;0,01;3;predictive;21;1;41;1,0
44;0,01;3;predictive;22;1;41;1,0
44;0,01;3;predictive;23;1;41;1,0
44;0,01;3;predictive;24;1;41;1,0
44;0,01;3;predictive;25;1;41;1,0
44;0,01;3;predictive;26;1;41;1,0
44;0,01;3;predictive;27;1;41;1,0
44;0,01;3;predictive;28;1;41;1,0
44;0,01;3;predictive;29;1;41;1,0
44;0,01;3;predictive;30;1;41;1,0
44;0,01;3;predictive;31;1;45;0,9111111111111111
44;0,01;3;predictive;32;1;41;1,0
44;0,01;3;predictive;33;1;41;1,0
44;0,01;3;predictive;34;1;41;1,0
44;0,01;3;predictive;35;1;41;1,0
44;0,01;3;predictive;36;1;48;0,8541666666666666
44;0,01;3;predictive;37;1;41;1,0
44;0,01;3;predictive;38;1;50;0,82
44;0,01;3;predictive;39;1;41;1,0
44;0,01;3;predictive;40;1;41;1,0
44;0,01;3;predictive;41;1;41;1,0
44;0,01;3;predictive;42;1;41;1,0
44;0,01;3;predictive;43;1;41;1,0
44;0,01;3;predictive;44;1;41;1,0
44;0,01;3;predictive;45;1;41;1,0
44;0,01;3;predictive;46;1;41;1,0
44;0,01;3;predictive;47;1;41;1,0
44;0,01;3;predictive;48;1;41;1,0
44;0,01;3;predictive;49;1;41;1,0
44;0,01;3;predictive;50;1;41;1,0
44;0,01;3;predictive;51;1;41;1,0
44;0,01;3;predictive;52;1;41;1,0
44;0,01;3;predictive;53;1;41;1,0
44;0,01;3;predictive;54;1;41;1,0
44;0,01;3;predictive;55;1;41;1,0
44;0,01;3;predictive;56;1;41;1,0
44;0,01;3;predictive;57;1;41;1,0
44;0,01;3;predictive;58;1;41;1,0
44;0,01;3;predictive;59;1;41;1,0
44;0,01;3;predictive;60;1;41;1,0
44;0,01;3;predictive;61;1;41;1,0
44;0,01;3;predictive;62;1;41;1,0
44;0,01;3;predictive;63;1;44;0,9318181818181818
44;0,01;3;predictive;64;1;41;1,0
44;0,01;3;predictive;65;1;41;1,0
44;0,01;3;predictive;66;1;41;1,0
44;0,01;3;predictive;67;1;41;1,0
44;0,01;3;predictive;68;1;98;0,41836734693877553
44;0,01;3;predictive;69;1;41;1,0
44;0,01;3;predictive;70;1;41;1,0
44;0,01;3;predictive;71;1;41;1,0
44;0,01;3;predictive;72;1;41;1,0
44;0,01;3;predictive;73;1;41;1,0
44;0,01;3;predictive;74;1;41;1,0
44;0,01;3;predictive;75;1;41;1,0
44;0,01;3;predictive;76;1;41;1,0
44;0,01;3;predictive;77;1;41;1,0
44;0,01;3;predictive;78;1;41;1,0
44;0,01;3;predictive;79;1;41;1,0
44;0,01;3;predictive;80;1;41;1,0
44;0,01;3;predictive;81;1;41;1,0
44;0,01;3;predictive;82;1;41;1,0
44;0,01;3;predictive;83;1;41;1,0
44;0,01;3;predictive;84;1;41;1,0
44;0,01;3;predictive;85;1;41;1,0
44;0,01;3;predictive;86;1;41;1,0
44;0,01;3;predictive;87;1;41;1,0
44;0,01;3;predictive;88;1;41;1,0
44;0,01;3;predictive;89;1;41;1,0
44;0,01;3;predictive;90;1;41;1,0
44;0,01;3;predictive;91;1;41;1,0
44;0,01;3;predictive;92;1;41;1,0
44;0,01;3;predictive;93;1;41;1,0
44;0,01;3;predictive;94;1;41;1,0
44;0,01;3;predictive;95;1;41;1,0
44;0,01;3;predictive;96;1;41;1,0
44;0,01;3;predictive;97;1;41;1,0
44;0,01;3;predictive;98;1;46;0,8913043478260869
44;0,01;3;predictive;99;1;41;1,0
44;0,01;3;predictive;100;1;41;1,0
44;0,02;1;shortest;1;1;59;1,0
44;0,02;1;shortest;2;1;59;1,0
44;0,02;1;shortest;3;1;59;1,0
44;0,02;1;shortest;4;1;59;1,0
44;0,02;1;shortest;5;1;59;1,0
44;0,02;1;shortest;6;1;59;1,0
44;0,02;1;shortest;7;1;59;1,0
44;0,02;1;shortest;8;1;59;1,0
44;0,02;1;shortest;9;1;59;1,0
44;0,02;1;shortest;10;1;59;1,0
44;0,02;1;shortest;11;1;59;1,0
44;0,02;1;shortest;12;1;59;1,0
44;0,02;1;shortest;13;1;59;1,0
44;0,02;1;shortest;14;1;59;1,0
44;0,02;1;shortest;15;1;59;1,0
44;0,02;1;shortest;16;1;59;1,0
44;0,02;1;shortest;17;1;59;1,0
44;0,02;1;shortest;18;1;59;1,0
44;0,02;1;shortest;19;1;59;1,0
44;0,02;1;shortest;20;1;59;1,0
44;0,02;1;shortest;21;0;58;
44;0,02;1;shortest;22;1;59;1,0
44;0,02;1;shortest;23;0;55;
44;0,02;1;shortest;24;1;59;1,0
44;0,02;1;shortest;25;1;59;1,0
44;0,02;1;shortest;26;1;59;1,0
44;0,02;1;shortest;27;1;59;1,0
44;0,02;1;shortest;28;1;59;1,0
44;0,02;1;shortest;29;1;59;1,0
44;0,02;1;shortest;30;1;59;1,0
44;0,02;1;shortest;31;1;59;1,0
44;0,02;1;shortest;32;1;59;1,0
44;0,02;1;shortest;33;1;59;1,0
44;0,02;1;shortest;34;1;59;1,0
44;0,02;1;shortest;35;1;59;1,0
44;0,02;1;shortest;36;0;56;
44;0,02;1;shortest;37;1;59;1,0
44;0,02;1;shortest;38;0;52;
44;0,02;1;shortest;39;1;59;1,0
44;0,02;1;shortest;40;0;53;
44;0,02;1;shortest;41;1;59;1,0
44;0,02;1;shortest;42;0;47;
44;0,02;1;shortest;43;0;57;
44;0,02;1;shortest;44;1;59;1,0
44;0,02;1;shortest;45;1;59;1,0
44;0,02;1;shortest;46;1;59;1,0
44;0,02;1;shortest;47;1;59;1,0
44;0,02;1;shortest;48;1;59;1,0
44;0,02;1;shortest;49;1;59;1,0
44;0,02;1;shortest;50;0;16;
44;0,02;1;shortest;51;1;59;1,0
44;0,02;1;shortest;52;1;59;1,0
44;0,02;1;shortest;53;1;59;1,0
44;0,02;1;shortest;54;0;56;
44;0,02;1;shortest;55;1;59;1,0
44;0,02;1;shortest;56;1;59;1,0
44;0,02;1;shortest;57;1;59;1,0
44;0,02;1;shortest;58;1;59;1,0
44;0,02;1;shortest;59;1;59;1,0
44;0,02;1;shortest;60;1;59;1,0
44;0,02;1;shortest;61;1;59;1,0
44;0,02;1;shortest;62;1;59;1,0
44;0,02;1;shortest;63;1;59;1,0
44;0,02;1;shortest;64;1;59;1,0
44;0,02;1;shortest;65;1;59;1,0
44;0,02;1;shortest;66;0;54;
44;0,02;1;shortest;67;1;59;1,0
44;0,02;1;shortest;68;0;54;
44;0,02;1;shortest;69;1;59;1,0
44;0,02;1;shortest;70;0;23;
44;0,02;1;shortest;71;0;16;
44;0,02;1;shortest;72;0;48;
44;0,02;1;shortest;73;1;59;1,0
44;0,02;1;shortest;74;1;59;1,0
44;0,02;1;shortest;75;1;59;1,0
44;0,02;1;shortest;76;1;59;1,0
44;0,02;1;shortest;77;1;59;1,0
44;0,02;1;shortest;78;1;59;1,0
44;0,02;1;shortest;79;1;59;1,0
44;0,02;1;shortest;80;1;59;1,0
44;0,02;1;shortest;81;1;59;1,0
44;0,02;1;shortest;82;1;59;1,0
44;0,02;1;shortest;83;1;59;1,0
44;0,02;1;shortest;84;0;16;
44;0,02;1;shortest;85;1;59;1,0
44;0,02;1;shortest;86;1;59;1,0
44;0,02;1;shortest;87;1;59;1,0
44;0,02;1;shortest;88;0;58;
44;0,02;1;shortest;89;0;57;
44;0,02;1;shortest;90;1;59;1,0
44;0,02;1;shortest;91;1;59;1,0
44;0,02;1;shortest;92;1;59;1,0
44;0,02;1;shortest;93;0;52;
44;0,02;1;shortest;94;1;59;1,0
44;0,02;1;shortest;95;0;57;
44;0,02;1;shortest;96;0;15;
44;0,02;1;shortest;97;1;59;1,0
44;0,02;1;shortest;98;1;59;1,0
44;0,02;1;shortest;99;1;59;1,0
44;0,02;1;shortest;100;1;59;1,0
44;0,02;1;safe;1;1;59;1,0
44;0,02;1;safe;2;1;59;1,0
44;0,02;1;safe;3;1;59;1,0
44;0,02;1;safe;4;1;59;1,0
44;0,02;1;safe;5;1;59;1,0
44;0,02;1;safe;6;1;59;1,0
44;0,02;1;safe;7;1;59;1,0
44;0,02;1;safe;8;1;59;1,0
44;0,02;1;safe;9;1;59;1,0
44;0,02;1;safe;10;1;59;1,0
44;0,02;1;safe;11;1;59;1,0
44;0,02;1;safe;12;1;59;1,0
44;0,02;1;safe;13;1;59;1,0
44;0,02;1;safe;14;1;59;1,0
44;0,02;1;safe;15;1;59;1,0
44;0,02;1;safe;16;1;59;1,0
44;0,02;1;safe;17;1;59;1,0
44;0,02;1;safe;18;1;59;1,0
44;0,02;1;safe;19;1;59;1,0
44;0,02;1;safe;20;1;59;1,0
44;0,02;1;safe;21;1;60;0,9833333333333333
44;0,02;1;safe;22;1;59;1,0
44;0,02;1;safe;23;1;59;1,0
44;0,02;1;safe;24;1;59;1,0
44;0,02;1;safe;25;1;59;1,0
44;0,02;1;safe;26;1;59;1,0
44;0,02;1;safe;27;1;59;1,0
44;0,02;1;safe;28;1;59;1,0
44;0,02;1;safe;29;1;59;1,0
44;0,02;1;safe;30;1;59;1,0
44;0,02;1;safe;31;1;59;1,0
44;0,02;1;safe;32;1;59;1,0
44;0,02;1;safe;33;1;59;1,0
44;0,02;1;safe;34;1;59;1,0
44;0,02;1;safe;35;1;59;1,0
44;0,02;1;safe;36;1;59;1,0
44;0,02;1;safe;37;1;59;1,0
44;0,02;1;safe;38;0;16;
44;0,02;1;safe;39;1;59;1,0
44;0,02;1;safe;40;0;55;
44;0,02;1;safe;41;1;59;1,0
44;0,02;1;safe;42;1;59;1,0
44;0,02;1;safe;43;1;59;1,0
44;0,02;1;safe;44;1;59;1,0
44;0,02;1;safe;45;1;59;1,0
44;0,02;1;safe;46;1;59;1,0
44;0,02;1;safe;47;1;59;1,0
44;0,02;1;safe;48;1;59;1,0
44;0,02;1;safe;49;0;53;
44;0,02;1;safe;50;1;59;1,0
44;0,02;1;safe;51;1;59;1,0
44;0,02;1;safe;52;1;59;1,0
44;0,02;1;safe;53;0;57;
44;0,02;1;safe;54;0;16;
44;0,02;1;safe;55;1;59;1,0
44;0,02;1;safe;56;1;59;1,0
44;0,02;1;safe;57;1;59;1,0
44;0,02;1;safe;58;0;55;
44;0,02;1;safe;59;1;59;1,0
44;0,02;1;safe;60;1;59;1,0
44;0,02;1;safe;61;0;14;
44;0,02;1;safe;62;1;59;1,0
44;0,02;1;safe;63;0;46;
44;0,02;1;safe;64;1;59;1,0
44;0,02;1;safe;65;1;59;1,0
44;0,02;1;safe;66;1;59;1,0
44;0,02;1;safe;67;0;57;
44;0,02;1;safe;68;0;57;
44;0,02;1;safe;69;1;59;1,0
44;0,02;1;safe;70;1;59;1,0
44;0,02;1;safe;71;1;59;1,0
44;0,02;1;safe;72;1;59;1,0
44;0,02;1;safe;73;1;59;1,0
44;0,02;1;safe;74;1;59;1,0
44;0,02;1;safe;75;1;59;1,0
44;0,02;1;safe;76;1;59;1,0
44;0,02;1;safe;77;1;59;1,0
44;0,02;1;safe;78;1;59;1,0
44;0,02;1;safe;79;0;25;
44;0,02;1;safe;80;1;59;1,0
44;0,02;1;safe;81;1;59;1,0
44;0,02;1;safe;82;1;59;1,0
44;0,02;1;safe;83;1;59;1,0
44;0,02;1;safe;84;1;59;1,0
44;0,02;1;safe;85;1;59;1,0
44;0,02;1;safe;86;1;59;1,0
44;0,02;1;safe;87;0;53;
44;0,02;1;safe;88;1;60;0,9833333333333333
44;0,02;1;safe;89;1;59;1,0
44;0,02;1;safe;90;1;59;1,0
44;0,02;1;safe;91;1;59;1,0
44;0,02;1;safe;92;1;60;0,9833333333333333
44;0,02;1;safe;93;1;59;1,0
44;0,02;1;safe;94;1;59;1,0
44;0,02;1;safe;95;1;59;1,0
44;0,02;1;safe;96;1;59;1,0
44;0,02;1;safe;97;1;59;1,0
44;0,02;1;safe;98;1;59;1,0
44;0,02;1;safe;99;1;59;1,0
44;0,02;1;safe;100;1;59;1,0
44;0,02;1;predictive;1;1;59;1,0
44;0,02;1;predictive;2;1;59;1,0
44;0,02;1;predictive;3;1;59;1,0
44;0,02;1;predictive;4;1;59;1,0
44;0,02;1;predictive;5;1;59;1,0
44;0,02;1;predictive;6;1;59;1,0
44;0,02;1;predictive;7;1;59;1,0
44;0,02;1;predictive;8;1;59;1,0
44;0,02;1;predictive;9;1;59;1,0
44;0,02;1;predictive;10;1;59;1,0
44;0,02;1;predictive;11;1;59;1,0
44;0,02;1;predictive;12;1;59;1,0
44;0,02;1;predictive;13;1;59;1,0
44;0,02;1;predictive;14;1;59;1,0
44;0,02;1;predictive;15;1;59;1,0
44;0,02;1;predictive;16;1;59;1,0
44;0,02;1;predictive;17;1;59;1,0
44;0,02;1;predictive;18;1;59;1,0
44;0,02;1;predictive;19;1;59;1,0
44;0,02;1;predictive;20;1;59;1,0
44;0,02;1;predictive;21;1;61;0,9672131147540983
44;0,02;1;predictive;22;1;59;1,0
44;0,02;1;predictive;23;1;59;1,0
44;0,02;1;predictive;24;0;74;
44;0,02;1;predictive;25;1;59;1,0
44;0,02;1;predictive;26;1;59;1,0
44;0,02;1;predictive;27;0;106;
44;0,02;1;predictive;28;1;59;1,0
44;0,02;1;predictive;29;1;59;1,0
44;0,02;1;predictive;30;1;59;1,0
44;0,02;1;predictive;31;1;59;1,0
44;0,02;1;predictive;32;1;59;1,0
44;0,02;1;predictive;33;0;28;
44;0,02;1;predictive;34;1;59;1,0
44;0,02;1;predictive;35;1;59;1,0
44;0,02;1;predictive;36;1;59;1,0
44;0,02;1;predictive;37;1;59;1,0
44;0,02;1;predictive;38;1;59;1,0
44;0,02;1;predictive;39;0;62;
44;0,02;1;predictive;40;1;64;0,921875
44;0,02;1;predictive;41;1;59;1,0
44;0,02;1;predictive;42;1;59;1,0
44;0,02;1;predictive;43;1;59;1,0
44;0,02;1;predictive;44;1;59;1,0
44;0,02;1;predictive;45;1;59;1,0
44;0,02;1;predictive;46;1;59;1,0
44;0,02;1;predictive;47;1;59;1,0
44;0,02;1;predictive;48;1;59;1,0
44;0,02;1;predictive;49;1;59;1,0
44;0,02;1;predictive;50;1;59;1,0
44;0,02;1;predictive;51;0;33;
44;0,02;1;predictive;52;1;59;1,0
44;0,02;1;predictive;53;1;61;0,9672131147540983
44;0,02;1;predictive;54;1;59;1,0
44;0,02;1;predictive;55;1;62;0,9516129032258065
44;0,02;1;predictive;56;1;63;0,9365079365079365
44;0,02;1;predictive;57;1;59;1,0
44;0,02;1;predictive;58;1;59;1,0
44;0,02;1;predictive;59;1;113;0,5221238938053098
44;0,02;1;predictive;60;1;59;1,0
44;0,02;1;predictive;61;1;163;0,3619631901840491
44;0,02;1;predictive;62;1;96;0,6145833333333334
44;0,02;1;predictive;63;1;59;1,0
44;0,02;1;predictive;64;1;59;1,0
44;0,02;1;predictive;65;1;59;1,0
44;0,02;1;predictive;66;1;59;1,0
44;0,02;1;predictive;67;1;59;1,0
44;0,02;1;predictive;68;1;59;1,0
44;0,02;1;predictive;69;1;110;0,5363636363636364
44;0,02;1;predictive;70;1;59;1,0
44;0,02;1;predictive;71;1;59;1,0
44;0,02;1;predictive;72;1;59;1,0
44;0,02;1;predictive;73;1;59;1,0
44;0,02;1;predictive;74;1;83;0,7108433734939759
44;0,02;1;predictive;75;1;59;1,0
44;0,02;1;predictive;76;1;59;1,0
44;0,02;1;predictive;77;1;59;1,0
44;0,02;1;predictive;78;1;59;1,0
44;0,02;1;predictive;79;1;59;1,0
44;0,02;1;predictive;80;1;61;0,9672131147540983
44;0,02;1;predictive;81;1;59;1,0
44;0,02;1;predictive;82;1;59;1,0
44;0,02;1;predictive;83;1;59;1,0
44;0,02;1;predictive;84;1;59;1,0
44;0,02;1;predictive;85;1;59;1,0
44;0,02;1;predictive;86;1;59;1,0
44;0,02;1;predictive;87;1;59;1,0
44;0,02;1;predictive;88;1;59;1,0
44;0,02;1;predictive;89;1;59;1,0
44;0,02;1;predictive;90;1;66;0,8939393939393939
44;0,02;1;predictive;91;1;59;1,0
44;0,02;1;predictive;92;1;59;1,0
44;0,02;1;predictive;93;1;59;1,0
44;0,02;1;predictive;94;1;192;0,3072916666666667
44;0,02;1;predictive;95;1;59;1,0
44;0,02;1;predictive;96;1;59;1,0
44;0,02;1;predictive;97;1;59;1,0
44;0,02;1;predictive;98;1;59;1,0
44;0,02;1;predictive;99;1;60;0,9833333333333333
44;0,02;1;predictive;100;1;59;1,0
44;0,02;2;shortest;1;1;55;1,0
44;0,02;2;shortest;2;1;55;1,0
44;0,02;2;shortest;3;1;55;1,0
44;0,02;2;shortest;4;1;55;1,0
44;0,02;2;shortest;5;1;55;1,0
44;0,02;2;shortest;6;0;48;
44;0,02;2;shortest;7;1;55;1,0
44;0,02;2;shortest;8;1;55;1,0
44;0,02;2;shortest;9;1;55;1,0
44;0,02;2;shortest;10;1;55;1,0
44;0,02;2;shortest;11;1;55;1,0
44;0,02;2;shortest;12;0;54;
44;0,02;2;shortest;13;1;55;1,0
44;0,02;2;shortest;14;1;55;1,0
44;0,02;2;shortest;15;1;55;1,0
44;0,02;2;shortest;16;1;55;1,0
44;0,02;2;shortest;17;1;55;1,0
44;0,02;2;shortest;18;1;55;1,0
44;0,02;2;shortest;19;1;55;1,0
44;0,02;2;shortest;20;1;55;1,0
44;0,02;2;shortest;21;1;55;1,0
44;0,02;2;shortest;22;0;46;
44;0,02;2;shortest;23;1;55;1,0
44;0,02;2;shortest;24;1;55;1,0
44;0,02;2;shortest;25;1;55;1,0
44;0,02;2;shortest;26;1;55;1,0
44;0,02;2;shortest;27;1;55;1,0
44;0,02;2;shortest;28;1;55;1,0
44;0,02;2;shortest;29;1;55;1,0
44;0,02;2;shortest;30;1;55;1,0
44;0,02;2;shortest;31;1;55;1,0
44;0,02;2;shortest;32;1;55;1,0
44;0,02;2;shortest;33;0;54;
44;0,02;2;shortest;34;1;55;1,0
44;0,02;2;shortest;35;1;55;1,0
44;0,02;2;shortest;36;1;55;1,0
44;0,02;2;shortest;37;1;55;1,0
44;0,02;2;shortest;38;1;55;1,0
44;0,02;2;shortest;39;1;55;1,0
44;0,02;2;shortest;40;1;55;1,0
44;0,02;2;shortest;41;1;55;1,0
44;0,02;2;shortest;42;1;55;1,0
44;0,02;2;shortest;43;1;55;1,0
44;0,02;2;shortest;44;1;55;1,0
44;0,02;2;shortest;45;1;55;1,0
44;0,02;2;shortest;46;1;55;1,0
44;0,02;2;shortest;47;1;55;1,0
44;0,02;2;shortest;48;1;55;1,0
44;0,02;2;shortest;49;1;55;1,0
44;0,02;2;shortest;50;1;55;1,0
44;0,02;2;shortest;51;1;55;1,0
44;0,02;2;shortest;52;1;55;1,0
44;0,02;2;shortest;53;1;55;1,0
44;0,02;2;shortest;54;1;55;1,0
44;0,02;2;shortest;55;1;55;1,0
44;0,02;2;shortest;56;1;55;1,0
44;0,02;2;shortest;57;1;55;1,0
44;0,02;2;shortest;58;1;55;1,0
44;0,02;2;shortest;59;1;55;1,0
44;0,02;2;shortest;60;1;55;1,0
44;0,02;2;shortest;61;1;55;1,0
44;0,02;2;shortest;62;1;55;1,0
44;0,02;2;shortest;63;1;55;1,0
44;0,02;2;shortest;64;1;55;1,0
44;0,02;2;shortest;65;1;55;1,0
44;0,02;2;shortest;66;1;55;1,0
44;0,02;2;shortest;67;1;55;1,0
44;0,02;2;shortest;68;1;55;1,0
44;0,02;2;shortest;69;1;55;1,0
44;0,02;2;shortest;70;1;55;1,0
44;0,02;2;shortest;71;1;55;1,0
44;0,02;2;shortest;72;1;55;1,0
44;0,02;2;shortest;73;1;55;1,0
44;0,02;2;shortest;74;1;55;1,0
44;0,02;2;shortest;75;1;55;1,0
44;0,02;2;shortest;76;1;55;1,0
44;0,02;2;shortest;77;0;19;
44;0,02;2;shortest;78;1;55;1,0
44;0,02;2;shortest;79;1;55;1,0
44;0,02;2;shortest;80;1;55;1,0
44;0,02;2;shortest;81;1;55;1,0
44;0,02;2;shortest;82;1;55;1,0
44;0,02;2;shortest;83;1;55;1,0
44;0,02;2;shortest;84;0;54;
44;0,02;2;shortest;85;1;55;1,0
44;0,02;2;shortest;86;1;55;1,0
44;0,02;2;shortest;87;1;55;1,0
44;0,02;2;shortest;88;1;55;1,0
44;0,02;2;shortest;89;1;55;1,0
44;0,02;2;shortest;90;0;51;
44;0,02;2;shortest;91;1;55;1,0
44;0,02;2;shortest;92;1;55;1,0
44;0,02;2;shortest;93;1;55;1,0
44;0,02;2;shortest;94;1;55;1,0
44;0,02;2;shortest;95;1;55;1,0
44;0,02;2;shortest;96;1;55;1,0
44;0,02;2;shortest;97;1;55;1,0
44;0,02;2;shortest;98;1;55;1,0
44;0,02;2;shortest;99;1;55;1,0
44;0,02;2;shortest;100;1;55;1,0
44;0,02;2;safe;1;1;55;1,0
44;0,02;2;safe;2;1;55;1,0
44;0,02;2;safe;3;1;55;1,0
44;0,02;2;safe;4;1;55;1,0
44;0,02;2;safe;5;1;55;1,0
44;0,02;2;safe;6;0;48;
44;0,02;2;safe;7;1;55;1,0
44;0,02;2;safe;8;1;55;1,0
44;0,02;2;safe;9;1;55;1,0
44;0,02;2;safe;10;0;51;
44;0,02;2;safe;11;1;56;0,9821428571428571
44;0,02;2;safe;12;1;55;1,0
44;0,02;2;safe;13;1;55;1,0
44;0,02;2;safe;14;1;55;1,0
44;0,02;2;safe;15;1;55;1,0
44;0,02;2;safe;16;1;55;1,0
44;0,02;2;safe;17;1;55;1,0
44;0,02;2;safe;18;1;55;1,0
44;0,02;2;safe;19;1;55;1,0
44;0,02;2;safe;20;1;55;1,0
44;0,02;2;safe;21;1;55;1,0
44;0,02;2;safe;22;1;55;1,0
44;0,02;2;safe;23;1;55;1,0
44;0,02;2;safe;24;1;55;1,0
44;0,02;2;safe;25;1;55;1,0
44;0,02;2;safe;26;1;55;1,0
44;0,02;2;safe;27;1;55;1,0
44;0,02;2;safe;28;1;55;1,0
44;0,02;2;safe;29;1;55;1,0
44;0,02;2;safe;30;1;55;1,0
44;0,02;2;safe;31;1;55;1,0
44;0,02;2;safe;32;1;55;1,0
44;0,02;2;safe;33;1;55;1,0
44;0,02;2;safe;34;1;55;1,0
44;0,02;2;safe;35;1;55;1,0
44;0,02;2;safe;36;1;55;1,0
44;0,02;2;safe;37;1;55;1,0
44;0,02;2;safe;38;0;53;
44;0,02;2;safe;39;1;55;1,0
44;0,02;2;safe;40;1;55;1,0
44;0,02;2;safe;41;0;48;
44;0,02;2;safe;42;1;55;1,0
44;0,02;2;safe;43;1;55;1,0
44;0,02;2;safe;44;1;55;1,0
44;0,02;2;safe;45;1;55;1,0
44;0,02;2;safe;46;1;55;1,0
44;0,02;2;safe;47;1;55;1,0
44;0,02;2;safe;48;1;55;1,0
44;0,02;2;safe;49;1;55;1,0
44;0,02;2;safe;50;1;55;1,0
44;0,02;2;safe;51;1;55;1,0
44;0,02;2;safe;52;1;55;1,0
44;0,02;2;safe;53;1;55;1,0
44;0,02;2;safe;54;1;55;1,0
44;0,02;2;safe;55;1;55;1,0
44;0,02;2;safe;56;1;55;1,0
44;0,02;2;safe;57;1;55;1,0
44;0,02;2;safe;58;1;55;1,0
44;0,02;2;safe;59;1;55;1,0
44;0,02;2;safe;60;1;55;1,0
44;0,02;2;safe;61;1;55;1,0
44;0,02;2;safe;62;1;55;1,0
44;0,02;2;safe;63;1;55;1,0
44;0,02;2;safe;64;1;55;1,0
44;0,02;2;safe;65;1;55;1,0
44;0,02;2;safe;66;1;55;1,0
44;0,02;2;safe;67;1;55;1,0
44;0,02;2;safe;68;1;55;1,0
44;0,02;2;safe;69;1;55;1,0
44;0,02;2;safe;70;1;55;1,0
44;0,02;2;safe;71;1;55;1,0
44;0,02;2;safe;72;1;55;1,0
44;0,02;2;safe;73;1;55;1,0
44;0,02;2;safe;74;1;55;1,0
44;0,02;2;safe;75;1;55;1,0
44;0,02;2;safe;76;1;55;1,0
44;0,02;2;safe;77;1;55;1,0
44;0,02;2;safe;78;0;19;
44;0,02;2;safe;79;1;55;1,0
44;0,02;2;safe;80;1;55;1,0
44;0,02;2;safe;81;1;55;1,0
44;0,02;2;safe;82;1;55;1,0
44;0,02;2;safe;83;1;55;1,0
44;0,02;2;safe;84;1;55;1,0
44;0,02;2;safe;85;0;54;
44;0,02;2;safe;86;1;55;1,0
44;0,02;2;safe;87;1;55;1,0
44;0,02;2;safe;88;1;55;1,0
44;0,02;2;safe;89;1;55;1,0
44;0,02;2;safe;90;1;55;1,0
44;0,02;2;safe;91;0;51;
44;0,02;2;safe;92;1;55;1,0
44;0,02;2;safe;93;1;55;1,0
44;0,02;2;safe;94;1;55;1,0
44;0,02;2;safe;95;1;55;1,0
44;0,02;2;safe;96;1;55;1,0
44;0,02;2;safe;97;1;55;1,0
44;0,02;2;safe;98;1;55;1,0
44;0,02;2;safe;99;1;55;1,0
44;0,02;2;safe;100;1;55;1,0
44;0,02;2;predictive;1;1;55;1,0
44;0,02;2;predictive;2;1;55;1,0
44;0,02;2;predictive;3;1;55;1,0
44;0,02;2;predictive;4;1;55;1,0
44;0,02;2;predictive;5;1;55;1,0
44;0,02;2;predictive;6;1;83;0,6626506024096386
44;0,02;2;predictive;7;1;55;1,0
44;0,02;2;predictive;8;1;55;1,0
44;0,02;2;predictive;9;1;55;1,0
44;0,02;2;predictive;10;1;55;1,0
44;0,02;2;predictive;11;1;55;1,0
44;0,02;2;predictive;12;1;58;0,9482758620689655
44;0,02;2;predictive;13;1;55;1,0
44;0,02;2;predictive;14;1;55;1,0
44;0,02;2;predictive;15;1;55;1,0
44;0,02;2;predictive;16;1;55;1,0
44;0,02;2;predictive;17;1;55;1,0
44;0,02;2;predictive;18;1;55;1,0
44;0,02;2;predictive;19;1;55;1,0
44;0,02;2;predictive;20;1;55;1,0
44;0,02;2;predictive;21;1;55;1,0
44;0,02;2;predictive;22;1;55;1,0
44;0,02;2;predictive;23;1;110;0,5
44;0,02;2;predictive;24;1;55;1,0
44;0,02;2;predictive;25;1;55;1,0
44;0,02;2;predictive;26;1;55;1,0
44;0,02;2;predictive;27;0;86;
44;0,02;2;predictive;28;1;55;1,0
44;0,02;2;predictive;29;1;55;1,0
44;0,02;2;predictive;30;1;82;0,6707317073170732
44;0,02;2;predictive;31;1;55;1,0
44;0,02;2;predictive;32;1;55;1,0
44;0,02;2;predictive;33;1;55;1,0
44;0,02;2;predictive;34;1;55;1,0
44;0,02;2;predictive;35;1;55;1,0
44;0,02;2;predictive;36;1;55;1,0
44;0,02;2;predictive;37;1;55;1,0
44;0,02;2;predictive;38;1;55;1,0
44;0,02;2;predictive;39;1;55;1,0
44;0,02;2;predictive;40;1;55;1,0
44;0,02;2;predictive;41;1;55;1,0
44;0,02;2;predictive;42;1;55;1,0
44;0,02;2;predictive;43;1;55;1,0
44;0,02;2;predictive;44;1;55;1,0
44;0,02;2;predictive;45;1;55;1,0
44;0,02;2;predictive;46;1;76;0,7236842105263158
44;0,02;2;predictive;47;1;68;0,8088235294117647
44;0,02;2;predictive;48;1;55;1,0
44;0,02;2;predictive;49;1;55;1,0
44;0,02;2;predictive;50;1;55;1,0
44;0,02;2;predictive;51;1;55;1,0
44;0,02;2;predictive;52;1;55;1,0
44;0,02;2;predictive;53;1;55;1,0
44;0,02;2;predictive;54;1;55;1,0
44;0,02;2;predictive;55;1;55;1,0
44;0,02;2;predictive;56;1;56;0,9821428571428571
44;0,02;2;predictive;57;1;55;1,0
44;0,02;2;predictive;58;1;55;1,0
44;0,02;2;predictive;59;1;55;1,0
44;0,02;2;predictive;60;1;55;1,0
44;0,02;2;predictive;61;1;55;1,0
44;0,02;2;predictive;62;1;55;1,0
44;0,02;2;predictive;63;1;55;1,0
44;0,02;2;predictive;64;1;55;1,0
44;0,02;2;predictive;65;1;55;1,0
44;0,02;2;predictive;66;1;55;1,0
44;0,02;2;predictive;67;1;55;1,0
44;0,02;2;predictive;68;1;55;1,0
44;0,02;2;predictive;69;1;55;1,0
44;0,02;2;predictive;70;1;79;0,6962025316455697
44;0,02;2;predictive;71;1;96;0,5729166666666666
44;0,02;2;predictive;72;1;55;1,0
44;0,02;2;predictive;73;1;55;1,0
44;0,02;2;predictive;74;1;113;0,48672566371681414
44;0,02;2;predictive;75;1;55;1,0
44;0,02;2;predictive;76;1;55;1,0
44;0,02;2;predictive;77;1;55;1,0
44;0,02;2;predictive;78;1;97;0,5670103092783505
44;0,02;2;predictive;79;1;55;1,0
44;0,02;2;predictive;80;1;55;1,0
44;0,02;2;predictive;81;1;55;1,0
44;0,02;2;predictive;82;1;55;1,0
44;0,02;2;predictive;83;1;55;1,0
44;0,02;2;predictive;84;1;55;1,0
44;0,02;2;predictive;85;1;55;1,0
44;0,02;2;predictive;86;1;55;1,0
44;0,02;2;predictive;87;1;119;0,46218487394957986
44;0,02;2;predictive;88;1;55;1,0
44;0,02;2;predictive;89;1;55;1,0
44;0,02;2;predictive;90;1;55;1,0
44;0,02;2;predictive;91;1;55;1,0
44;0,02;2;predictive;92;1;55;1,0
44;0,02;2;predictive;93;1;64;0,859375
44;0,02;2;predictive;94;1;55;1,0
44;0,02;2;predictive;95;1;55;1,0
44;0,02;2;predictive;96;1;55;1,0
44;0,02;2;predictive;97;1;55;1,0
44;0,02;2;predictive;98;1;55;1,0
44;0,02;2;predictive;99;1;55;1,0
44;0,02;2;predictive;100;1;55;1,0
44;0,02;3;shortest;1;1;41;1,0
44;0,02;3;shortest;2;1;41;1,0
44;0,02;3;shortest;3;1;41;1,0
44;0,02;3;shortest;4;1;41;1,0
44;0,02;3;shortest;5;1;41;1,0
44;0,02;3;shortest;6;1;41;1,0
44;0,02;3;shortest;7;1;41;1,0
44;0,02;3;shortest;8;1;41;1,0
44;0,02;3;shortest;9;1;41;1,0
44;0,02;3;shortest;10;1;41;1,0
44;0,02;3;shortest;11;1;41;1,0
44;0,02;3;shortest;12;1;41;1,0
44;0,02;3;shortest;13;1;41;1,0
44;0,02;3;shortest;14;1;41;1,0
44;0,02;3;shortest;15;1;41;1,0
44;0,02;3;shortest;16;1;41;1,0
44;0,02;3;shortest;17;1;41;1,0
44;0,02;3;shortest;18;1;41;1,0
44;0,02;3;shortest;19;1;41;1,0
44;0,02;3;shortest;20;1;41;1,0
44;0,02;3;shortest;21;1;41;1,0
44;0,02;3;shortest;22;1;41;1,0
44;0,02;3;shortest;23;1;41;1,0
44;0,02;3;shortest;24;1;41;1,0
44;0,02;3;shortest;25;1;41;1,0
44;0,02;3;shortest;26;1;41;1,0
44;0,02;3;shortest;27;1;41;1,0
44;0,02;3;shortest;28;0;38;
44;0,02;3;shortest;29;1;41;1,0
44;0,02;3;shortest;30;1;41;1,0
44;0,02;3;shortest;31;0;33;
44;0,02;3;shortest;32;1;41;1,0
44;0,02;3;shortest;33;1;41;1,0
44;0,02;3;shortest;34;1;41;1,0
44;0,02;3;shortest;35;1;41;1,0
44;0,02;3;shortest;36;1;41;1,0
44;0,02;3;shortest;37;1;41;1,0
44;0,02;3;shortest;38;1;41;1,0
44;0,02;3;shortest;39;1;41;1,0
44;0,02;3;shortest;40;1;41;1,0
44;0,02;3;shortest;41;1;41;1,0
44;0,02;3;shortest;42;1;41;1,0
44;0,02;3;shortest;43;1;41;1,0
44;0,02;3;shortest;44;1;41;1,0
44;0,02;3;shortest;45;1;41;1,0
44;0,02;3;shortest;46;1;41;1,0
44;0,02;3;shortest;47;1;41;1,0
44;0,02;3;shortest;48;1;41;1,0
44;0,02;3;shortest;49;1;41;1,0
44;0,02;3;shortest;50;1;41;1,0
44;0,02;3;shortest;51;1;41;1,0
44;0,02;3;shortest;52;1;41;1,0
44;0,02;3;shortest;53;0;39;
44;0,02;3;shortest;54;1;41;1,0
44;0,02;3;shortest;55;1;41;1,0
44;0,02;3;shortest;56;1;41;1,0
44;0,02;3;shortest;57;1;41;1,0
44;0,02;3;shortest;58;0;38;
44;0,02;3;shortest;59;1;41;1,0
44;0,02;3;shortest;60;1;41;1,0
44;0,02;3;shortest;61;1;41;1,0
44;0,02;3;shortest;62;1;41;1,0
44;0,02;3;shortest;63;1;41;1,0
44;0,02;3;shortest;64;1;41;1,0
44;0,02;3;shortest;65;1;41;1,0
44;0,02;3;shortest;66;1;41;1,0
44;0,02;3;shortest;67;1;41;1,0
44;0,02;3;shortest;68;1;41;1,0
44;0,02;3;shortest;69;1;41;1,0
44;0,02;3;shortest;70;1;41;1,0
44;0,02;3;shortest;71;1;41;1,0
44;0,02;3;shortest;72;1;41;1,0
44;0,02;3;shortest;73;1;41;1,0
44;0,02;3;shortest;74;1;41;1,0
44;0,02;3;shortest;75;1;41;1,0
44;0,02;3;shortest;76;1;41;1,0
44;0,02;3;shortest;77;1;41;1,0
44;0,02;3;shortest;78;1;41;1,0
44;0,02;3;shortest;79;1;41;1,0
44;0,02;3;shortest;80;0;38;
44;0,02;3;shortest;81;1;41;1,0
44;0,02;3;shortest;82;1;41;1,0
44;0,02;3;shortest;83;1;41;1,0
44;0,02;3;shortest;84;1;41;1,0
44;0,02;3;shortest;85;1;41;1,0
44;0,02;3;shortest;86;1;41;1,0
44;0,02;3;shortest;87;1;41;1,0
44;0,02;3;shortest;88;1;41;1,0
44;0,02;3;shortest;89;1;41;1,0
44;0,02;3;shortest;90;1;41;1,0
44;0,02;3;shortest;91;0;38;
44;0,02;3;shortest;92;1;41;1,0
44;0,02;3;shortest;93;1;41;1,0
44;0,02;3;shortest;94;1;41;1,0
44;0,02;3;shortest;95;1;41;1,0
44;0,02;3;shortest;96;1;41;1,0
44;0,02;3;shortest;97;1;41;1,0
44;0,02;3;shortest;98;1;41;1,0
44;0,02;3;shortest;99;1;41;1,0
44;0,02;3;shortest;100;1;41;1,0
44;0,02;3;safe;1;1;41;1,0
44;0,02;3;safe;2;1;41;1,0
44;0,02;3;safe;3;1;41;1,0
44;0,02;3;safe;4;1;41;1,0
44;0,02;3;safe;5;1;41;1,0
44;0,02;3;safe;6;1;41;1,0
44;0,02;3;safe;7;1;41;1,0
44;0,02;3;safe;8;1;41;1,0
44;0,02;3;safe;9;1;41;1,0
44;0,02;3;safe;10;1;41;1,0
44;0,02;3;safe;11;1;41;1,0
44;0,02;3;safe;12;1;41;1,0
44;0,02;3;safe;13;1;41;1,0
44;0,02;3;safe;14;1;41;1,0
44;0,02;3;safe;15;1;41;1,0
44;0,02;3;safe;16;1;41;1,0
44;0,02;3;safe;17;1;41;1,0
44;0,02;3;safe;18;1;41;1,0
44;0,02;3;safe;19;1;41;1,0
44;0,02;3;safe;20;1;41;1,0
44;0,02;3;safe;21;1;41;1,0
44;0,02;3;safe;22;1;41;1,0
44;0,02;3;safe;23;1;41;1,0
44;0,02;3;safe;24;1;41;1,0
44;0,02;3;safe;25;1;41;1,0
44;0,02;3;safe;26;1;41;1,0
44;0,02;3;safe;27;1;41;1,0
44;0,02;3;safe;28;0;38;
44;0,02;3;safe;29;1;41;1,0
44;0,02;3;safe;30;1;41;1,0
44;0,02;3;safe;31;0;33;
44;0,02;3;safe;32;1;41;1,0
44;0,02;3;safe;33;1;41;1,0
44;0,02;3;safe;34;1;41;1,0
44;0,02;3;safe;35;1;41;1,0
44;0,02;3;safe;36;1;41;1,0
44;0,02;3;safe;37;1;41;1,0
44;0,02;3;safe;38;1;41;1,0
44;0,02;3;safe;39;1;41;1,0
44;0,02;3;safe;40;0;38;
44;0,02;3;safe;41;1;41;1,0
44;0,02;3;safe;42;1;41;1,0
44;0,02;3;safe;43;1;41;1,0
44;0,02;3;safe;44;1;41;1,0
44;0,02;3;safe;45;1;41;1,0
44;0,02;3;safe;46;1;41;1,0
44;0,02;3;safe;47;1;41;1,0
44;0,02;3;safe;48;1;41;1,0
44;0,02;3;safe;49;1;41;1,0
44;0,02;3;safe;50;1;41;1,0
44;0,02;3;safe;51;1;41;1,0
44;0,02;3;safe;52;1;41;1,0
44;0,02;3;safe;53;1;41;1,0
44;0,02;3;safe;54;1;41;1,0
44;0,02;3;safe;55;1;41;1,0
44;0,02;3;safe;56;1;41;1,0
44;0,02;3;safe;57;1;41;1,0
44;0,02;3;safe;58;1;41;1,0
44;0,02;3;safe;59;1;41;1,0
44;0,02;3;safe;60;1;41;1,0
44;0,02;3;safe;61;1;41;1,0
44;0,02;3;safe;62;1;41;1,0
44;0,02;3;safe;63;1;41;1,0
44;0,02;3;safe;64;1;41;1,0
44;0,02;3;safe;65;1;41;1,0
44;0,02;3;safe;66;1;41;1,0
44;0,02;3;safe;67;1;41;1,0
44;0,02;3;safe;68;1;41;1,0
44;0,02;3;safe;69;1;41;1,0
44;0,02;3;safe;70;1;41;1,0
44;0,02;3;safe;71;1;41;1,0
44;0,02;3;safe;72;1;41;1,0
44;0,02;3;safe;73;1;41;1,0
44;0,02;3;safe;74;1;41;1,0
44;0,02;3;safe;75;1;41;1,0
44;0,02;3;safe;76;1;41;1,0
44;0,02;3;safe;77;1;41;1,0
44;0,02;3;safe;78;1;41;1,0
44;0,02;3;safe;79;1;41;1,0
44;0,02;3;safe;80;1;41;1,0
44;0,02;3;safe;81;1;41;1,0
44;0,02;3;safe;82;1;41;1,0
44;0,02;3;safe;83;1;41;1,0
44;0,02;3;safe;84;0;39;
44;0,02;3;safe;85;1;41;1,0
44;0,02;3;safe;86;1;41;1,0
44;0,02;3;safe;87;1;41;1,0
44;0,02;3;safe;88;1;41;1,0
44;0,02;3;safe;89;1;41;1,0
44;0,02;3;safe;90;1;41;1,0
44;0,02;3;safe;91;1;41;1,0
44;0,02;3;safe;92;1;41;1,0
44;0,02;3;safe;93;1;41;1,0
44;0,02;3;safe;94;1;41;1,0
44;0,02;3;safe;95;1;41;1,0
44;0,02;3;safe;96;1;41;1,0
44;0,02;3;safe;97;1;41;1,0
44;0,02;3;safe;98;1;41;1,0
44;0,02;3;safe;99;1;41;1,0
44;0,02;3;safe;100;1;41;1,0
44;0,02;3;predictive;1;1;41;1,0
44;0,02;3;predictive;2;1;41;1,0
44;0,02;3;predictive;3;1;41;1,0
44;0,02;3;predictive;4;1;41;1,0
44;0,02;3;predictive;5;1;41;1,0
44;0,02;3;predictive;6;1;41;1,0
44;0,02;3;predictive;7;1;41;1,0
44;0,02;3;predictive;8;1;41;1,0
44;0,02;3;predictive;9;1;41;1,0
44;0,02;3;predictive;10;1;41;1,0
44;0,02;3;predictive;11;1;41;1,0
44;0,02;3;predictive;12;1;41;1,0
44;0,02;3;predictive;13;1;41;1,0
44;0,02;3;predictive;14;1;41;1,0
44;0,02;3;predictive;15;1;41;1,0
44;0,02;3;predictive;16;1;41;1,0
44;0,02;3;predictive;17;1;41;1,0
44;0,02;3;predictive;18;1;41;1,0
44;0,02;3;predictive;19;1;41;1,0
44;0,02;3;predictive;20;1;41;1,0
44;0,02;3;predictive;21;1;41;1,0
44;0,02;3;predictive;22;1;41;1,0
44;0,02;3;predictive;23;1;41;1,0
44;0,02;3;predictive;24;1;41;1,0
44;0,02;3;predictive;25;1;41;1,0
44;0,02;3;predictive;26;1;41;1,0
44;0,02;3;predictive;27;1;41;1,0
44;0,02;3;predictive;28;1;48;0,8541666666666666
44;0,02;3;predictive;29;1;44;0,9318181818181818
44;0,02;3;predictive;30;1;41;1,0
44;0,02;3;predictive;31;1;41;1,0
44;0,02;3;predictive;32;1;41;1,0
44;0,02;3;predictive;33;1;41;1,0
44;0,02;3;predictive;34;1;44;0,9318181818181818
44;0,02;3;predictive;35;1;41;1,0
44;0,02;3;predictive;36;1;41;1,0
44;0,02;3;predictive;37;1;41;1,0
44;0,02;3;predictive;38;1;41;1,0
44;0,02;3;predictive;39;1;41;1,0
44;0,02;3;predictive;40;1;41;1,0
44;0,02;3;predictive;41;1;41;1,0
44;0,02;3;predictive;42;0;56;
44;0,02;3;predictive;43;1;41;1,0
44;0,02;3;predictive;44;1;41;1,0
44;0,02;3;predictive;45;1;41;1,0
44;0,02;3;predictive;46;1;41;1,0
44;0,02;3;predictive;47;1;41;1,0
44;0,02;3;predictive;48;1;41;1,0
44;0,02;3;predictive;49;1;41;1,0
44;0,02;3;predictive;50;1;41;1,0
44;0,02;3;predictive;51;1;41;1,0
44;0,02;3;predictive;52;1;41;1,0
44;0,02;3;predictive;53;1;41;1,0
44;0,02;3;predictive;54;1;41;1,0
44;0,02;3;predictive;55;1;41;1,0
44;0,02;3;predictive;56;1;41;1,0
44;0,02;3;predictive;57;1;41;1,0
44;0,02;3;predictive;58;1;41;1,0
44;0,02;3;predictive;59;1;41;1,0
44;0,02;3;predictive;60;1;41;1,0
44;0,02;3;predictive;61;1;41;1,0
44;0,02;3;predictive;62;1;41;1,0
44;0,02;3;predictive;63;1;41;1,0
44;0,02;3;predictive;64;1;41;1,0
44;0,02;3;predictive;65;1;41;1,0
44;0,02;3;predictive;66;1;41;1,0
44;0,02;3;predictive;67;1;41;1,0
44;0,02;3;predictive;68;1;41;1,0
44;0,02;3;predictive;69;1;41;1,0
44;0,02;3;predictive;70;1;41;1,0
44;0,02;3;predictive;71;1;41;1,0
44;0,02;3;predictive;72;1;41;1,0
44;0,02;3;predictive;73;1;41;1,0
44;0,02;3;predictive;74;1;41;1,0
44;0,02;3;predictive;75;1;41;1,0
44;0,02;3;predictive;76;1;41;1,0
44;0,02;3;predictive;77;1;41;1,0
44;0,02;3;predictive;78;1;41;1,0
44;0,02;3;predictive;79;1;41;1,0
44;0,02;3;predictive;80;1;41;1,0
44;0,02;3;predictive;81;1;41;1,0
44;0,02;3;predictive;82;1;45;0,9111111111111111
44;0,02;3;predictive;83;1;41;1,0
44;0,02;3;predictive;84;1;41;1,0
44;0,02;3;predictive;85;1;41;1,0
44;0,02;3;predictive;86;1;41;1,0
44;0,02;3;predictive;87;1;41;1,0
44;0,02;3;predictive;88;1;41;1,0
44;0,02;3;predictive;89;1;41;1,0
44;0,02;3;predictive;90;1;41;1,0
44;0,02;3;predictive;91;1;41;1,0
44;0,02;3;predictive;92;1;41;1,0
44;0,02;3;predictive;93;1;41;1,0
44;0,02;3;predictive;94;1;41;1,0
44;0,02;3;predictive;95;1;41;1,0
44;0,02;3;predictive;96;1;41;1,0
44;0,02;3;predictive;97;1;41;1,0
44;0,02;3;predictive;98;1;41;1,0
44;0,02;3;predictive;99;1;41;1,0
44;0,02;3;predictive;100;1;41;1,0
44;0,03;1;shortest;1;1;59;1,0
44;0,03;1;shortest;2;1;59;1,0
44;0,03;1;shortest;3;1;59;1,0
44;0,03;1;shortest;4;1;59;1,0
44;0,03;1;shortest;5;0;56;
44;0,03;1;shortest;6;1;59;1,0
44;0,03;1;shortest;7;1;59;1,0
44;0,03;1;shortest;8;1;59;1,0
44;0,03;1;shortest;9;0;55;
44;0,03;1;shortest;10;1;59;1,0
44;0,03;1;shortest;11;1;59;1,0
44;0,03;1;shortest;12;1;59;1,0
44;0,03;1;shortest;13;1;59;1,0
44;0,03;1;shortest;14;1;59;1,0
44;0,03;1;shortest;15;0;57;
44;0,03;1;shortest;16;1;59;1,0
44;0,03;1;shortest;17;1;59;1,0
44;0,03;1;shortest;18;1;59;1,0
44;0,03;1;shortest;19;0;15;
44;0,03;1;shortest;20;1;59;1,0
44;0,03;1;shortest;21;1;59;1,0
44;0,03;1;shortest;22;1;59;1,0
44;0,03;1;shortest;23;1;59;1,0
44;0,03;1;shortest;24;1;59;1,0
44;0,03;1;shortest;25;1;59;1,0
44;0,03;1;shortest;26;1;59;1,0
44;0,03;1;shortest;27;1;59;1,0
44;0,03;1;shortest;28;0;15;
44;0,03;1;shortest;29;0;15;
44;0,03;1;shortest;30;1;59;1,0
44;0,03;1;shortest;31;1;59;1,0
44;0,03;1;shortest;32;0;56;
44;0,03;1;shortest;33;1;59;1,0
44;0,03;1;shortest;34;1;59;1,0
44;0,03;1;shortest;35;1;59;1,0
44;0,03;1;shortest;36;1;59;1,0
44;0,03;1;shortest;37;0;16;
44;0,03;1;shortest;38;1;59;1,0
44;0,03;1;shortest;39;0;58;
44;0,03;1;shortest;40;1;59;1,0
44;0,03;1;shortest;41;1;59;1,0
44;0,03;1;shortest;42;0;57;
44;0,03;1;shortest;43;0;49;
44;0,03;1;shortest;44;1;59;1,0
44;0,03;1;shortest;45;1;59;1,0
44;0,03;1;shortest;46;1;59;1,0
44;0,03;1;shortest;47;0;58;
44;0,03;1;shortest;48;1;59;1,0
44;0,03;1;shortest;49;1;59;1,0
44;0,03;1;shortest;50;1;59;1,0
44;0,03;1;shortest;51;1;59;1,0
44;0,03;1;shortest;52;0;56;
44;0,03;1;shortest;53;1;59;1,0
44;0,03;1;shortest;54;0;55;
44;0,03;1;shortest;55;0;49;
44;0,03;1;shortest;56;1;59;1,0
44;0,03;1;shortest;57;0;16;
44;0,03;1;shortest;58;0;16;
44;0,03;1;shortest;59;1;59;1,0
44;0,03;1;shortest;60;1;59;1,0
44;0,03;1;shortest;61;1;59;1,0
44;0,03;1;shortest;62;1;59;1,0
44;0,03;1;shortest;63;0;19;
44;0,03;1;shortest;64;1;59;1,0
44;0,03;1;shortest;65;0;15;
44;0,03;1;shortest;66;1;59;1,0
44;0,03;1;shortest;67;0;51;
44;0,03;1;shortest;68;1;59;1,0
44;0,03;1;shortest;69;0;17;
44;0,03;1;shortest;70;1;59;1,0
44;0,03;1;shortest;71;1;59;1,0
44;0,03;1;shortest;72;1;59;1,0
44;0,03;1;shortest;73;0;16;
44;0,03;1;shortest;74;0;21;
44;0,03;1;shortest;75;1;59;1,0
44;0,03;1;shortest;76;1;59;1,0
44;0,03;1;shortest;77;0;56;
44;0,03;1;shortest;78;1;59;1,0
44;0,03;1;shortest;79;0;56;
44;0,03;1;shortest;80;1;59;1,0
44;0,03;1;shortest;81;1;59;1,0
44;0,03;1;shortest;82;0;16;
44;0,03;1;shortest;83;0;58;
44;0,03;1;shortest;84;1;59;1,0
44;0,03;1;shortest;85;1;59;1,0
44;0,03;1;shortest;86;1;59;1,0
44;0,03;1;shortest;87;0;16;
44;0,03;1;shortest;88;1;59;1,0
44;0,03;1;shortest;89;0;47;
44;0,03;1;shortest;90;0;53;
44;0,03;1;shortest;91;0;55;
44;0,03;1;shortest;92;1;59;1,0
44;0,03;1;shortest;93;1;59;1,0
44;0,03;1;shortest;94;1;59;1,0
44;0,03;1;shortest;95;1;59;1,0
44;0,03;1;shortest;96;0;55;
44;0,03;1;shortest;97;1;59;1,0
44;0,03;1;shortest;98;1;59;1,0
44;0,03;1;shortest;99;1;59;1,0
44;0,03;1;shortest;100;1;59;1,0
44;0,03;1;safe;1;1;59;1,0
44;0,03;1;safe;2;1;59;1,0
44;0,03;1;safe;3;1;59;1,0
44;0,03;1;safe;4;1;59;1,0
44;0,03;1;safe;5;0;56;
44;0,03;1;safe;6;1;59;1,0
44;0,03;1;safe;7;1;59;1,0
44;0,03;1;safe;8;1;59;1,0
44;0,03;1;safe;9;0;55;
44;0,03;1;safe;10;1;59;1,0
44;0,03;1;safe;11;1;59;1,0
44;0,03;1;safe;12;1;59;1,0
44;0,03;1;safe;13;1;59;1,0
44;0,03;1;safe;14;1;59;1,0
44;0,03;1;safe;15;0;57;
44;0,03;1;safe;16;1;59;1,0
44;0,03;1;safe;17;1;59;1,0
44;0,03;1;safe;18;1;59;1,0
44;0,03;1;safe;19;0;15;
44;0,03;1;safe;20;1;59;1,0
44;0,03;1;safe;21;1;59;1,0
44;0,03;1;safe;22;1;59;1,0
44;0,03;1;safe;23;1;59;1,0
44;0,03;1;safe;24;1;59;1,0
44;0,03;1;safe;25;1;59;1,0
44;0,03;1;safe;26;1;59;1,0
44;0,03;1;safe;27;1;59;1,0
44;0,03;1;safe;28;0;15;
44;0,03;1;safe;29;0;15;
44;0,03;1;safe;30;1;59;1,0
44;0,03;1;safe;31;1;59;1,0
44;0,03;1;safe;32;0;56;
44;0,03;1;safe;33;1;59;1,0
44;0,03;1;safe;34;1;59;1,0
44;0,03;1;safe;35;1;59;1,0
44;0,03;1;safe;36;1;59;1,0
44;0,03;1;safe;37;0;16;
44;0,03;1;safe;38;1;59;1,0
44;0,03;1;safe;39;0;58;
44;0,03;1;safe;40;1;59;1,0
44;0,03;1;safe;41;1;59;1,0
44;0,03;1;safe;42;0;57;
44;0,03;1;safe;43;1;59;1,0
44;0,03;1;safe;44;1;59;1,0
44;0,03;1;safe;45;1;59;1,0
44;0,03;1;safe;46;1;59;1,0
44;0,03;1;safe;47;0;55;
44;0,03;1;safe;48;1;59;1,0
44;0,03;1;safe;49;1;59;1,0
44;0,03;1;safe;50;0;48;
44;0,03;1;safe;51;1;59;1,0
44;0,03;1;safe;52;1;59;1,0
44;0,03;1;safe;53;1;59;1,0
44;0,03;1;safe;54;0;13;
44;0,03;1;safe;55;1;59;1,0
44;0,03;1;safe;56;0;14;
44;0,03;1;safe;57;0;20;
44;0,03;1;safe;58;1;59;1,0
44;0,03;1;safe;59;1;59;1,0
44;0,03;1;safe;60;1;59;1,0
44;0,03;1;safe;61;1;59;1,0
44;0,03;1;safe;62;1;59;1,0
44;0,03;1;safe;63;1;59;1,0
44;0,03;1;safe;64;1;59;1,0
44;0,03;1;safe;65;1;59;1,0
44;0,03;1;safe;66;1;59;1,0
44;0,03;1;safe;67;0;18;
44;0,03;1;safe;68;1;59;1,0
44;0,03;1;safe;69;1;59;1,0
44;0,03;1;safe;70;1;59;1,0
44;0,03;1;safe;71;1;59;1,0
44;0,03;1;safe;72;1;59;1,0
44;0,03;1;safe;73;1;59;1,0
44;0,03;1;safe;74;0;57;
44;0,03;1;safe;75;1;59;1,0
44;0,03;1;safe;76;0;52;
44;0,03;1;safe;77;0;53;
44;0,03;1;safe;78;1;59;1,0
44;0,03;1;safe;79;1;59;1,0
44;0,03;1;safe;80;1;59;1,0
44;0,03;1;safe;81;1;59;1,0
44;0,03;1;safe;82;1;59;1,0
44;0,03;1;safe;83;1;59;1,0
44;0,03;1;safe;84;1;59;1,0
44;0,03;1;safe;85;1;59;1,0
44;0,03;1;safe;86;1;59;1,0
44;0,03;1;safe;87;1;59;1,0
44;0,03;1;safe;88;1;59;1,0
44;0,03;1;safe;89;1;59;1,0
44;0,03;1;safe;90;1;59;1,0
44;0,03;1;safe;91;0;55;
44;0,03;1;safe;92;1;59;1,0
44;0,03;1;safe;93;1;59;1,0
44;0,03;1;safe;94;1;59;1,0
44;0,03;1;safe;95;1;59;1,0
44;0,03;1;safe;96;0;15;
44;0,03;1;safe;97;1;59;1,0
44;0,03;1;safe;98;0;58;
44;0,03;1;safe;99;1;59;1,0
44;0,03;1;safe;100;1;59;1,0
44;0,03;1;predictive;1;1;59;1,0
44;0,03;1;predictive;2;1;59;1,0
44;0,03;1;predictive;3;1;59;1,0
44;0,03;1;predictive;4;1;59;1,0
44;0,03;1;predictive;5;1;98;0,6020408163265306
44;0,03;1;predictive;6;1;59;1,0
44;0,03;1;predictive;7;1;59;1,0
44;0,03;1;predictive;8;1;59;1,0
44;0,03;1;predictive;9;1;180;0,3277777777777778
44;0,03;1;predictive;10;1;59;1,0
44;0,03;1;predictive;11;1;59;1,0
44;0,03;1;predictive;12;1;59;1,0
44;0,03;1;predictive;13;1;59;1,0
44;0,03;1;predictive;14;1;71;0,8309859154929577
44;0,03;1;predictive;15;1;80;0,7375
44;0,03;1;predictive;16;1;59;1,0
44;0,03;1;predictive;17;1;59;1,0
44;0,03;1;predictive;18;1;75;0,7866666666666666
44;0,03;1;predictive;19;1;59;1,0
44;0,03;1;predictive;20;1;59;1,0
44;0,03;1;predictive;21;1;59;1,0
44;0,03;1;predictive;22;1;59;1,0
44;0,03;1;predictive;23;1;59;1,0
44;0,03;1;predictive;24;1;60;0,9833333333333333
44;0,03;1;predictive;25;1;65;0,9076923076923077
44;0,03;1;predictive;26;1;86;0,686046511627907
44;0,03;1;predictive;27;1;59;1,0
44;0,03;1;predictive;28;1;59;1,0
44;0,03;1;predictive;29;1;59;1,0
44;0,03;1;predictive;30;1;73;0,8082191780821918
44;0,03;1;predictive;31;1;59;1,0
44;0,03;1;predictive;32;1;60;0,9833333333333333
44;0,03;1;predictive;33;1;66;0,8939393939393939
44;0,03;1;predictive;34;1;59;1,0
44;0,03;1;predictive;35;1;92;0,6413043478260869
44;0,03;1;predictive;36;1;113;0,5221238938053098
44;0,03;1;predictive;37;1;59;1,0
44;0,03;1;predictive;38;1;59;1,0
44;0,03;1;predictive;39;1;100;0,59
44;0,03;1;predictive;40;1;59;1,0
44;0,03;1;predictive;41;1;59;1,0
44;0,03;1;predictive;42;1;59;1,0
44;0,03;1;predictive;43;1;59;1,0
44;0,03;1;predictive;44;1;59;1,0
44;0,03;1;predictive;45;0;102;
44;0,03;1;predictive;46;1;59;1,0
44;0,03;1;predictive;47;1;59;1,0
44;0,03;1;predictive;48;1;59;1,0
44;0,03;1;predictive;49;1;59;1,0
44;0,03;1;predictive;50;1;59;1,0
44;0,03;1;predictive;51;1;59;1,0
44;0,03;1;predictive;52;1;59;1,0
44;0,03;1;predictive;53;1;59;1,0
44;0,03;1;predictive;54;1;59;1,0
44;0,03;1;predictive;55;1;59;1,0
44;0,03;1;predictive;56;1;59;1,0
44;0,03;1;predictive;57;1;139;0,4244604316546763
44;0,03;1;predictive;58;1;105;0,5619047619047619
44;0,03;1;predictive;59;1;70;0,8428571428571429
44;0,03;1;predictive;60;1;60;0,9833333333333333
44;0,03;1;predictive;61;1;59;1,0
44;0,03;1;predictive;62;1;59;1,0
44;0,03;1;predictive;63;1;59;1,0
44;0,03;1;predictive;64;1;59;1,0
44;0,03;1;predictive;65;1;59;1,0
44;0,03;1;predictive;66;1;135;0,43703703703703706
44;0,03;1;predictive;67;0;21;
44;0,03;1;predictive;68;1;59;1,0
44;0,03;1;predictive;69;1;59;1,0
44;0,03;1;predictive;70;1;74;0,7972972972972973
44;0,03;1;predictive;71;1;125;0,472
44;0,03;1;predictive;72;1;59;1,0
44;0,03;1;predictive;73;1;65;0,9076923076923077
44;0,03;1;predictive;74;1;76;0,7763157894736842
44;0,03;1;predictive;75;1;59;1,0
44;0,03;1;predictive;76;1;59;1,0
44;0,03;1;predictive;77;0;112;
44;0,03;1;predictive;78;1;59;1,0
44;0,03;1;predictive;79;1;65;0,9076923076923077
44;0,03;1;predictive;80;1;62;0,9516129032258065
44;0,03;1;predictive;81;1;59;1,0
44;0,03;1;predictive;82;1;59;1,0
44;0,03;1;predictive;83;1;59;1,0
44;0,03;1;predictive;84;1;59;1,0
44;0,03;1;predictive;85;1;59;1,0
44;0,03;1;predictive;86;1;59;1,0
44;0,03;1;predictive;87;1;59;1,0
44;0,03;1;predictive;88;1;59;1,0
44;0,03;1;predictive;89;1;119;0,4957983193277311
44;0,03;1;predictive;90;1;59;1,0
44;0,03;1;predictive;91;1;59;1,0
44;0,03;1;predictive;92;1;59;1,0
44;0,03;1;predictive;93;1;59;1,0
44;0,03;1;predictive;94;1;59;1,0
44;0,03;1;predictive;95;1;59;1,0
44;0,03;1;predictive;96;1;59;1,0
44;0,03;1;predictive;97;1;59;1,0
44;0,03;1;predictive;98;1;59;1,0
44;0,03;1;predictive;99;1;157;0,37579617834394907
44;0,03;1;predictive;100;0;81;
44;0,03;2;shortest;1;1;55;1,0
44;0,03;2;shortest;2;1;55;1,0
44;0,03;2;shortest;3;1;55;1,0
44;0,03;2;shortest;4;1;55;1,0
44;0,03;2;shortest;5;1;55;1,0
44;0,03;2;shortest;6;0;51;
44;0,03;2;shortest;7;1;55;1,0
44;0,03;2;shortest;8;1;55;1,0
44;0,03;2;shortest;9;1;55;1,0
44;0,03;2;shortest;10;0;44;
44;0,03;2;shortest;11;1;55;1,0
44;0,03;2;shortest;12;1;55;1,0
44;0,03;2;shortest;13;1;55;1,0
44;0,03;2;shortest;14;1;55;1,0
44;0,03;2;shortest;15;1;55;1,0
44;0,03;2;shortest;16;0;54;
44;0,03;2;shortest;17;1;55;1,0
44;0,03;2;shortest;18;1;55;1,0
44;0,03;2;shortest;19;1;55;1,0
44;0,03;2;shortest;20;0;51;
44;0,03;2;shortest;21;1;55;1,0
44;0,03;2;shortest;22;1;55;1,0
44;0,03;2;shortest;23;1;55;1,0
44;0,03;2;shortest;24;1;55;1,0
44;0,03;2;shortest;25;1;55;1,0
44;0,03;2;shortest;26;0;53;
44;0,03;2;shortest;27;1;55;1,0
44;0,03;2;shortest;28;0;52;
44;0,03;2;shortest;29;0;52;
44;0,03;2;shortest;30;1;55;1,0
44;0,03;2;shortest;31;1;55;1,0
44;0,03;2;shortest;32;1;55;1,0
44;0,03;2;shortest;33;1;55;1,0
44;0,03;2;shortest;34;1;55;1,0
44;0,03;2;shortest;35;1;55;1,0
44;0,03;2;shortest;36;1;55;1,0
44;0,03;2;shortest;37;1;55;1,0
44;0,03;2;shortest;38;1;55;1,0
44;0,03;2;shortest;39;0;45;
44;0,03;2;shortest;40;1;55;1,0
44;0,03;2;shortest;41;1;55;1,0
44;0,03;2;shortest;42;1;55;1,0
44;0,03;2;shortest;43;1;55;1,0
44;0,03;2;shortest;44;1;55;1,0
44;0,03;2;shortest;45;1;55;1,0
44;0,03;2;shortest;46;1;55;1,0
44;0,03;2;shortest;47;1;55;1,0
44;0,03;2;shortest;48;1;55;1,0
44;0,03;2;shortest;49;1;55;1,0
44;0,03;2;shortest;50;1;55;1,0
44;0,03;2;shortest;51;1;55;1,0
44;0,03;2;shortest;52;1;55;1,0
44;0,03;2;shortest;53;1;55;1,0
44;0,03;2;shortest;54;1;55;1,0
44;0,03;2;shortest;55;1;55;1,0
44;0,03;2;shortest;56;1;55;1,0
44;0,03;2;shortest;57;1;55;1,0
44;0,03;2;shortest;58;1;55;1,0
44;0,03;2;shortest;59;1;55;1,0
44;0,03;2;shortest;60;1;55;1,0
44;0,03;2;shortest;61;1;55;1,0
44;0,03;2;shortest;62;1;55;1,0
44;0,03;2;shortest;63;1;55;1,0
44;0,03;2;shortest;64;1;55;1,0
44;0,03;2;shortest;65;1;55;1,0
44;0,03;2;shortest;66;0;40;
44;0,03;2;shortest;67;1;55;1,0
44;0,03;2;shortest;68;1;55;1,0
44;0,03;2;shortest;69;1;55;1,0
44;0,03;2;shortest;70;1;55;1,0
44;0,03;2;shortest;71;1;55;1,0
44;0,03;2;shortest;72;0;47;
44;0,03;2;shortest;73;1;55;1,0
44;0,03;2;shortest;74;1;55;1,0
44;0,03;2;shortest;75;0;52;
44;0,03;2;shortest;76;0;54;
44;0,03;2;shortest;77;0;53;
44;0,03;2;shortest;78;0;51;
44;0,03;2;shortest;79;1;55;1,0
44;0,03;2;shortest;80;1;55;1,0
44;0,03;2;shortest;81;1;55;1,0
44;0,03;2;shortest;82;1;55;1,0
44;0,03;2;shortest;83;1;55;1,0
44;0,03;2;shortest;84;1;55;1,0
44;0,03;2;shortest;85;1;55;1,0
44;0,03;2;shortest;86;1;55;1,0
44;0,03;2;shortest;87;1;55;1,0
44;0,03;2;shortest;88;1;55;1,0
44;0,03;2;shortest;89;1;55;1,0
44;0,03;2;shortest;90;1;55;1,0
44;0,03;2;shortest;91;1;55;1,0
44;0,03;2;shortest;92;0;49;
44;0,03;2;shortest;93;0;48;
44;0,03;2;shortest;94;1;55;1,0
44;0,03;2;shortest;95;0;52;
44;0,03;2;shortest;96;1;55;1,0
44;0,03;2;shortest;97;1;55;1,0
44;0,03;2;shortest;98;1;55;1,0
44;0,03;2;shortest;99;1;55;1,0
44;0,03;2;shortest;100;1;55;1,0
44;0,03;2;safe;1;1;55;1,0
44;0,03;2;safe;2;1;55;1,0
44;0,03;2;safe;3;1;55;1,0
44;0,03;2;safe;4;1;55;1,0
44;0,03;2;safe;5;1;55;1,0
44;0,03;2;safe;6;0;51;
44;0,03;2;safe;7;1;55;1,0
44;0,03;2;safe;8;1;55;1,0
44;0,03;2;safe;9;1;55;1,0
44;0,03;2;safe;10;0;44;
44;0,03;2;safe;11;1;55;1,0
44;0,03;2;safe;12;1;55;1,0
44;0,03;2;safe;13;1;55;1,0
44;0,03;2;safe;14;1;55;1,0
44;0,03;2;safe;15;1;55;1,0
44;0,03;2;safe;16;0;54;
44;0,03;2;safe;17;1;55;1,0
44;0,03;2;safe;18;1;55;1,0
44;0,03;2;safe;19;1;55;1,0
44;0,03;2;safe;20;1;56;0,9821428571428571
44;0,03;2;safe;21;1;56;0,9821428571428571
44;0,03;2;safe;22;1;55;1,0
44;0,03;2;safe;23;1;55;1,0
44;0,03;2;safe;24;0;53;
44;0,03;2;safe;25;0;50;
44;0,03;2;safe;26;1;55;1,0
44;0,03;2;safe;27;1;55;1,0
44;0,03;2;safe;28;0;53;
44;0,03;2;safe;29;1;55;1,0
44;0,03;2;safe;30;1;55;1,0
44;0,03;2;safe;31;1;55;1,0
44;0,03;2;safe;32;1;55;1,0
44;0,03;2;safe;33;1;55;1,0
44;0,03;2;safe;34;1;55;1,0
44;0,03;2;safe;35;1;55;1,0
44;0,03;2;safe;36;1;55;1,0
44;0,03;2;safe;37;0;51;
44;0,03;2;safe;38;1;55;1,0
44;0,03;2;safe;39;0;49;
44;0,03;2;safe;40;1;55;1,0
44;0,03;2;safe;41;1;55;1,0
44;0,03;2;safe;42;0;52;
44;0,03;2;safe;43;1;55;1,0
44;0,03;2;safe;44;0;50;
44;0,03;2;safe;45;1;55;1,0
44;0,03;2;safe;46;1;55;1,0
44;0,03;2;safe;47;0;47;
44;0,03;2;safe;48;1;55;1,0
44;0,03;2;safe;49;1;55;1,0
44;0,03;2;safe;50;0;50;
44;0,03;2;safe;51;1;55;1,0
44;0,03;2;safe;52;1;55;1,0
44;0,03;2;safe;53;1;55;1,0
44;0,03;2;safe;54;1;55;1,0
44;0,03;2;safe;55;1;55;1,0
44;0,03;2;safe;56;1;55;1,0
44;0,03;2;safe;57;1;55;1,0
44;0,03;2;safe;58;1;55;1,0
44;0,03;2;safe;59;1;55;1,0
44;0,03;2;safe;60;1;55;1,0
44;0,03;2;safe;61;0;48;
44;0,03;2;safe;62;1;55;1,0
44;0,03;2;safe;63;0;53;
44;0,03;2;safe;64;1;55;1,0
44;0,03;2;safe;65;0;48;
44;0,03;2;safe;66;1;55;1,0
44;0,03;2;safe;67;1;55;1,0
44;0,03;2;safe;68;1;55;1,0
44;0,03;2;safe;69;1;55;1,0
44;0,03;2;safe;70;1;55;1,0
44;0,03;2;safe;71;1;55;1,0
44;0,03;2;safe;72;1;55;1,0
44;0,03;2;safe;73;1;55;1,0
44;0,03;2;safe;74;1;55;1,0
44;0,03;2;safe;75;1;55;1,0
44;0,03;2;safe;76;0;49;
44;0,03;2;safe;77;1;55;1,0
44;0,03;2;safe;78;0;27;
44;0,03;2;safe;79;1;55;1,0
44;0,03;2;safe;80;1;55;1,0
44;0,03;2;safe;81;1;55;1,0
44;0,03;2;safe;82;1;55;1,0
44;0,03;2;safe;83;1;55;1,0
44;0,03;2;safe;84;1;55;1,0
44;0,03;2;safe;85;1;55;1,0
44;0,03;2;safe;86;1;55;1,0
44;0,03;2;safe;87;1;55;1,0
44;0,03;2;safe;88;1;55;1,0
44;0,03;2;safe;89;1;55;1,0
44;0,03;2;safe;90;1;55;1,0
44;0,03;2;safe;91;1;55;1,0
44;0,03;2;safe;92;1;55;1,0
44;0,03;2;safe;93;1;55;1,0
44;0,03;2;safe;94;1;56;0,9821428571428571
44;0,03;2;safe;95;1;55;1,0
44;0,03;2;safe;96;1;55;1,0
44;0,03;2;safe;97;0;46;
44;0,03;2;safe;98;1;55;1,0
44;0,03;2;safe;99;1;55;1,0
44;0,03;2;safe;100;1;55;1,0
44;0,03;2;predictive;1;1;55;1,0
44;0,03;2;predictive;2;1;55;1,0
44;0,03;2;predictive;3;1;55;1,0
44;0,03;2;predictive;4;1;55;1,0
44;0,03;2;predictive;5;1;55;1,0
44;0,03;2;predictive;6;1;58;0,9482758620689655
44;0,03;2;predictive;7;1;55;1,0
44;0,03;2;predictive;8;0;148;
44;0,03;2;predictive;9;1;55;1,0
44;0,03;2;predictive;10;1;55;1,0
44;0,03;2;predictive;11;1;55;1,0
44;0,03;2;predictive;12;1;55;1,0
44;0,03;2;predictive;13;1;55;1,0
44;0,03;2;predictive;14;1;62;0,8870967741935484
44;0,03;2;predictive;15;1;55;1,0
44;0,03;2;predictive;16;1;122;0,45081967213114754
44;0,03;2;predictive;17;1;55;1,0
44;0,03;2;predictive;18;1;55;1,0
44;0,03;2;predictive;19;1;55;1,0
44;0,03;2;predictive;20;0;129;
44;0,03;2;predictive;21;1;55;1,0
44;0,03;2;predictive;22;1;55;1,0
44;0,03;2;predictive;23;1;55;1,0
44;0,03;2;predictive;24;1;55;1,0
44;0,03;2;predictive;25;1;55;1,0
44;0,03;2;predictive;26;1;55;1,0
44;0,03;2;predictive;27;1;55;1,0
44;0,03;2;predictive;28;1;55;1,0
44;0,03;2;predictive;29;1;55;1,0
44;0,03;2;predictive;30;1;55;1,0
44;0,03;2;predictive;31;1;55;1,0
44;0,03;2;predictive;32;1;55;1,0
44;0,03;2;predictive;33;1;55;1,0
44;0,03;2;predictive;34;0;85;
44;0,03;2;predictive;35;1;55;1,0
44;0,03;2;predictive;36;1;55;1,0
44;0,03;2;predictive;37;1;59;0,9322033898305084
44;0,03;2;predictive;38;1;55;1,0
44;0,03;2;predictive;39;1;55;1,0
44;0,03;2;predictive;40;1;55;1,0
44;0,03;2;predictive;41;1;55;1,0
44;0,03;2;predictive;42;1;55;1,0
44;0,03;2;predictive;43;1;55;1,0
44;0,03;2;predictive;44;1;78;0,7051282051282052
44;0,03;2;predictive;45;1;55;1,0
44;0,03;2;predictive;46;1;55;1,0
44;0,03;2;predictive;47;1;55;1,0
44;0,03;2;predictive;48;1;55;1,0
44;0,03;2;predictive;49;1;55;1,0
44;0,03;2;predictive;50;1;70;0,7857142857142857
44;0,03;2;predictive;51;1;55;1,0
44;0,03;2;predictive;52;1;55;1,0
44;0,03;2;predictive;53;1;56;0,9821428571428571
44;0,03;2;predictive;54;1;55;1,0
44;0,03;2;predictive;55;1;55;1,0
44;0,03;2;predictive;56;1;61;0,9016393442622951
44;0,03;2;predictive;57;1;55;1,0
44;0,03;2;predictive;58;1;55;1,0
44;0,03;2;predictive;59;1;55;1,0
44;0,03;2;predictive;60;1;55;1,0
44;0,03;2;predictive;61;1;55;1,0
44;0,03;2;predictive;62;1;55;1,0
44;0,03;2;predictive;63;1;161;0,3416149068322981
44;0,03;2;predictive;64;1;55;1,0
44;0,03;2;predictive;65;1;55;1,0
44;0,03;2;predictive;66;1;55;1,0
44;0,03;2;predictive;67;1;55;1,0
44;0,03;2;predictive;68;1;55;1,0
44;0,03;2;predictive;69;1;55;1,0
44;0,03;2;predictive;70;1;100;0,55
44;0,03;2;predictive;71;1;55;1,0
44;0,03;2;predictive;72;1;190;0,2894736842105263
44;0,03;2;predictive;73;1;55;1,0
44;0,03;2;predictive;74;1;55;1,0
44;0,03;2;predictive;75;1;64;0,859375
44;0,03;2;predictive;76;0;99;
44;0,03;2;predictive;77;1;55;1,0
44;0,03;2;predictive;78;1;55;1,0
44;0,03;2;predictive;79;1;78;0,7051282051282052
44;0,03;2;predictive;80;1;55;1,0
44;0,03;2;predictive;81;1;94;0,5851063829787234
44;0,03;2;predictive;82;1;55;1,0
44;0,03;2;predictive;83;1;55;1,0
44;0,03;2;predictive;84;1;55;1,0
44;0,03;2;predictive;85;1;55;1,0
44;0,03;2;predictive;86;1;55;1,0
44;0,03;2;predictive;87;1;88;0,625
44;0,03;2;predictive;88;1;70;0,7857142857142857
44;0,03;2;predictive;89;1;55;1,0
44;0,03;2;predictive;90;1;108;0,5092592592592593
44;0,03;2;predictive;91;1;55;1,0
44;0,03;2;predictive;92;1;55;1,0
44;0,03;2;predictive;93;1;55;1,0
44;0,03;2;predictive;94;1;55;1,0
44;0,03;2;predictive;95;1;55;1,0
44;0,03;2;predictive;96;1;55;1,0
44;0,03;2;predictive;97;1;83;0,6626506024096386
44;0,03;2;predictive;98;1;55;1,0
44;0,03;2;predictive;99;1;55;1,0
44;0,03;2;predictive;100;1;55;1,0
44;0,03;3;shortest;1;0;38;
44;0,03;3;shortest;2;1;41;1,0
44;0,03;3;shortest;3;1;41;1,0
44;0,03;3;shortest;4;1;41;1,0
44;0,03;3;shortest;5;0;38;
44;0,03;3;shortest;6;0;38;
44;0,03;3;shortest;7;1;41;1,0
44;0,03;3;shortest;8;0;38;
44;0,03;3;shortest;9;1;41;1,0
44;0,03;3;shortest;10;1;41;1,0
44;0,03;3;shortest;11;1;41;1,0
44;0,03;3;shortest;12;0;40;
44;0,03;3;shortest;13;1;41;1,0
44;0,03;3;shortest;14;1;41;1,0
44;0,03;3;shortest;15;1;41;1,0
44;0,03;3;shortest;16;1;41;1,0
44;0,03;3;shortest;17;1;41;1,0
44;0,03;3;shortest;18;1;41;1,0
44;0,03;3;shortest;19;0;37;
44;0,03;3;shortest;20;1;41;1,0
44;0,03;3;shortest;21;1;41;1,0
44;0,03;3;shortest;22;1;41;1,0
44;0,03;3;shortest;23;1;41;1,0
44;0,03;3;shortest;24;1;41;1,0
44;0,03;3;shortest;25;1;41;1,0
44;0,03;3;shortest;26;1;41;1,0
44;0,03;3;shortest;27;1;41;1,0
44;0,03;3;shortest;28;1;41;1,0
44;0,03;3;shortest;29;1;41;1,0
44;0,03;3;shortest;30;1;41;1,0
44;0,03;3;shortest;31;0;39;
44;0,03;3;shortest;32;1;41;1,0
44;0,03;3;shortest;33;1;41;1,0
44;0,03;3;shortest;34;1;41;1,0
44;0,03;3;shortest;35;1;41;1,0
44;0,03;3;shortest;36;1;41;1,0
44;0,03;3;shortest;37;1;41;1,0
44;0,03;3;shortest;38;1;41;1,0
44;0,03;3;shortest;39;1;41;1,0
44;0,03;3;shortest;40;0;39;
44;0,03;3;shortest;41;1;41;1,0
44;0,03;3;shortest;42;1;41;1,0
44;0,03;3;shortest;43;1;41;1,0
44;0,03;3;shortest;44;1;41;1,0
44;0,03;3;shortest;45;1;41;1,0
44;0,03;3;shortest;46;1;41;1,0
44;0,03;3;shortest;47;1;41;1,0
44;0,03;3;shortest;48;1;41;1,0
44;0,03;3;shortest;49;1;41;1,0
44;0,03;3;shortest;50;1;41;1,0
44;0,03;3;shortest;51;1;41;1,0
44;0,03;3;shortest;52;1;41;1,0
44;0,03;3;shortest;53;1;41;1,0
44;0,03;3;shortest;54;1;41;1,0
44;0,03;3;shortest;55;1;41;1,0
44;0,03;3;shortest;56;1;41;1,0
44;0,03;3;shortest;57;1;41;1,0
44;0,03;3;shortest;58;1;41;1,0
44;0,03;3;shortest;59;1;41;1,0
44;0,03;3;shortest;60;1;41;1,0
44;0,03;3;shortest;61;1;41;1,0
44;0,03;3;shortest;62;1;41;1,0
44;0,03;3;shortest;63;1;41;1,0
44;0,03;3;shortest;64;1;41;1,0
44;0,03;3;shortest;65;1;41;1,0
44;0,03;3;shortest;66;1;41;1,0
44;0,03;3;shortest;67;1;41;1,0
44;0,03;3;shortest;68;1;41;1,0
44;0,03;3;shortest;69;1;41;1,0
44;0,03;3;shortest;70;1;41;1,0
44;0,03;3;shortest;71;1;41;1,0
44;0,03;3;shortest;72;1;41;1,0
44;0,03;3;shortest;73;1;41;1,0
44;0,03;3;shortest;74;0;40;
44;0,03;3;shortest;75;1;41;1,0
44;0,03;3;shortest;76;1;41;1,0
44;0,03;3;shortest;77;1;41;1,0
44;0,03;3;shortest;78;1;41;1,0
44;0,03;3;shortest;79;1;41;1,0
44;0,03;3;shortest;80;1;41;1,0
44;0,03;3;shortest;81;1;41;1,0
44;0,03;3;shortest;82;1;41;1,0
44;0,03;3;shortest;83;1;41;1,0
44;0,03;3;shortest;84;1;41;1,0
44;0,03;3;shortest;85;1;41;1,0
44;0,03;3;shortest;86;1;41;1,0
44;0,03;3;shortest;87;1;41;1,0
44;0,03;3;shortest;88;1;41;1,0
44;0,03;3;shortest;89;1;41;1,0
44;0,03;3;shortest;90;1;41;1,0
44;0,03;3;shortest;91;1;41;1,0
44;0,03;3;shortest;92;1;41;1,0
44;0,03;3;shortest;93;1;41;1,0
44;0,03;3;shortest;94;1;41;1,0
44;0,03;3;shortest;95;1;41;1,0
44;0,03;3;shortest;96;1;41;1,0
44;0,03;3;shortest;97;1;41;1,0
44;0,03;3;shortest;98;1;41;1,0
44;0,03;3;shortest;99;1;41;1,0
44;0,03;3;shortest;100;1;41;1,0
44;0,03;3;safe;1;1;42;0,9761904761904762
44;0,03;3;safe;2;1;41;1,0
44;0,03;3;safe;3;1;41;1,0
44;0,03;3;safe;4;0;39;
44;0,03;3;safe;5;1;41;1,0
44;0,03;3;safe;6;1;41;1,0
44;0,03;3;safe;7;1;41;1,0
44;0,03;3;safe;8;1;41;1,0
44;0,03;3;safe;9;1;41;1,0
44;0,03;3;safe;10;1;41;1,0
44;0,03;3;safe;11;1;41;1,0
44;0,03;3;safe;12;1;41;1,0
44;0,03;3;safe;13;1;41;1,0
44;0,03;3;safe;14;1;41;1,0
44;0,03;3;safe;15;1;41;1,0
44;0,03;3;safe;16;1;41;1,0
44;0,03;3;safe;17;1;41;1,0
44;0,03;3;safe;18;1;41;1,0
44;0,03;3;safe;19;1;41;1,0
44;0,03;3;safe;20;1;41;1,0
44;0,03;3;safe;21;1;41;1,0
44;0,03;3;safe;22;1;41;1,0
44;0,03;3;safe;23;1;41;1,0
44;0,03;3;safe;24;1;41;1,0
44;0,03;3;safe;25;1;41;1,0
44;0,03;3;safe;26;1;41;1,0
44;0,03;3;safe;27;1;41;1,0
44;0,03;3;safe;28;0;31;
44;0,03;3;safe;29;1;41;1,0
44;0,03;3;safe;30;0;38;
44;0,03;3;safe;31;1;41;1,0
44;0,03;3;safe;32;1;41;1,0
44;0,03;3;safe;33;1;41;1,0
44;0,03;3;safe;34;1;41;1,0
44;0,03;3;safe;35;1;41;1,0
44;0,03;3;safe;36;1;41;1,0
44;0,03;3;safe;37;1;41;1,0
44;0,03;3;safe;38;0;39;
44;0,03;3;safe;39;1;41;1,0
44;0,03;3;safe;40;0;38;
44;0,03;3;safe;41;1;41;1,0
44;0,03;3;safe;42;1;41;1,0
44;0,03;3;safe;43;1;41;1,0
44;0,03;3;safe;44;0;38;
44;0,03;3;safe;45;1;41;1,0
44;0,03;3;safe;46;1;41;1,0
44;0,03;3;safe;47;1;41;1,0
44;0,03;3;safe;48;1;41;1,0
44;0,03;3;safe;49;0;30;
44;0,03;3;safe;50;1;41;1,0
44;0,03;3;safe;51;1;41;1,0
44;0,03;3;safe;52;1;41;1,0
44;0,03;3;safe;53;0;38;
44;0,03;3;safe;54;1;41;1,0
44;0,03;3;safe;55;1;41;1,0
44;0,03;3;safe;56;1;41;1,0
44;0,03;3;safe;57;1;41;1,0
44;0,03;3;safe;58;1;41;1,0
44;0,03;3;safe;59;1;41;1,0
44;0,03;3;safe;60;1;41;1,0
44;0,03;3;safe;61;1;41;1,0
44;0,03;3;safe;62;1;41;1,0
44;0,03;3;safe;63;1;41;1,0
44;0,03;3;safe;64;1;41;1,0
44;0,03;3;safe;65;1;41;1,0
44;0,03;3;safe;66;0;39;
44;0,03;3;safe;67;0;39;
44;0,03;3;safe;68;1;41;1,0
44;0,03;3;safe;69;1;41;1,0
44;0,03;3;safe;70;1;41;1,0
44;0,03;3;safe;71;1;41;1,0
44;0,03;3;safe;72;1;41;1,0
44;0,03;3;safe;73;1;41;1,0
44;0,03;3;safe;74;1;41;1,0
44;0,03;3;safe;75;1;41;1,0
44;0,03;3;safe;76;1;41;1,0
44;0,03;3;safe;77;1;41;1,0
44;0,03;3;safe;78;1;41;1,0
44;0,03;3;safe;79;1;41;1,0
44;0,03;3;safe;80;1;41;1,0
44;0,03;3;safe;81;1;41;1,0
44;0,03;3;safe;82;1;41;1,0
44;0,03;3;safe;83;1;41;1,0
44;0,03;3;safe;84;1;41;1,0
44;0,03;3;safe;85;1;41;1,0
44;0,03;3;safe;86;1;41;1,0
44;0,03;3;safe;87;1;41;1,0
44;0,03;3;safe;88;1;41;1,0
44;0,03;3;safe;89;1;41;1,0
44;0,03;3;safe;90;1;41;1,0
44;0,03;3;safe;91;1;41;1,0
44;0,03;3;safe;92;1;41;1,0
44;0,03;3;safe;93;1;41;1,0
44;0,03;3;safe;94;1;41;1,0
44;0,03;3;safe;95;1;41;1,0
44;0,03;3;safe;96;1;41;1,0
44;0,03;3;safe;97;1;41;1,0
44;0,03;3;safe;98;1;41;1,0
44;0,03;3;safe;99;1;41;1,0
44;0,03;3;safe;100;1;41;1,0
44;0,03;3;predictive;1;1;43;0,9534883720930233
44;0,03;3;predictive;2;1;41;1,0
44;0,03;3;predictive;3;1;41;1,0
44;0,03;3;predictive;4;1;41;1,0
44;0,03;3;predictive;5;1;41;1,0
44;0,03;3;predictive;6;1;41;1,0
44;0,03;3;predictive;7;1;41;1,0
44;0,03;3;predictive;8;1;41;1,0
44;0,03;3;predictive;9;1;41;1,0
44;0,03;3;predictive;10;1;41;1,0
44;0,03;3;predictive;11;1;41;1,0
44;0,03;3;predictive;12;1;41;1,0
44;0,03;3;predictive;13;1;41;1,0
44;0,03;3;predictive;14;1;47;0,8723404255319149
44;0,03;3;predictive;15;1;41;1,0
44;0,03;3;predictive;16;1;41;1,0
44;0,03;3;predictive;17;1;41;1,0
44;0,03;3;predictive;18;1;41;1,0
44;0,03;3;predictive;19;1;41;1,0
44;0,03;3;predictive;20;1;41;1,0
44;0,03;3;predictive;21;1;41;1,0
44;0,03;3;predictive;22;1;41;1,0
44;0,03;3;predictive;23;1;44;0,9318181818181818
44;0,03;3;predictive;24;1;41;1,0
44;0,03;3;predictive;25;1;41;1,0
44;0,03;3;predictive;26;1;41;1,0
44;0,03;3;predictive;27;1;41;1,0
44;0,03;3;predictive;28;1;44;0,9318181818181818
44;0,03;3;predictive;29;1;54;0,7592592592592593
44;0,03;3;predictive;30;1;41;1,0
44;0,03;3;predictive;31;1;41;1,0
44;0,03;3;predictive;32;1;41;1,0
44;0,03;3;predictive;33;1;41;1,0
44;0,03;3;predictive;34;1;41;1,0
44;0,03;3;predictive;35;1;41;1,0
44;0,03;3;predictive;36;1;41;1,0
44;0,03;3;predictive;37;1;41;1,0
44;0,03;3;predictive;38;1;41;1,0
44;0,03;3;predictive;39;1;41;1,0
44;0,03;3;predictive;40;1;41;1,0
44;0,03;3;predictive;41;1;42;0,9761904761904762
44;0,03;3;predictive;42;1;50;0,82
44;0,03;3;predictive;43;1;41;1,0
44;0,03;3;predictive;44;1;41;1,0
44;0,03;3;predictive;45;1;41;1,0
44;0,03;3;predictive;46;1;41;1,0
44;0,03;3;predictive;47;1;41;1,0
44;0,03;3;predictive;48;1;41;1,0
44;0,03;3;predictive;49;1;41;1,0
44;0,03;3;predictive;50;1;41;1,0
44;0,03;3;predictive;51;1;41;1,0
44;0,03;3;predictive;52;1;41;1,0
44;0,03;3;predictive;53;1;41;1,0
44;0,03;3;predictive;54;1;41;1,0
44;0,03;3;predictive;55;1;41;1,0
44;0,03;3;predictive;56;1;41;1,0
44;0,03;3;predictive;57;1;41;1,0
44;0,03;3;predictive;58;1;41;1,0
44;0,03;3;predictive;59;1;41;1,0
44;0,03;3;predictive;60;1;41;1,0
44;0,03;3;predictive;61;1;41;1,0
44;0,03;3;predictive;62;1;41;1,0
44;0,03;3;predictive;63;1;41;1,0
44;0,03;3;predictive;64;1;41;1,0
44;0,03;3;predictive;65;1;45;0,9111111111111111
44;0,03;3;predictive;66;1;41;1,0
44;0,03;3;predictive;67;1;41;1,0
44;0,03;3;predictive;68;1;41;1,0
44;0,03;3;predictive;69;1;41;1,0
44;0,03;3;predictive;70;1;41;1,0
44;0,03;3;predictive;71;1;86;0,47674418604651164
44;0,03;3;predictive;72;1;41;1,0
44;0,03;3;predictive;73;1;57;0,7192982456140351
44;0,03;3;predictive;74;1;41;1,0
44;0,03;3;predictive;75;1;41;1,0
44;0,03;3;predictive;76;1;41;1,0
44;0,03;3;predictive;77;1;41;1,0
44;0,03;3;predictive;78;1;41;1,0
44;0,03;3;predictive;79;1;41;1,0
44;0,03;3;predictive;80;1;41;1,0
44;0,03;3;predictive;81;1;41;1,0
44;0,03;3;predictive;82;1;41;1,0
44;0,03;3;predictive;83;1;41;1,0
44;0,03;3;predictive;84;1;41;1,0
44;0,03;3;predictive;85;1;41;1,0
44;0,03;3;predictive;86;1;41;1,0
44;0,03;3;predictive;87;1;41;1,0
44;0,03;3;predictive;88;1;41;1,0
44;0,03;3;predictive;89;1;41;1,0
44;0,03;3;predictive;90;1;41;1,0
44;0,03;3;predictive;91;1;41;1,0
44;0,03;3;predictive;92;1;41;1,0
44;0,03;3;predictive;93;1;41;1,0
44;0,03;3;predictive;94;1;41;1,0
44;0,03;3;predictive;95;1;41;1,0
44;0,03;3;predictive;96;1;41;1,0
44;0,03;3;predictive;97;1;41;1,0
44;0,03;3;predictive;98;1;41;1,0
44;0,03;3;predictive;99;1;41;1,0
44;0,03;3;predictive;100;1;41;1,0
44;0,05;1;shortest;1;1;59;1,0
44;0,05;1;shortest;2;1;59;1,0
44;0,05;1;shortest;3;1;59;1,0
44;0,05;1;shortest;4;1;59;1,0
44;0,05;1;shortest;5;1;59;1,0
44;0,05;1;shortest;6;1;59;1,0
44;0,05;1;shortest;7;1;59;1,0
44;0,05;1;shortest;8;0;57;
44;0,05;1;shortest;9;1;59;1,0
44;0,05;1;shortest;10;0;48;
44;0,05;1;shortest;11;0;42;
44;0,05;1;shortest;12;1;59;1,0
44;0,05;1;shortest;13;1;59;1,0
44;0,05;1;shortest;14;1;59;1,0
44;0,05;1;shortest;15;1;59;1,0
44;0,05;1;shortest;16;0;58;
44;0,05;1;shortest;17;1;59;1,0
44;0,05;1;shortest;18;1;59;1,0
44;0,05;1;shortest;19;1;59;1,0
44;0,05;1;shortest;20;1;59;1,0
44;0,05;1;shortest;21;1;59;1,0
44;0,05;1;shortest;22;1;59;1,0
44;0,05;1;shortest;23;0;14;
44;0,05;1;shortest;24;0;58;
44;0,05;1;shortest;25;1;59;1,0
44;0,05;1;shortest;26;0;15;
44;0,05;1;shortest;27;0;16;
44;0,05;1;shortest;28;1;59;1,0
44;0,05;1;shortest;29;1;59;1,0
44;0,05;1;shortest;30;1;59;1,0
44;0,05;1;shortest;31;0;16;
44;0,05;1;shortest;32;1;59;1,0
44;0,05;1;shortest;33;1;59;1,0
44;0,05;1;shortest;34;1;59;1,0
44;0,05;1;shortest;35;1;59;1,0
44;0,05;1;shortest;36;1;59;1,0
44;0,05;1;shortest;37;1;59;1,0
44;0,05;1;shortest;38;1;59;1,0
44;0,05;1;shortest;39;0;18;
44;0,05;1;shortest;40;1;59;1,0
44;0,05;1;shortest;41;0;13;
44;0,05;1;shortest;42;0;16;
44;0,05;1;shortest;43;0;16;
44;0,05;1;shortest;44;0;56;
44;0,05;1;shortest;45;1;59;1,0
44;0,05;1;shortest;46;0;57;
44;0,05;1;shortest;47;0;53;
44;0,05;1;shortest;48;0;16;
44;0,05;1;shortest;49;1;59;1,0
44;0,05;1;shortest;50;0;54;
44;0,05;1;shortest;51;0;57;
44;0,05;1;shortest;52;1;59;1,0
44;0,05;1;shortest;53;1;59;1,0
44;0,05;1;shortest;54;0;57;
44;0,05;1;shortest;55;1;59;1,0
44;0,05;1;shortest;56;0;58;
44;0,05;1;shortest;57;0;58;
44;0,05;1;shortest;58;1;59;1,0
44;0,05;1;shortest;59;1;59;1,0
44;0,05;1;shortest;60;0;47;
44;0,05;1;shortest;61;0;15;
44;0,05;1;shortest;62;1;59;1,0
44;0,05;1;shortest;63;1;59;1,0
44;0,05;1;shortest;64;0;58;
44;0,05;1;shortest;65;1;59;1,0
44;0,05;1;shortest;66;0;57;
44;0,05;1;shortest;67;1;59;1,0
44;0,05;1;shortest;68;0;18;
44;0,05;1;shortest;69;1;59;1,0
44;0,05;1;shortest;70;1;59;1,0
44;0,05;1;shortest;71;0;47;
44;0,05;1;shortest;72;0;49;
44;0,05;1;shortest;73;1;59;1,0
44;0,05;1;shortest;74;1;59;1,0
44;0,05;1;shortest;75;0;16;
44;0,05;1;shortest;76;1;59;1,0
44;0,05;1;shortest;77;1;59;1,0
44;0,05;1;shortest;78;1;59;1,0
44;0,05;1;shortest;79;1;59;1,0
44;0,05;1;shortest;80;1;59;1,0
44;0,05;1;shortest;81;1;59;1,0
44;0,05;1;shortest;82;1;59;1,0
44;0,05;1;shortest;83;0;15;
44;0,05;1;shortest;84;0;58;
44;0,05;1;shortest;85;0;54;
44;0,05;1;shortest;86;1;59;1,0
44;0,05;1;shortest;87;1;59;1,0
44;0,05;1;shortest;88;1;59;1,0
44;0,05;1;shortest;89;1;59;1,0
44;0,05;1;shortest;90;1;59;1,0
44;0,05;1;shortest;91;0;50;
44;0,05;1;shortest;92;1;59;1,0
44;0,05;1;shortest;93;0;16;
44;0,05;1;shortest;94;1;59;1,0
44;0,05;1;shortest;95;1;59;1,0
44;0,05;1;shortest;96;0;51;
44;0,05;1;shortest;97;0;16;
44;0,05;1;shortest;98;0;53;
44;0,05;1;shortest;99;0;15;
44;0,05;1;shortest;100;1;59;1,0
44;0,05;1;safe;1;1;59;1,0
44;0,05;1;safe;2;1;59;1,0
44;0,05;1;safe;3;1;59;1,0
44;0,05;1;safe;4;1;59;1,0
44;0,05;1;safe;5;1;59;1,0
44;0,05;1;safe;6;1;59;1,0
44;0,05;1;safe;7;1;59;1,0
44;0,05;1;safe;8;0;57;
44;0,05;1;safe;9;1;59;1,0
44;0,05;1;safe;10;0;48;
44;0,05;1;safe;11;0;42;
44;0,05;1;safe;12;1;59;1,0
44;0,05;1;safe;13;1;59;1,0
44;0,05;1;safe;14;0;16;
44;0,05;1;safe;15;1;59;1,0
44;0,05;1;safe;16;1;59;1,0
44;0,05;1;safe;17;1;59;1,0
44;0,05;1;safe;18;1;59;1,0
44;0,05;1;safe;19;1;59;1,0
44;0,05;1;safe;20;0;51;
44;0,05;1;safe;21;1;59;1,0
44;0,05;1;safe;22;1;59;1,0
44;0,05;1;safe;23;1;59;1,0
44;0,05;1;safe;24;1;59;1,0
44;0,05;1;safe;25;1;59;1,0
44;0,05;1;safe;26;1;59;1,0
44;0,05;1;safe;27;1;59;1,0
44;0,05;1;safe;28;1;59;1,0
44;0,05;1;safe;29;0;16;
44;0,05;1;safe;30;1;59;1,0
44;0,05;1;safe;31;1;59;1,0
44;0,05;1;safe;32;0;58;
44;0,05;1;safe;33;0;58;
44;0,05;1;safe;34;0;57;
44;0,05;1;safe;35;1;59;1,0
44;0,05;1;safe;36;1;59;1,0
44;0,05;1;safe;37;1;59;1,0
44;0,05;1;safe;38;0;15;
44;0,05;1;safe;39;1;59;1,0
44;0,05;1;safe;40;1;60;0,9833333333333333
44;0,05;1;safe;41;1;59;1,0
44;0,05;1;safe;42;1;59;1,0
44;0,05;1;safe;43;1;59;1,0
44;0,05;1;safe;44;0;53;
44;0,05;1;safe;45;1;59;1,0
44;0,05;1;safe;46;0;14;
44;0,05;1;safe;47;0;55;
44;0,05;1;safe;48;1;59;1,0
44;0,05;1;safe;49;0;57;
44;0,05;1;safe;50;0;54;
44;0,05;1;safe;51;0;51;
44;0,05;1;safe;52;1;59;1,0
44;0,05;1;safe;53;1;59;1,0
44;0,05;1;safe;54;0;58;
44;0,05;1;safe;55;1;59;1,0
44;0,05;1;safe;56;0;55;
44;0,05;1;safe;57;1;59;1,0
44;0,05;1;safe;58;1;59;1,0
44;0,05;1;safe;59;0;56;
44;0,05;1;safe;60;1;59;1,0
44;0,05;1;safe;61;0;18;
44;0,05;1;safe;62;0;16;
44;0,05;1;safe;63;0;58;
44;0,05;1;safe;64;1;59;1,0
44;0,05;1;safe;65;1;60;0,9833333333333333
44;0,05;1;safe;66;0;14;
44;0,05;1;safe;67;1;59;1,0
44;0,05;1;safe;68;1;59;1,0
44;0,05;1;safe;69;1;59;1,0
44;0,05;1;safe;70;1;59;1,0
44;0,05;1;safe;71;1;59;1,0
44;0,05;1;safe;72;0;58;
44;0,05;1;safe;73;0;16;
44;0,05;1;safe;74;1;59;1,0
44;0,05;1;safe;75;1;59;1,0
44;0,05;1;safe;76;0;14;
44;0,05;1;safe;77;1;59;1,0
44;0,05;1;safe;78;1;59;1,0
44;0,05;1;safe;79;0;57;
44;0,05;1;safe;80;0;58;
44;0,05;1;safe;81;0;57;
44;0,05;1;safe;82;1;59;1,0
44;0,05;1;safe;83;1;59;1,0
44;0,05;1;safe;84;1;59;1,0
44;0,05;1;safe;85;0;52;
44;0,05;1;safe;86;1;59;1,0
44;0,05;1;safe;87;1;59;1,0
44;0,05;1;safe;88;1;59;1,0
44;0,05;1;safe;89;0;23;
44;0,05;1;safe;90;0;15;
44;0,05;1;safe;91;0;50;
44;0,05;1;safe;92;1;59;1,0
44;0,05;1;safe;93;0;56;
44;0,05;1;safe;94;1;59;1,0
44;0,05;1;safe;95;1;59;1,0
44;0,05;1;safe;96;1;59;1,0
44;0,05;1;safe;97;0;53;
44;0,05;1;safe;98;0;58;
44;0,05;1;safe;99;0;18;
44;0,05;1;safe;100;1;59;1,0
44;0,05;1;predictive;1;1;59;1,0
44;0,05;1;predictive;2;1;59;1,0
44;0,05;1;predictive;3;1;60;0,9833333333333333
44;0,05;1;predictive;4;1;67;0,8805970149253731
44;0,05;1;predictive;5;0;25;
44;0,05;1;predictive;6;1;59;1,0
44;0,05;1;predictive;7;1;59;1,0
44;0,05;1;predictive;8;1;66;0,8939393939393939
44;0,05;1;predictive;9;1;59;1,0
44;0,05;1;predictive;10;1;60;0,9833333333333333
44;0,05;1;predictive;11;1;59;1,0
44;0,05;1;predictive;12;1;69;0,855072463768116
44;0,05;1;predictive;13;1;59;1,0
44;0,05;1;predictive;14;1;59;1,0
44;0,05;1;predictive;15;1;72;0,8194444444444444
44;0,05;1;predictive;16;1;149;0,3959731543624161
44;0,05;1;predictive;17;1;59;1,0
44;0,05;1;predictive;18;1;95;0,6210526315789474
44;0,05;1;predictive;19;1;69;0,855072463768116
44;0,05;1;predictive;20;1;91;0,6483516483516484
44;0,05;1;predictive;21;0;25;
44;0,05;1;predictive;22;1;71;0,8309859154929577
44;0,05;1;predictive;23;1;59;1,0
44;0,05;1;predictive;24;1;70;0,8428571428571429
44;0,05;1;predictive;25;1;59;1,0
44;0,05;1;predictive;26;1;59;1,0
44;0,05;1;predictive;27;1;59;1,0
44;0,05;1;predictive;28;1;84;0,7023809523809523
44;0,05;1;predictive;29;1;59;1,0
44;0,05;1;predictive;30;1;59;1,0
44;0,05;1;predictive;31;1;59;1,0
44;0,05;1;predictive;32;1;59;1,0
44;0,05;1;predictive;33;1;59;1,0
44;0,05;1;predictive;34;1;59;1,0
44;0,05;1;predictive;35;1;101;0,5841584158415841
44;0,05;1;predictive;36;1;59;1,0
44;0,05;1;predictive;37;1;59;1,0
44;0,05;1;predictive;38;0;62;
44;0,05;1;predictive;39;1;89;0,6629213483146067
44;0,05;1;predictive;40;1;59;1,0
44;0,05;1;predictive;41;0;131;
44;0,05;1;predictive;42;0;22;
44;0,05;1;predictive;43;1;70;0,8428571428571429
44;0,05;1;predictive;44;1;59;1,0
44;0,05;1;predictive;45;0;76;
44;0,05;1;predictive;46;1;83;0,7108433734939759
44;0,05;1;predictive;47;0;87;
44;0,05;1;predictive;48;1;136;0,4338235294117647
44;0,05;1;predictive;49;1;59;1,0
44;0,05;1;predictive;50;1;59;1,0
44;0,05;1;predictive;51;1;76;0,7763157894736842
44;0,05;1;predictive;52;1;59;1,0
44;0,05;1;predictive;53;1;62;0,9516129032258065
44;0,05;1;predictive;54;1;152;0,3881578947368421
44;0,05;1;predictive;55;1;132;0,44696969696969696
44;0,05;1;predictive;56;1;59;1,0
44;0,05;1;predictive;57;1;151;0,39072847682119205
44;0,05;1;predictive;58;1;59;1,0
44;0,05;1;predictive;59;1;59;1,0
44;0,05;1;predictive;60;1;59;1,0
44;0,05;1;predictive;61;1;59;1,0
44;0,05;1;predictive;62;1;59;1,0
44;0,05;1;predictive;63;1;103;0,5728155339805825
44;0,05;1;predictive;64;1;99;0,5959595959595959
44;0,05;1;predictive;65;1;59;1,0
44;0,05;1;predictive;66;1;66;0,8939393939393939
44;0,05;1;predictive;67;1;78;0,7564102564102564
44;0,05;1;predictive;68;1;59;1,0
44;0,05;1;predictive;69;0;82;
44;0,05;1;predictive;70;1;59;1,0
44;0,05;1;predictive;71;1;61;0,9672131147540983
44;0,05;1;predictive;72;1;59;1,0
44;0,05;1;predictive;73;1;59;1,0
44;0,05;1;predictive;74;1;59;1,0
44;0,05;1;predictive;75;1;59;1,0
44;0,05;1;predictive;76;1;59;1,0
44;0,05;1;predictive;77;1;62;0,9516129032258065
44;0,05;1;predictive;78;1;59;1,0
44;0,05;1;predictive;79;1;59;1,0
44;0,05;1;predictive;80;0;89;
44;0,05;1;predictive;81;0;108;
44;0,05;1;predictive;82;1;143;0,4125874125874126
44;0,05;1;predictive;83;1;59;1,0
44;0,05;1;predictive;84;1;59;1,0
44;0,05;1;predictive;85;1;84;0,7023809523809523
44;0,05;1;predictive;86;1;59;1,0
44;0,05;1;predictive;87;1;59;1,0
44;0,05;1;predictive;88;0;93;
44;0,05;1;predictive;89;1;90;0,6555555555555556
44;0,05;1;predictive;90;1;59;1,0
44;0,05;1;predictive;91;1;59;1,0
44;0,05;1;predictive;92;1;59;1,0
44;0,05;1;predictive;93;1;59;1,0
44;0,05;1;predictive;94;0;138;
44;0,05;1;predictive;95;1;59;1,0
44;0,05;1;predictive;96;1;136;0,4338235294117647
44;0,05;1;predictive;97;1;214;0,2757009345794392
44;0,05;1;predictive;98;1;59;1,0
44;0,05;1;predictive;99;1;59;1,0
44;0,05;1;predictive;100;1;59;1,0
44;0,05;2;shortest;1;1;55;1,0
44;0,05;2;shortest;2;0;54;
44;0,05;2;shortest;3;1;55;1,0
44;0,05;2;shortest;4;1;55;1,0
44;0,05;2;shortest;5;1;55;1,0
44;0,05;2;shortest;6;1;55;1,0
44;0,05;2;shortest;7;0;50;
44;0,05;2;shortest;8;1;55;1,0
44;0,05;2;shortest;9;1;55;1,0
44;0,05;2;shortest;10;0;52;
44;0,05;2;shortest;11;0;48;
44;0,05;2;shortest;12;1;55;1,0
44;0,05;2;shortest;13;1;55;1,0
44;0,05;2;shortest;14;1;55;1,0
44;0,05;2;shortest;15;1;55;1,0
44;0,05;2;shortest;16;0;52;
44;0,05;2;shortest;17;1;55;1,0
44;0,05;2;shortest;18;1;55;1,0
44;0,05;2;shortest;19;1;55;1,0
44;0,05;2;shortest;20;1;55;1,0
44;0,05;2;shortest;21;1;55;1,0
44;0,05;2;shortest;22;1;55;1,0
44;0,05;2;shortest;23;1;55;1,0
44;0,05;2;shortest;24;1;55;1,0
44;0,05;2;shortest;25;1;55;1,0
44;0,05;2;shortest;26;0;51;
44;0,05;2;shortest;27;1;55;1,0
44;0,05;2;shortest;28;1;55;1,0
44;0,05;2;shortest;29;1;55;1,0
44;0,05;2;shortest;30;0;48;
44;0,05;2;shortest;31;1;55;1,0
44;0,05;2;shortest;32;1;55;1,0
44;0,05;2;shortest;33;0;52;
44;0,05;2;shortest;34;1;55;1,0
44;0,05;2;shortest;35;1;55;1,0
44;0,05;2;shortest;36;0;53;
44;0,05;2;shortest;37;1;55;1,0
44;0,05;2;shortest;38;0;52;
44;0,05;2;shortest;39;1;55;1,0
44;0,05;2;shortest;40;0;52;
44;0,05;2;shortest;41;0;50;
44;0,05;2;shortest;42;1;55;1,0
44;0,05;2;shortest;43;1;55;1,0
44;0,05;2;shortest;44;1;55;1,0
44;0,05;2;shortest;45;1;55;1,0
44;0,05;2;shortest;46;1;55;1,0
44;0,05;2;shortest;47;1;55;1,0
44;0,05;2;shortest;48;1;55;1,0
44;0,05;2;shortest;49;1;55;1,0
44;0,05;2;shortest;50;1;55;1,0
44;0,05;2;shortest;51;1;55;1,0
44;0,05;2;shortest;52;1;55;1,0
44;0,05;2;shortest;53;0;53;
44;0,05;2;shortest;54;1;55;1,0
44;0,05;2;shortest;55;1;55;1,0
44;0,05;2;shortest;56;1;55;1,0
44;0,05;2;shortest;57;0;51;
44;0,05;2;shortest;58;1;55;1,0
44;0,05;2;shortest;59;1;55;1,0
44;0,05;2;shortest;60;1;55;1,0
44;0,05;2;shortest;61;1;55;1,0
44;0,05;2;shortest;62;1;55;1,0
44;0,05;2;shortest;63;1;55;1,0
44;0,05;2;shortest;64;1;55;1,0
44;0,05;2;shortest;65;0;50;
44;0,05;2;shortest;66;0;50;
44;0,05;2;shortest;67;1;55;1,0
44;0,05;2;shortest;68;1;55;1,0
44;0,05;2;shortest;69;1;55;1,0
44;0,05;2;shortest;70;1;55;1,0
44;0,05;2;shortest;71;0;49;
44;0,05;2;shortest;72;1;55;1,0
44;0,05;2;shortest;73;0;51;
44;0,05;2;shortest;74;0;50;
44;0,05;2;shortest;75;1;55;1,0
44;0,05;2;shortest;76;1;55;1,0
44;0,05;2;shortest;77;1;55;1,0
44;0,05;2;shortest;78;1;55;1,0
44;0,05;2;shortest;79;1;55;1,0
44;0,05;2;shortest;80;1;55;1,0
44;0,05;2;shortest;81;1;55;1,0
44;0,05;2;shortest;82;0;46;
44;0,05;2;shortest;83;0;43;
44;0,05;2;shortest;84;1;55;1,0
44;0,05;2;shortest;85;1;55;1,0
44;0,05;2;shortest;86;0;54;
44;0,05;2;shortest;87;1;55;1,0
44;0,05;2;shortest;88;0;52;
44;0,05;2;shortest;89;1;55;1,0
44;0,05;2;shortest;90;1;55;1,0
44;0,05;2;shortest;91;1;55;1,0
44;0,05;2;shortest;92;0;49;
44;0,05;2;shortest;93;0;50;
44;0,05;2;shortest;94;1;55;1,0
44;0,05;2;shortest;95;1;55;1,0
44;0,05;2;shortest;96;1;55;1,0
44;0,05;2;shortest;97;1;55;1,0
44;0,05;2;shortest;98;1;55;1,0
44;0,05;2;shortest;99;1;55;1,0
44;0,05;2;shortest;100;1;55;1,0
44;0,05;2;safe;1;1;55;1,0
44;0,05;2;safe;2;0;54;
44;0,05;2;safe;3;1;55;1,0
44;0,05;2;safe;4;1;55;1,0
44;0,05;2;safe;5;1;55;1,0
44;0,05;2;safe;6;1;55;1,0
44;0,05;2;safe;7;0;50;
44;0,05;2;safe;8;1;55;1,0
44;0,05;2;safe;9;1;55;1,0
44;0,05;2;safe;10;1;55;1,0
44;0,05;2;safe;11;1;55;1,0
44;0,05;2;safe;12;0;47;
44;0,05;2;safe;13;1;55;1,0
44;0,05;2;safe;14;1;55;1,0
44;0,05;2;safe;15;1;55;1,0
44;0,05;2;safe;16;1;55;1,0
44;0,05;2;safe;17;0;44;
44;0,05;2;safe;18;1;55;1,0
44;0,05;2;safe;19;1;55;1,0
44;0,05;2;safe;20;1;55;1,0
44;0,05;2;safe;21;1;55;1,0
44;0,05;2;safe;22;1;55;1,0
44;0,05;2;safe;23;1;55;1,0
44;0,05;2;safe;24;1;55;1,0
44;0,05;2;safe;25;0;52;
44;0,05;2;safe;26;1;55;1,0
44;0,05;2;safe;27;0;43;
44;0,05;2;safe;28;1;55;1,0
44;0,05;2;safe;29;1;55;1,0
44;0,05;2;safe;30;1;55;1,0
44;0,05;2;safe;31;0;53;
44;0,05;2;safe;32;1;55;1,0
44;0,05;2;safe;33;1;55;1,0
44;0,05;2;safe;34;1;55;1,0
44;0,05;2;safe;35;1;55;1,0
44;0,05;2;safe;36;1;55;1,0
44;0,05;2;safe;37;0;48;
44;0,05;2;safe;38;1;55;1,0
44;0,05;2;safe;39;1;55;1,0
44;0,05;2;safe;40;1;55;1,0
44;0,05;2;safe;41;0;50;
44;0,05;2;safe;42;0;46;
44;0,05;2;safe;43;1;55;1,0
44;0,05;2;safe;44;1;55;1,0
44;0,05;2;safe;45;1;55;1,0
44;0,05;2;safe;46;1;55;1,0
44;0,05;2;safe;47;1;55;1,0
44;0,05;2;safe;48;1;55;1,0
44;0,05;2;safe;49;0;54;
44;0,05;2;safe;50;1;55;1,0
44;0,05;2;safe;51;0;54;
44;0,05;2;safe;52;1;55;1,0
44;0,05;2;safe;53;1;55;1,0
44;0,05;2;safe;54;1;55;1,0
44;0,05;2;safe;55;1;55;1,0
44;0,05;2;safe;56;1;55;1,0
44;0,05;2;safe;57;1;55;1,0
44;0,05;2;safe;58;0;52;
44;0,05;2;safe;59;1;55;1,0
44;0,05;2;safe;60;1;55;1,0
44;0,05;2;safe;61;1;55;1,0
44;0,05;2;safe;62;1;55;1,0
44;0,05;2;safe;63;1;55;1,0
44;0,05;2;safe;64;1;55;1,0
44;0,05;2;safe;65;0;46;
44;0,05;2;safe;66;1;55;1,0
44;0,05;2;safe;67;1;55;1,0
44;0,05;2;safe;68;0;53;
44;0,05;2;safe;69;1;55;1,0
44;0,05;2;safe;70;1;55;1,0
44;0,05;2;safe;71;0;48;
44;0,05;2;safe;72;1;55;1,0
44;0,05;2;safe;73;0;53;
44;0,05;2;safe;74;1;55;1,0
44;0,05;2;safe;75;1;55;1,0
44;0,05;2;safe;76;1;55;1,0
44;0,05;2;safe;77;1;55;1,0
44;0,05;2;safe;78;1;55;1,0
44;0,05;2;safe;79;1;55;1,0
44;0,05;2;safe;80;1;55;1,0
44;0,05;2;safe;81;1;55;1,0
44;0,05;2;safe;82;1;55;1,0
44;0,05;2;safe;83;1;55;1,0
44;0,05;2;safe;84;1;55;1,0
44;0,05;2;safe;85;1;55;1,0
44;0,05;2;safe;86;1;55;1,0
44;0,05;2;safe;87;1;55;1,0
44;0,05;2;safe;88;0;50;
44;0,05;2;safe;89;0;43;
44;0,05;2;safe;90;1;55;1,0
44;0,05;2;safe;91;1;55;1,0
44;0,05;2;safe;92;1;55;1,0
44;0,05;2;safe;93;1;55;1,0
44;0,05;2;safe;94;1;55;1,0
44;0,05;2;safe;95;1;55;1,0
44;0,05;2;safe;96;0;50;
44;0,05;2;safe;97;0;50;
44;0,05;2;safe;98;1;55;1,0
44;0,05;2;safe;99;0;53;
44;0,05;2;safe;100;1;55;1,0
44;0,05;2;predictive;1;1;55;1,0
44;0,05;2;predictive;2;1;70;0,7857142857142857
44;0,05;2;predictive;3;1;55;1,0
44;0,05;2;predictive;4;1;66;0,8333333333333334
44;0,05;2;predictive;5;1;130;0,4230769230769231
44;0,05;2;predictive;6;1;55;1,0
44;0,05;2;predictive;7;1;55;1,0
44;0,05;2;predictive;8;1;55;1,0
44;0,05;2;predictive;9;1;55;1,0
44;0,05;2;predictive;10;1;55;1,0
44;0,05;2;predictive;11;1;55;1,0
44;0,05;2;predictive;12;1;55;1,0
44;0,05;2;predictive;13;1;55;1,0
44;0,05;2;predictive;14;1;55;1,0
44;0,05;2;predictive;15;1;55;1,0
44;0,05;2;predictive;16;1;72;0,7638888888888888
44;0,05;2;predictive;17;1;55;1,0
44;0,05;2;predictive;18;1;55;1,0
44;0,05;2;predictive;19;1;55;1,0
44;0,05;2;predictive;20;1;255;0,21568627450980393
44;0,05;2;predictive;21;1;55;1,0
44;0,05;2;predictive;22;1;55;1,0
44;0,05;2;predictive;23;1;59;0,9322033898305084
44;0,05;2;predictive;24;1;55;1,0
44;0,05;2;predictive;25;1;55;1,0
44;0,05;2;predictive;26;1;118;0,4661016949152542
44;0,05;2;predictive;27;1;69;0,7971014492753623
44;0,05;2;predictive;28;1;55;1,0
44;0,05;2;predictive;29;1;55;1,0
44;0,05;2;predictive;30;1;55;1,0
44;0,05;2;predictive;31;1;55;1,0
44;0,05;2;predictive;32;1;55;1,0
44;0,05;2;predictive;33;1;55;1,0
44;0,05;2;predictive;34;1;55;1,0
44;0,05;2;predictive;35;1;55;1,0
44;0,05;2;predictive;36;1;55;1,0
44;0,05;2;predictive;37;1;60;0,9166666666666666
44;0,05;2;predictive;38;1;97;0,5670103092783505
44;0,05;2;predictive;39;1;55;1,0
44;0,05;2;predictive;40;1;74;0,7432432432432432
44;0,05;2;predictive;41;1;55;1,0
44;0,05;2;predictive;42;1;55;1,0
44;0,05;2;predictive;43;1;62;0,8870967741935484
44;0,05;2;predictive;44;1;55;1,0
44;0,05;2;predictive;45;1;55;1,0
44;0,05;2;predictive;46;1;55;1,0
44;0,05;2;predictive;47;1;67;0,8208955223880597
44;0,05;2;predictive;48;1;60;0,9166666666666666
44;0,05;2;predictive;49;1;55;1,0
44;0,05;2;predictive;50;1;55;1,0
44;0,05;2;predictive;51;1;79;0,6962025316455697
44;0,05;2;predictive;52;1;55;1,0
44;0,05;2;predictive;53;1;55;1,0
44;0,05;2;predictive;54;1;55;1,0
44;0,05;2;predictive;55;1;55;1,0
44;0,05;2;predictive;56;1;55;1,0
44;0,05;2;predictive;57;1;55;1,0
44;0,05;2;predictive;58;0;147;
44;0,05;2;predictive;59;0;105;
44;0,05;2;predictive;60;1;55;1,0
44;0,05;2;predictive;61;1;55;1,0
44;0,05;2;predictive;62;1;55;1,0
44;0,05;2;predictive;63;1;55;1,0
44;0,05;2;predictive;64;1;55;1,0
44;0,05;2;predictive;65;1;55;1,0
44;0,05;2;predictive;66;1;55;1,0
44;0,05;2;predictive;67;1;59;0,9322033898305084
44;0,05;2;predictive;68;1;102;0,5392156862745098
44;0,05;2;predictive;69;1;55;1,0
44;0,05;2;predictive;70;1;55;1,0
44;0,05;2;predictive;71;1;55;1,0
44;0,05;2;predictive;72;1;88;0,625
44;0,05;2;predictive;73;1;55;1,0
44;0,05;2;predictive;74;1;55;1,0
44;0,05;2;predictive;75;1;63;0,873015873015873
44;0,05;2;predictive;76;1;55;1,0
44;0,05;2;predictive;77;1;55;1,0
44;0,05;2;predictive;78;1;55;1,0
44;0,05;2;predictive;79;1;61;0,9016393442622951
44;0,05;2;predictive;80;1;76;0,7236842105263158
44;0,05;2;predictive;81;1;55;1,0
44;0,05;2;predictive;82;1;55;1,0
44;0,05;2;predictive;83;0;70;
44;0,05;2;predictive;84;1;55;1,0
44;0,05;2;predictive;85;1;55;1,0
44;0,05;2;predictive;86;1;55;1,0
44;0,05;2;predictive;87;1;55;1,0
44;0,05;2;predictive;88;1;55;1,0
44;0,05;2;predictive;89;1;55;1,0
44;0,05;2;predictive;90;1;55;1,0
44;0,05;2;predictive;91;1;96;0,5729166666666666
44;0,05;2;predictive;92;1;55;1,0
44;0,05;2;predictive;93;1;55;1,0
44;0,05;2;predictive;94;1;62;0,8870967741935484
44;0,05;2;predictive;95;1;55;1,0
44;0,05;2;predictive;96;1;55;1,0
44;0,05;2;predictive;97;1;55;1,0
44;0,05;2;predictive;98;1;58;0,9482758620689655
44;0,05;2;predictive;99;1;55;1,0
44;0,05;2;predictive;100;1;55;1,0
44;0,05;3;shortest;1;1;41;1,0
44;0,05;3;shortest;2;1;41;1,0
44;0,05;3;shortest;3;1;41;1,0
44;0,05;3;shortest;4;1;41;1,0
44;0,05;3;shortest;5;1;41;1,0
44;0,05;3;shortest;6;0;38;
44;0,05;3;shortest;7;0;38;
44;0,05;3;shortest;8;1;41;1,0
44;0,05;3;shortest;9;0;38;
44;0,05;3;shortest;10;1;41;1,0
44;0,05;3;shortest;11;1;41;1,0
44;0,05;3;shortest;12;1;41;1,0
44;0,05;3;shortest;13;0;38;
44;0,05;3;shortest;14;1;41;1,0
44;0,05;3;shortest;15;1;41;1,0
44;0,05;3;shortest;16;1;41;1,0
44;0,05;3;shortest;17;1;41;1,0
44;0,05;3;shortest;18;0;38;
44;0,05;3;shortest;19;1;41;1,0
44;0,05;3;shortest;20;1;41;1,0
44;0,05;3;shortest;21;1;41;1,0
44;0,05;3;shortest;22;1;41;1,0
44;0,05;3;shortest;23;0;39;
44;0,05;3;shortest;24;0;39;
44;0,05;3;shortest;25;1;41;1,0
44;0,05;3;shortest;26;0;32;
44;0,05;3;shortest;27;1;41;1,0
44;0,05;3;shortest;28;1;41;1,0
44;0,05;3;shortest;29;0;34;
44;0,05;3;shortest;30;1;41;1,0
44;0,05;3;shortest;31;1;41;1,0
44;0,05;3;shortest;32;0;39;
44;0,05;3;shortest;33;1;41;1,0
44;0,05;3;shortest;34;1;41;1,0
44;0,05;3;shortest;35;1;41;1,0
44;0,05;3;shortest;36;1;41;1,0
44;0,05;3;shortest;37;1;41;1,0
44;0,05;3;shortest;38;0;40;
44;0,05;3;shortest;39;1;41;1,0
44;0,05;3;shortest;40;1;41;1,0
44;0,05;3;shortest;41;1;41;1,0
44;0,05;3;shortest;42;1;41;1,0
44;0,05;3;shortest;43;0;38;
44;0,05;3;shortest;44;1;41;1,0
44;0,05;3;shortest;45;0;38;
44;0,05;3;shortest;46;1;41;1,0
44;0,05;3;shortest;47;0;38;
44;0,05;3;shortest;48;1;41;1,0
44;0,05;3;shortest;49;1;41;1,0
44;0,05;3;shortest;50;1;41;1,0
44;0,05;3;shortest;51;1;41;1,0
44;0,05;3;shortest;52;0;40;
44;0,05;3;shortest;53;1;41;1,0
44;0,05;3;shortest;54;1;41;1,0
44;0,05;3;shortest;55;1;41;1,0
44;0,05;3;shortest;56;0;37;
44;0,05;3;shortest;57;0;37;
44;0,05;3;shortest;58;0;38;
44;0,05;3;shortest;59;1;41;1,0
44;0,05;3;shortest;60;0;35;
44;0,05;3;shortest;61;1;41;1,0
44;0,05;3;shortest;62;1;41;1,0
44;0,05;3;shortest;63;0;37;
44;0,05;3;shortest;64;1;41;1,0
44;0,05;3;shortest;65;1;41;1,0
44;0,05;3;shortest;66;0;34;
44;0,05;3;shortest;67;1;41;1,0
44;0,05;3;shortest;68;0;40;
44;0,05;3;shortest;69;1;41;1,0
44;0,05;3;shortest;70;1;41;1,0
44;0,05;3;shortest;71;0;32;
44;0,05;3;shortest;72;0;37;
44;0,05;3;shortest;73;1;41;1,0
44;0,05;3;shortest;74;1;41;1,0
44;0,05;3;shortest;75;1;41;1,0
44;0,05;3;shortest;76;1;41;1,0
44;0,05;3;shortest;77;1;41;1,0
44;0,05;3;shortest;78;1;41;1,0
44;0,05;3;shortest;79;1;41;1,0
44;0,05;3;shortest;80;1;41;1,0
44;0,05;3;shortest;81;1;41;1,0
44;0,05;3;shortest;82;1;41;1,0
44;0,05;3;shortest;83;1;41;1,0
44;0,05;3;shortest;84;1;41;1,0
44;0,05;3;shortest;85;0;40;
44;0,05;3;shortest;86;0;40;
44;0,05;3;shortest;87;0;35;
44;0,05;3;shortest;88;1;41;1,0
44;0,05;3;shortest;89;0;38;
44;0,05;3;shortest;90;1;41;1,0
44;0,05;3;shortest;91;1;41;1,0
44;0,05;3;shortest;92;1;41;1,0
44;0,05;3;shortest;93;1;41;1,0
44;0,05;3;shortest;94;1;41;1,0
44;0,05;3;shortest;95;1;41;1,0
44;0,05;3;shortest;96;1;41;1,0
44;0,05;3;shortest;97;1;41;1,0
44;0,05;3;shortest;98;1;41;1,0
44;0,05;3;shortest;99;1;41;1,0
44;0,05;3;shortest;100;1;41;1,0
44;0,05;3;safe;1;1;41;1,0
44;0,05;3;safe;2;1;41;1,0
44;0,05;3;safe;3;1;41;1,0
44;0,05;3;safe;4;1;41;1,0
44;0,05;3;safe;5;1;41;1,0
44;0,05;3;safe;6;0;39;
44;0,05;3;safe;7;1;41;1,0
44;0,05;3;safe;8;1;41;1,0
44;0,05;3;safe;9;1;41;1,0
44;0,05;3;safe;10;1;41;1,0
44;0,05;3;safe;11;1;41;1,0
44;0,05;3;safe;12;1;41;1,0
44;0,05;3;safe;13;1;41;1,0
44;0,05;3;safe;14;1;41;1,0
44;0,05;3;safe;15;1;41;1,0
44;0,05;3;safe;16;0;37;
44;0,05;3;safe;17;1;41;1,0
44;0,05;3;safe;18;0;40;
44;0,05;3;safe;19;1;41;1,0
44;0,05;3;safe;20;1;41;1,0
44;0,05;3;safe;21;0;40;
44;0,05;3;safe;22;0;38;
44;0,05;3;safe;23;1;41;1,0
44;0,05;3;safe;24;0;36;
44;0,05;3;safe;25;1;41;1,0
44;0,05;3;safe;26;1;41;1,0
44;0,05;3;safe;27;1;41;1,0
44;0,05;3;safe;28;0;33;
44;0,05;3;safe;29;0;39;
44;0,05;3;safe;30;1;41;1,0
44;0,05;3;safe;31;1;41;1,0
44;0,05;3;safe;32;1;41;1,0
44;0,05;3;safe;33;1;41;1,0
44;0,05;3;safe;34;0;36;
44;0,05;3;safe;35;1;41;1,0
44;0,05;3;safe;36;1;41;1,0
44;0,05;3;safe;37;1;41;1,0
44;0,05;3;safe;38;1;41;1,0
44;0,05;3;safe;39;0;40;
44;0,05;3;safe;40;1;41;1,0
44;0,05;3;safe;41;1;41;1,0
44;0,05;3;safe;42;1;41;1,0
44;0,05;3;safe;43;0;40;
44;0,05;3;safe;44;1;41;1,0
44;0,05;3;safe;45;0;39;
44;0,05;3;safe;46;1;41;1,0
44;0,05;3;safe;47;0;39;
44;0,05;3;safe;48;0;38;
44;0,05;3;safe;49;1;41;1,0
44;0,05;3;safe;50;0;39;
44;0,05;3;safe;51;0;35;
44;0,05;3;safe;52;1;41;1,0
44;0,05;3;safe;53;1;41;1,0
44;0,05;3;safe;54;1;41;1,0
44;0,05;3;safe;55;0;38;
44;0,05;3;safe;56;1;41;1,0
44;0,05;3;safe;57;1;42;0,9761904761904762
44;0,05;3;safe;58;1;41;1,0
44;0,05;3;safe;59;1;41;1,0
44;0,05;3;safe;60;1;41;1,0
44;0,05;3;safe;61;0;37;
44;0,05;3;safe;62;1;41;1,0
44;0,05;3;safe;63;1;41;1,0
44;0,05;3;safe;64;1;41;1,0
44;0,05;3;safe;65;1;41;1,0
44;0,05;3;safe;66;1;41;1,0
44;0,05;3;safe;67;1;41;1,0
44;0,05;3;safe;68;1;41;1,0
44;0,05;3;safe;69;1;41;1,0
44;0,05;3;safe;70;1;41;1,0
44;0,05;3;safe;71;1;41;1,0
44;0,05;3;safe;72;1;41;1,0
44;0,05;3;safe;73;1;41;1,0
44;0,05;3;safe;74;1;41;1,0
44;0,05;3;safe;75;0;29;
44;0,05;3;safe;76;1;41;1,0
44;0,05;3;safe;77;1;41;1,0
44;0,05;3;safe;78;1;41;1,0
44;0,05;3;safe;79;1;41;1,0
44;0,05;3;safe;80;1;41;1,0
44;0,05;3;safe;81;0;33;
44;0,05;3;safe;82;0;37;
44;0,05;3;safe;83;1;41;1,0
44;0,05;3;safe;84;1;41;1,0
44;0,05;3;safe;85;1;41;1,0
44;0,05;3;safe;86;1;41;1,0
44;0,05;3;safe;87;1;41;1,0
44;0,05;3;safe;88;1;41;1,0
44;0,05;3;safe;89;1;41;1,0
44;0,05;3;safe;90;1;41;1,0
44;0,05;3;safe;91;1;41;1,0
44;0,05;3;safe;92;1;41;1,0
44;0,05;3;safe;93;1;41;1,0
44;0,05;3;safe;94;1;41;1,0
44;0,05;3;safe;95;1;41;1,0
44;0,05;3;safe;96;0;39;
44;0,05;3;safe;97;1;41;1,0
44;0,05;3;safe;98;1;41;1,0
44;0,05;3;safe;99;0;38;
44;0,05;3;safe;100;1;41;1,0
44;0,05;3;predictive;1;1;42;0,9761904761904762
44;0,05;3;predictive;2;1;41;1,0
44;0,05;3;predictive;3;1;41;1,0
44;0,05;3;predictive;4;1;41;1,0
44;0,05;3;predictive;5;1;41;1,0
44;0,05;3;predictive;6;1;41;1,0
44;0,05;3;predictive;7;1;41;1,0
44;0,05;3;predictive;8;1;104;0,3942307692307692
44;0,05;3;predictive;9;1;41;1,0
44;0,05;3;predictive;10;1;55;0,7454545454545455
44;0,05;3;predictive;11;1;86;0,47674418604651164
44;0,05;3;predictive;12;1;41;1,0
44;0,05;3;predictive;13;1;41;1,0
44;0,05;3;predictive;14;1;41;1,0
44;0,05;3;predictive;15;1;41;1,0
44;0,05;3;predictive;16;1;45;0,9111111111111111
44;0,05;3;predictive;17;1;41;1,0
44;0,05;3;predictive;18;1;42;0,9761904761904762
44;0,05;3;predictive;19;1;41;1,0
44;0,05;3;predictive;20;1;41;1,0
44;0,05;3;predictive;21;1;41;1,0
44;0,05;3;predictive;22;1;41;1,0
44;0,05;3;predictive;23;1;41;1,0
44;0,05;3;predictive;24;1;41;1,0
44;0,05;3;predictive;25;1;41;1,0
44;0,05;3;predictive;26;1;41;1,0
44;0,05;3;predictive;27;1;41;1,0
44;0,05;3;predictive;28;1;41;1,0
44;0,05;3;predictive;29;1;41;1,0
44;0,05;3;predictive;30;1;48;0,8541666666666666
44;0,05;3;predictive;31;1;41;1,0
44;0,05;3;predictive;32;1;43;0,9534883720930233
44;0,05;3;predictive;33;1;41;1,0
44;0,05;3;predictive;34;1;41;1,0
44;0,05;3;predictive;35;1;41;1,0
44;0,05;3;predictive;36;1;113;0,36283185840707965
44;0,05;3;predictive;37;1;41;1,0
44;0,05;3;predictive;38;1;41;1,0
44;0,05;3;predictive;39;1;41;1,0
44;0,05;3;predictive;40;1;41;1,0
44;0,05;3;predictive;41;1;41;1,0
44;0,05;3;predictive;42;1;41;1,0
44;0,05;3;predictive;43;1;41;1,0
44;0,05;3;predictive;44;1;44;0,9318181818181818
44;0,05;3;predictive;45;1;41;1,0
44;0,05;3;predictive;46;1;41;1,0
44;0,05;3;predictive;47;1;41;1,0
44;0,05;3;predictive;48;1;41;1,0
44;0,05;3;predictive;49;1;61;0,6721311475409836
44;0,05;3;predictive;50;1;41;1,0
44;0,05;3;predictive;51;1;41;1,0
44;0,05;3;predictive;52;1;64;0,640625
44;0,05;3;predictive;53;1;41;1,0
44;0,05;3;predictive;54;1;51;0,803921568627451
44;0,05;3;predictive;55;1;41;1,0
44;0,05;3;predictive;56;0;40;
44;0,05;3;predictive;57;1;41;1,0
44;0,05;3;predictive;58;1;41;1,0
44;0,05;3;predictive;59;1;41;1,0
44;0,05;3;predictive;60;1;41;1,0
44;0,05;3;predictive;61;1;41;1,0
44;0,05;3;predictive;62;1;41;1,0
44;0,05;3;predictive;63;1;41;1,0
44;0,05;3;predictive;64;1;41;1,0
44;0,05;3;predictive;65;1;41;1,0
44;0,05;3;predictive;66;1;41;1,0
44;0,05;3;predictive;67;1;45;0,9111111111111111
44;0,05;3;predictive;68;1;41;1,0
44;0,05;3;predictive;69;1;41;1,0
44;0,05;3;predictive;70;1;46;0,8913043478260869
44;0,05;3;predictive;71;1;41;1,0
44;0,05;3;predictive;72;1;41;1,0
44;0,05;3;predictive;73;1;41;1,0
44;0,05;3;predictive;74;1;41;1,0
44;0,05;3;predictive;75;1;41;1,0
44;0,05;3;predictive;76;1;41;1,0
44;0,05;3;predictive;77;1;50;0,82
44;0,05;3;predictive;78;1;41;1,0
44;0,05;3;predictive;79;1;41;1,0
44;0,05;3;predictive;80;1;41;1,0
44;0,05;3;predictive;81;1;74;0,5540540540540541
44;0,05;3;predictive;82;1;41;1,0
44;0,05;3;predictive;83;1;41;1,0
44;0,05;3;predictive;84;1;41;1,0
44;0,05;3;predictive;85;1;42;0,9761904761904762
44;0,05;3;predictive;86;1;41;1,0
44;0,05;3;predictive;87;1;41;1,0
44;0,05;3;predictive;88;1;164;0,25
44;0,05;3;predictive;89;1;41;1,0
44;0,05;3;predictive;90;1;41;1,0
44;0,05;3;predictive;91;1;41;1,0
44;0,05;3;predictive;92;1;42;0,9761904761904762
44;0,05;3;predictive;93;1;41;1,0
44;0,05;3;predictive;94;1;42;0,9761904761904762
44;0,05;3;predictive;95;1;41;1,0
44;0,05;3;predictive;96;1;41;1,0
44;0,05;3;predictive;97;1;43;0,9534883720930233
44;0,05;3;predictive;98;1;41;1,0
44;0,05;3;predictive;99;1;41;1,0
44;0,05;3;predictive;100;1;42;0,9761904761904762
55;0,005;1;shortest;1;1;59;1,0
55;0,005;1;shortest;2;1;59;1,0
55;0,005;1;shortest;3;0;52;
55;0,005;1;shortest;4;1;59;1,0
55;0,005;1;shortest;5;1;59;1,0
55;0,005;1;shortest;6;1;59;1,0
55;0,005;1;shortest;7;1;59;1,0
55;0,005;1;shortest;8;1;59;1,0
55;0,005;1;shortest;9;1;59;1,0
55;0,005;1;shortest;10;1;59;1,0
55;0,005;1;shortest;11;1;59;1,0
55;0,005;1;shortest;12;1;59;1,0
55;0,005;1;shortest;13;1;59;1,0
55;0,005;1;shortest;14;1;59;1,0
55;0,005;1;shortest;15;1;59;1,0
55;0,005;1;shortest;16;1;59;1,0
55;0,005;1;shortest;17;1;59;1,0
55;0,005;1;shortest;18;1;59;1,0
55;0,005;1;shortest;19;1;59;1,0
55;0,005;1;shortest;20;1;59;1,0
55;0,005;1;shortest;21;1;59;1,0
55;0,005;1;shortest;22;1;59;1,0
55;0,005;1;shortest;23;1;59;1,0
55;0,005;1;shortest;24;1;59;1,0
55;0,005;1;shortest;25;1;59;1,0
55;0,005;1;shortest;26;1;59;1,0
55;0,005;1;shortest;27;1;59;1,0
55;0,005;1;shortest;28;1;59;1,0
55;0,005;1;shortest;29;1;59;1,0
55;0,005;1;shortest;30;1;59;1,0
55;0,005;1;shortest;31;1;59;1,0
55;0,005;1;shortest;32;1;59;1,0
55;0,005;1;shortest;33;1;59;1,0
55;0,005;1;shortest;34;1;59;1,0
55;0,005;1;shortest;35;1;59;1,0
55;0,005;1;shortest;36;1;59;1,0
55;0,005;1;shortest;37;1;59;1,0
55;0,005;1;shortest;38;1;59;1,0
55;0,005;1;shortest;39;1;59;1,0
55;0,005;1;shortest;40;1;59;1,0
55;0,005;1;shortest;41;1;59;1,0
55;0,005;1;shortest;42;1;59;1,0
55;0,005;1;shortest;43;0;57;
55;0,005;1;shortest;44;1;59;1,0
55;0,005;1;shortest;45;1;59;1,0
55;0,005;1;shortest;46;1;59;1,0
55;0,005;1;shortest;47;0;16;
55;0,005;1;shortest;48;0;53;
55;0,005;1;shortest;49;1;59;1,0
55;0,005;1;shortest;50;1;59;1,0
55;0,005;1;shortest;51;1;59;1,0
55;0,005;1;shortest;52;1;59;1,0
55;0,005;1;shortest;53;1;59;1,0
55;0,005;1;shortest;54;1;59;1,0
55;0,005;1;shortest;55;1;59;1,0
55;0,005;1;shortest;56;1;59;1,0
55;0,005;1;shortest;57;1;59;1,0
55;0,005;1;shortest;58;1;59;1,0
55;0,005;1;shortest;59;1;59;1,0
55;0,005;1;shortest;60;1;59;1,0
55;0,005;1;shortest;61;1;59;1,0
55;0,005;1;shortest;62;1;59;1,0
55;0,005;1;shortest;63;1;59;1,0
55;0,005;1;shortest;64;1;59;1,0
55;0,005;1;shortest;65;1;59;1,0
55;0,005;1;shortest;66;1;59;1,0
55;0,005;1;shortest;67;1;59;1,0
55;0,005;1;shortest;68;1;59;1,0
55;0,005;1;shortest;69;1;59;1,0
55;0,005;1;shortest;70;1;59;1,0
55;0,005;1;shortest;71;1;59;1,0
55;0,005;1;shortest;72;1;59;1,0
55;0,005;1;shortest;73;1;59;1,0
55;0,005;1;shortest;74;1;59;1,0
55;0,005;1;shortest;75;1;59;1,0
55;0,005;1;shortest;76;1;59;1,0
55;0,005;1;shortest;77;0;53;
55;0,005;1;shortest;78;1;59;1,0
55;0,005;1;shortest;79;1;59;1,0
55;0,005;1;shortest;80;1;59;1,0
55;0,005;1;shortest;81;1;59;1,0
55;0,005;1;shortest;82;1;59;1,0
55;0,005;1;shortest;83;1;59;1,0
55;0,005;1;shortest;84;1;59;1,0
55;0,005;1;shortest;85;1;59;1,0
55;0,005;1;shortest;86;1;59;1,0
55;0,005;1;shortest;87;1;59;1,0
55;0,005;1;shortest;88;1;59;1,0
55;0,005;1;shortest;89;1;59;1,0
55;0,005;1;shortest;90;1;59;1,0
55;0,005;1;shortest;91;1;59;1,0
55;0,005;1;shortest;92;1;59;1,0
55;0,005;1;shortest;93;1;59;1,0
55;0,005;1;shortest;94;1;59;1,0
55;0,005;1;shortest;95;1;59;1,0
55;0,005;1;shortest;96;1;59;1,0
55;0,005;1;shortest;97;1;59;1,0
55;0,005;1;shortest;98;1;59;1,0
55;0,005;1;shortest;99;1;59;1,0
55;0,005;1;shortest;100;1;59;1,0
55;0,005;1;safe;1;1;59;1,0
55;0,005;1;safe;2;1;59;1,0
55;0,005;1;safe;3;0;52;
55;0,005;1;safe;4;1;59;1,0
55;0,005;1;safe;5;1;59;1,0
55;0,005;1;safe;6;1;59;1,0
55;0,005;1;safe;7;1;59;1,0
55;0,005;1;safe;8;1;59;1,0
55;0,005;1;safe;9;1;59;1,0
55;0,005;1;safe;10;1;59;1,0
55;0,005;1;safe;11;1;59;1,0
55;0,005;1;safe;12;1;59;1,0
55;0,005;1;safe;13;1;59;1,0
55;0,005;1;safe;14;1;59;1,0
55;0,005;1;safe;15;1;59;1,0
55;0,005;1;safe;16;1;59;1,0
55;0,005;1;safe;17;1;59;1,0
55;0,005;1;safe;18;1;59;1,0
55;0,005;1;safe;19;1;59;1,0
55;0,005;1;safe;20;1;59;1,0
55;0,005;1;safe;21;1;59;1,0
55;0,005;1;safe;22;1;59;1,0
55;0,005;1;safe;23;1;59;1,0
55;0,005;1;safe;24;1;59;1,0
55;0,005;1;safe;25;1;59;1,0
55;0,005;1;safe;26;1;59;1,0
55;0,005;1;safe;27;1;59;1,0
55;0,005;1;safe;28;1;59;1,0
55;0,005;1;safe;29;1;59;1,0
55;0,005;1;safe;30;1;59;1,0
55;0,005;1;safe;31;1;59;1,0
55;0,005;1;safe;32;1;59;1,0
55;0,005;1;safe;33;1;59;1,0
55;0,005;1;safe;34;1;59;1,0
55;0,005;1;safe;35;1;59;1,0
55;0,005;1;safe;36;1;59;1,0
55;0,005;1;safe;37;1;59;1,0
55;0,005;1;safe;38;1;59;1,0
55;0,005;1;safe;39;1;59;1,0
55;0,005;1;safe;40;1;59;1,0
55;0,005;1;safe;41;1;59;1,0
55;0,005;1;safe;42;1;59;1,0
55;0,005;1;safe;43;0;57;
55;0,005;1;safe;44;1;59;1,0
55;0,005;1;safe;45;1;59;1,0
55;0,005;1;safe;46;1;59;1,0
55;0,005;1;safe;47;0;16;
55;0,005;1;safe;48;1;59;1,0
55;0,005;1;safe;49;1;59;1,0
55;0,005;1;safe;50;1;59;1,0
55;0,005;1;safe;51;1;59;1,0
55;0,005;1;safe;52;1;59;1,0
55;0,005;1;safe;53;1;59;1,0
55;0,005;1;safe;54;1;59;1,0
55;0,005;1;safe;55;1;59;1,0
55;0,005;1;safe;56;1;59;1,0
55;0,005;1;safe;57;1;59;1,0
55;0,005;1;safe;58;1;59;1,0
55;0,005;1;safe;59;1;59;1,0
55;0,005;1;safe;60;1;59;1,0
55;0,005;1;safe;61;1;59;1,0
55;0,005;1;safe;62;1;59;1,0
55;0,005;1;safe;63;1;59;1,0
55;0,005;1;safe;64;1;59;1,0
55;0,005;1;safe;65;1;59;1,0
55;0,005;1;safe;66;1;59;1,0
55;0,005;1;safe;67;1;59;1,0
55;0,005;1;safe;68;1;59;1,0
55;0,005;1;safe;69;1;59;1,0
55;0,005;1;safe;70;1;59;1,0
55;0,005;1;safe;71;1;59;1,0
55;0,005;1;safe;72;1;59;1,0
55;0,005;1;safe;73;1;59;1,0
55;0,005;1;safe;74;1;59;1,0
55;0,005;1;safe;75;1;59;1,0
55;0,005;1;safe;76;1;59;1,0
55;0,005;1;safe;77;1;59;1,0
55;0,005;1;safe;78;1;59;1,0
55;0,005;1;safe;79;1;59;1,0
55;0,005;1;safe;80;1;59;1,0
55;0,005;1;safe;81;1;59;1,0
55;0,005;1;safe;82;1;59;1,0
55;0,005;1;safe;83;1;59;1,0
55;0,005;1;safe;84;1;59;1,0
55;0,005;1;safe;85;1;59;1,0
55;0,005;1;safe;86;1;59;1,0
55;0,005;1;safe;87;1;59;1,0
55;0,005;1;safe;88;1;59;1,0
55;0,005;1;safe;89;1;59;1,0
55;0,005;1;safe;90;1;59;1,0
55;0,005;1;safe;91;1;59;1,0
55;0,005;1;safe;92;1;59;1,0
55;0,005;1;safe;93;1;59;1,0
55;0,005;1;safe;94;1;59;1,0
55;0,005;1;safe;95;1;59;1,0
55;0,005;1;safe;96;1;59;1,0
55;0,005;1;safe;97;1;59;1,0
55;0,005;1;safe;98;1;59;1,0
55;0,005;1;safe;99;1;59;1,0
55;0,005;1;safe;100;1;59;1,0
55;0,005;1;predictive;1;1;59;1,0
55;0,005;1;predictive;2;1;59;1,0
55;0,005;1;predictive;3;1;148;0,39864864864864863
55;0,005;1;predictive;4;1;59;1,0
55;0,005;1;predictive;5;1;59;1,0
55;0,005;1;predictive;6;1;59;1,0
55;0,005;1;predictive;7;1;59;1,0
55;0,005;1;predictive;8;1;59;1,0
55;0,005;1;predictive;9;1;59;1,0
55;0,005;1;predictive;10;1;59;1,0
55;0,005;1;predictive;11;1;59;1,0
55;0,005;1;predictive;12;1;59;1,0
55;0,005;1;predictive;13;1;59;1,0
55;0,005;1;predictive;14;1;59;1,0
55;0,005;1;predictive;15;1;59;1,0
55;0,005;1;predictive;16;1;59;1,0
55;0,005;1;predictive;17;1;59;1,0
55;0,005;1;predictive;18;1;59;1,0
55;0,005;1;predictive;19;1;59;1,0
55;0,005;1;predictive;20;1;59;1,0
55;0,005;1;predictive;21;1;59;1,0
55;0,005;1;predictive;22;1;59;1,0
55;0,005;1;predictive;23;1;59;1,0
55;0,005;1;predictive;24;1;59;1,0
55;0,005;1;predictive;25;1;59;1,0
55;0,005;1;predictive;26;1;59;1,0
55;0,005;1;predictive;27;1;59;1,0
55;0,005;1;predictive;28;1;59;1,0
55;0,005;1;predictive;29;1;59;1,0
55;0,005;1;predictive;30;1;59;1,0
55;0,005;1;predictive;31;1;59;1,0
55;0,005;1;predictive;32;1;59;1,0
55;0,005;1;predictive;33;1;59;1,0
55;0,005;1;predictive;34;1;59;1,0
55;0,005;1;predictive;35;1;59;1,0
55;0,005;1;predictive;36;1;59;1,0
55;0,005;1;predictive;37;1;59;1,0
55;0,005;1;predictive;38;1;59;1,0
55;0,005;1;predictive;39;1;59;1,0
55;0,005;1;predictive;40;1;59;1,0
55;0,005;1;predictive;41;1;59;1,0
55;0,005;1;predictive;42;1;59;1,0
55;0,005;1;predictive;43;1;59;1,0
55;0,005;1;predictive;44;1;59;1,0
55;0,005;1;predictive;45;1;60;0,9833333333333333
55;0,005;1;predictive;46;1;59;1,0
55;0,005;1;predictive;47;1;59;1,0
55;0,005;1;predictive;48;1;59;1,0
55;0,005;1;predictive;49;1;59;1,0
55;0,005;1;predictive;50;1;59;1,0
55;0,005;1;predictive;51;1;59;1,0
55;0,005;1;predictive;52;1;59;1,0
55;0,005;1;predictive;53;1;59;1,0
55;0,005;1;predictive;54;1;59;1,0
55;0,005;1;predictive;55;1;59;1,0
55;0,005;1;predictive;56;1;59;1,0
55;0,005;1;predictive;57;1;83;0,7108433734939759
55;0,005;1;predictive;58;1;59;1,0
55;0,005;1;predictive;59;1;59;1,0
55;0,005;1;predictive;60;1;59;1,0
55;0,005;1;predictive;61;1;69;0,855072463768116
55;0,005;1;predictive;62;1;59;1,0
55;0,005;1;predictive;63;1;59;1,0
55;0,005;1;predictive;64;1;59;1,0
55;0,005;1;predictive;65;1;59;1,0
55;0,005;1;predictive;66;1;59;1,0
55;0,005;1;predictive;67;1;59;1,0
55;0,005;1;predictive;68;1;59;1,0
55;0,005;1;predictive;69;1;59;1,0
55;0,005;1;predictive;70;1;59;1,0
55;0,005;1;predictive;71;1;59;1,0
55;0,005;1;predictive;72;1;59;1,0
55;0,005;1;predictive;73;1;59;1,0
55;0,005;1;predictive;74;1;59;1,0
55;0,005;1;predictive;75;1;59;1,0
55;0,005;1;predictive;76;1;59;1,0
55;0,005;1;predictive;77;1;59;1,0
55;0,005;1;predictive;78;1;59;1,0
55;0,005;1;predictive;79;1;59;1,0
55;0,005;1;predictive;80;1;59;1,0
55;0,005;1;predictive;81;1;59;1,0
55;0,005;1;predictive;82;1;59;1,0
55;0,005;1;predictive;83;1;59;1,0
55;0,005;1;predictive;84;1;59;1,0
55;0,005;1;predictive;85;1;59;1,0
55;0,005;1;predictive;86;1;59;1,0
55;0,005;1;predictive;87;1;59;1,0
55;0,005;1;predictive;88;1;59;1,0
55;0,005;1;predictive;89;1;59;1,0
55;0,005;1;predictive;90;1;59;1,0
55;0,005;1;predictive;91;1;59;1,0
55;0,005;1;predictive;92;1;59;1,0
55;0,005;1;predictive;93;1;59;1,0
55;0,005;1;predictive;94;1;59;1,0
55;0,005;1;predictive;95;1;59;1,0
55;0,005;1;predictive;96;1;59;1,0
55;0,005;1;predictive;97;1;59;1,0
55;0,005;1;predictive;98;1;59;1,0
55;0,005;1;predictive;99;1;59;1,0
55;0,005;1;predictive;100;1;59;1,0
55;0,005;2;shortest;1;1;55;1,0
55;0,005;2;shortest;2;1;55;1,0
55;0,005;2;shortest;3;1;55;1,0
55;0,005;2;shortest;4;1;55;1,0
55;0,005;2;shortest;5;1;55;1,0
55;0,005;2;shortest;6;1;55;1,0
55;0,005;2;shortest;7;1;55;1,0
55;0,005;2;shortest;8;1;55;1,0
55;0,005;2;shortest;9;1;55;1,0
55;0,005;2;shortest;10;1;55;1,0
55;0,005;2;shortest;11;1;55;1,0
55;0,005;2;shortest;12;1;55;1,0
55;0,005;2;shortest;13;1;55;1,0
55;0,005;2;shortest;14;1;55;1,0
55;0,005;2;shortest;15;1;55;1,0
55;0,005;2;shortest;16;1;55;1,0
55;0,005;2;shortest;17;1;55;1,0
55;0,005;2;shortest;18;1;55;1,0
55;0,005;2;shortest;19;1;55;1,0
55;0,005;2;shortest;20;1;55;1,0
55;0,005;2;shortest;21;1;55;1,0
55;0,005;2;shortest;22;0;54;
55;0,005;2;shortest;23;1;55;1,0
55;0,005;2;shortest;24;1;55;1,0
55;0,005;2;shortest;25;1;55;1,0
55;0,005;2;shortest;26;1;55;1,0
55;0,005;2;shortest;27;1;55;1,0
55;0,005;2;shortest;28;1;55;1,0
55;0,005;2;shortest;29;1;55;1,0
55;0,005;2;shortest;30;1;55;1,0
55;0,005;2;shortest;31;0;54;
55;0,005;2;shortest;32;1;55;1,0
55;0,005;2;shortest;33;1;55;1,0
55;0,005;2;shortest;34;1;55;1,0
55;0,005;2;shortest;35;1;55;1,0
55;0,005;2;shortest;36;1;55;1,0
55;0,005;2;shortest;37;1;55;1,0
55;0,005;2;shortest;38;1;55;1,0
55;0,005;2;shortest;39;1;55;1,0
55;0,005;2;shortest;40;1;55;1,0
55;0,005;2;shortest;41;1;55;1,0
55;0,005;2;shortest;42;1;55;1,0
55;0,005;2;shortest;43;1;55;1,0
55;0,005;2;shortest;44;1;55;1,0
55;0,005;2;shortest;45;1;55;1,0
55;0,005;2;shortest;46;1;55;1,0
55;0,005;2;shortest;47;1;55;1,0
55;0,005;2;shortest;48;1;55;1,0
55;0,005;2;shortest;49;1;55;1,0
55;0,005;2;shortest;50;1;55;1,0
55;0,005;2;shortest;51;1;55;1,0
55;0,005;2;shortest;52;1;55;1,0
55;0,005;2;shortest;53;1;55;1,0
55;0,005;2;shortest;54;1;55;1,0
55;0,005;2;shortest;55;1;55;1,0
55;0,005;2;shortest;56;1;55;1,0
55;0,005;2;shortest;57;1;55;1,0
55;0,005;2;shortest;58;1;55;1,0
55;0,005;2;shortest;59;1;55;1,0
55;0,005;2;shortest;60;1;55;1,0
55;0,005;2;shortest;61;1;55;1,0
55;0,005;2;shortest;62;1;55;1,0
55;0,005;2;shortest;63;1;55;1,0
55;0,005;2;shortest;64;1;55;1,0
55;0,005;2;shortest;65;1;55;1,0
55;0,005;2;shortest;66;1;55;1,0
55;0,005;2;shortest;67;1;55;1,0
55;0,005;2;shortest;68;1;55;1,0
55;0,005;2;shortest;69;1;55;1,0
55;0,005;2;shortest;70;1;55;1,0
55;0,005;2;shortest;71;1;55;1,0
55;0,005;2;shortest;72;1;55;1,0
55;0,005;2;shortest;73;1;55;1,0
55;0,005;2;shortest;74;1;55;1,0
55;0,005;2;shortest;75;1;55;1,0
55;0,005;2;shortest;76;1;55;1,0
55;0,005;2;shortest;77;1;55;1,0
55;0,005;2;shortest;78;1;55;1,0
55;0,005;2;shortest;79;1;55;1,0
55;0,005;2;shortest;80;1;55;1,0
55;0,005;2;shortest;81;1;55;1,0
55;0,005;2;shortest;82;1;55;1,0
55;0,005;2;shortest;83;1;55;1,0
55;0,005;2;shortest;84;1;55;1,0
55;0,005;2;shortest;85;1;55;1,0
55;0,005;2;shortest;86;1;55;1,0
55;0,005;2;shortest;87;1;55;1,0
55;0,005;2;shortest;88;1;55;1,0
55;0,005;2;shortest;89;1;55;1,0
55;0,005;2;shortest;90;1;55;1,0
55;0,005;2;shortest;91;1;55;1,0
55;0,005;2;shortest;92;1;55;1,0
55;0,005;2;shortest;93;1;55;1,0
55;0,005;2;shortest;94;1;55;1,0
55;0,005;2;shortest;95;1;55;1,0
55;0,005;2;shortest;96;1;55;1,0
55;0,005;2;shortest;97;1;55;1,0
55;0,005;2;shortest;98;1;55;1,0
55;0,005;2;shortest;99;1;55;1,0
55;0,005;2;shortest;100;1;55;1,0
55;0,005;2;safe;1;1;55;1,0
55;0,005;2;safe;2;1;55;1,0
55;0,005;2;safe;3;1;55;1,0
55;0,005;2;safe;4;1;55;1,0
55;0,005;2;safe;5;1;55;1,0
55;0,005;2;safe;6;1;55;1,0
55;0,005;2;safe;7;1;55;1,0
55;0,005;2;safe;8;1;55;1,0
55;0,005;2;safe;9;1;55;1,0
55;0,005;2;safe;10;1;55;1,0
55;0,005;2;safe;11;1;55;1,0
55;0,005;2;safe;12;1;55;1,0
55;0,005;2;safe;13;1;55;1,0
55;0,005;2;safe;14;1;55;1,0
55;0,005;2;safe;15;1;55;1,0
55;0,005;2;safe;16;1;55;1,0
55;0,005;2;safe;17;1;55;1,0
55;0,005;2;safe;18;1;55;1,0
55;0,005;2;safe;19;1;55;1,0
55;0,005;2;safe;20;1;55;1,0
55;0,005;2;safe;21;1;55;1,0
55;0,005;2;safe;22;0;54;
55;0,005;2;safe;23;1;55;1,0
55;0,005;2;safe;24;1;55;1,0
55;0,005;2;safe;25;1;55;1,0
55;0,005;2;safe;26;1;55;1,0
55;0,005;2;safe;27;1;55;1,0
55;0,005;2;safe;28;1;55;1,0
55;0,005;2;safe;29;1;55;1,0
55;0,005;2;safe;30;1;55;1,0
55;0,005;2;safe;31;0;54;
55;0,005;2;safe;32;1;55;1,0
55;0,005;2;safe;33;1;55;1,0
55;0,005;2;safe;34;1;55;1,0
55;0,005;2;safe;35;1;55;1,0
55;0,005;2;safe;36;1;55;1,0
55;0,005;2;safe;37;1;55;1,0
55;0,005;2;safe;38;1;55;1,0
55;0,005;2;safe;39;1;55;1,0
55;0,005;2;safe;40;1;55;1,0
55;0,005;2;safe;41;1;55;1,0
55;0,005;2;safe;42;1;55;1,0
55;0,005;2;safe;43;1;55;1,0
55;0,005;2;safe;44;1;55;1,0
55;0,005;2;safe;45;1;55;1,0
55;0,005;2;safe;46;1;55;1,0
55;0,005;2;safe;47;1;55;1,0
55;0,005;2;safe;48;1;55;1,0
55;0,005;2;safe;49;1;55;1,0
55;0,005;2;safe;50;1;55;1,0
55;0,005;2;safe;51;1;55;1,0
55;0,005;2;safe;52;1;55;1,0
55;0,005;2;safe;53;1;55;1,0
55;0,005;2;safe;54;1;55;1,0
55;0,005;2;safe;55;1;55;1,0
55;0,005;2;safe;56;1;55;1,0
55;0,005;2;safe;57;1;55;1,0
55;0,005;2;safe;58;1;55;1,0
55;0,005;2;safe;59;1;55;1,0
55;0,005;2;safe;60;1;55;1,0
55;0,005;2;safe;61;1;55;1,0
55;0,005;2;safe;62;1;55;1,0
55;0,005;2;safe;63;1;55;1,0
55;0,005;2;safe;64;1;55;1,0
55;0,005;2;safe;65;1;55;1,0
55;0,005;2;safe;66;1;55;1,0
55;0,005;2;safe;67;1;55;1,0
55;0,005;2;safe;68;1;55;1,0
55;0,005;2;safe;69;1;55;1,0
55;0,005;2;safe;70;1;55;1,0
55;0,005;2;safe;71;1;55;1,0
55;0,005;2;safe;72;1;55;1,0
55;0,005;2;safe;73;1;55;1,0
55;0,005;2;safe;74;1;55;1,0
55;0,005;2;safe;75;1;55;1,0
55;0,005;2;safe;76;1;55;1,0
55;0,005;2;safe;77;1;55;1,0
55;0,005;2;safe;78;1;55;1,0
55;0,005;2;safe;79;1;55;1,0
55;0,005;2;safe;80;1;55;1,0
55;0,005;2;safe;81;1;55;1,0
55;0,005;2;safe;82;1;55;1,0
55;0,005;2;safe;83;1;55;1,0
55;0,005;2;safe;84;1;55;1,0
55;0,005;2;safe;85;1;55;1,0
55;0,005;2;safe;86;1;55;1,0
55;0,005;2;safe;87;1;55;1,0
55;0,005;2;safe;88;1;55;1,0
55;0,005;2;safe;89;1;55;1,0
55;0,005;2;safe;90;1;55;1,0
55;0,005;2;safe;91;1;55;1,0
55;0,005;2;safe;92;1;55;1,0
55;0,005;2;safe;93;1;55;1,0
55;0,005;2;safe;94;1;55;1,0
55;0,005;2;safe;95;1;55;1,0
55;0,005;2;safe;96;1;55;1,0
55;0,005;2;safe;97;1;55;1,0
55;0,005;2;safe;98;1;55;1,0
55;0,005;2;safe;99;1;55;1,0
55;0,005;2;safe;100;1;55;1,0
55;0,005;2;predictive;1;1;55;1,0
55;0,005;2;predictive;2;1;55;1,0
55;0,005;2;predictive;3;1;55;1,0
55;0,005;2;predictive;4;1;55;1,0
55;0,005;2;predictive;5;1;55;1,0
55;0,005;2;predictive;6;1;55;1,0
55;0,005;2;predictive;7;1;55;1,0
55;0,005;2;predictive;8;1;55;1,0
55;0,005;2;predictive;9;1;55;1,0
55;0,005;2;predictive;10;1;55;1,0
55;0,005;2;predictive;11;1;55;1,0
55;0,005;2;predictive;12;1;55;1,0
55;0,005;2;predictive;13;1;55;1,0
55;0,005;2;predictive;14;1;55;1,0
55;0,005;2;predictive;15;1;55;1,0
55;0,005;2;predictive;16;1;55;1,0
55;0,005;2;predictive;17;1;55;1,0
55;0,005;2;predictive;18;1;55;1,0
55;0,005;2;predictive;19;1;55;1,0
55;0,005;2;predictive;20;1;55;1,0
55;0,005;2;predictive;21;1;55;1,0
55;0,005;2;predictive;22;1;60;0,9166666666666666
55;0,005;2;predictive;23;1;55;1,0
55;0,005;2;predictive;24;1;55;1,0
55;0,005;2;predictive;25;1;55;1,0
55;0,005;2;predictive;26;1;77;0,7142857142857143
55;0,005;2;predictive;27;1;55;1,0
55;0,005;2;predictive;28;1;55;1,0
55;0,005;2;predictive;29;1;55;1,0
55;0,005;2;predictive;30;1;55;1,0
55;0,005;2;predictive;31;1;58;0,9482758620689655
55;0,005;2;predictive;32;1;55;1,0
55;0,005;2;predictive;33;1;55;1,0
55;0,005;2;predictive;34;1;55;1,0
55;0,005;2;predictive;35;1;55;1,0
55;0,005;2;predictive;36;1;55;1,0
55;0,005;2;predictive;37;1;73;0,7534246575342466
55;0,005;2;predictive;38;1;55;1,0
55;0,005;2;predictive;39;1;55;1,0
55;0,005;2;predictive;40;1;55;1,0
55;0,005;2;predictive;41;1;55;1,0
55;0,005;2;predictive;42;1;55;1,0
55;0,005;2;predictive;43;1;55;1,0
55;0,005;2;predictive;44;1;55;1,0
55;0,005;2;predictive;45;1;55;1,0
55;0,005;2;predictive;46;1;55;1,0
55;0,005;2;predictive;47;1;55;1,0
55;0,005;2;predictive;48;1;55;1,0
55;0,005;2;predictive;49;1;90;0,6111111111111112
55;0,005;2;predictive;50;1;55;1,0
55;0,005;2;predictive;51;1;55;1,0
55;0,005;2;predictive;52;1;55;1,0
55;0,005;2;predictive;53;1;55;1,0
55;0,005;2;predictive;54;1;55;1,0
55;0,005;2;predictive;55;1;55;1,0
55;0,005;2;predictive;56;1;55;1,0
55;0,005;2;predictive;57;1;55;1,0
55;0,005;2;predictive;58;1;55;1,0
55;0,005;2;predictive;59;1;55;1,0
55;0,005;2;predictive;60;1;55;1,0
55;0,005;2;predictive;61;1;55;1,0
55;0,005;2;predictive;62;1;55;1,0
55;0,005;2;predictive;63;1;55;1,0
55;0,005;2;predictive;64;1;55;1,0
55;0,005;2;predictive;65;1;55;1,0
55;0,005;2;predictive;66;1;55;1,0
55;0,005;2;predictive;67;1;55;1,0
55;0,005;2;predictive;68;1;55;1,0
55;0,005;2;predictive;69;1;55;1,0
55;0,005;2;predictive;70;1;55;1,0
55;0,005;2;predictive;71;1;55;1,0
55;0,005;2;predictive;72;1;55;1,0
55;0,005;2;predictive;73;1;55;1,0
55;0,005;2;predictive;74;1;55;1,0
55;0,005;2;predictive;75;1;55;1,0
55;0,005;2;predictive;76;1;55;1,0
55;0,005;2;predictive;77;1;55;1,0
55;0,005;2;predictive;78;1;55;1,0
55;0,005;2;predictive;79;1;55;1,0
55;0,005;2;predictive;80;1;55;1,0
55;0,005;2;predictive;81;1;55;1,0
55;0,005;2;predictive;82;1;55;1,0
55;0,005;2;predictive;83;1;55;1,0
55;0,005;2;predictive;84;1;55;1,0
55;0,005;2;predictive;85;1;55;1,0
55;0,005;2;predictive;86;1;55;1,0
55;0,005;2;predictive;87;1;55;1,0
55;0,005;2;predictive;88;1;55;1,0
55;0,005;2;predictive;89;1;55;1,0
55;0,005;2;predictive;90;1;55;1,0
55;0,005;2;predictive;91;1;55;1,0
55;0,005;2;predictive;92;1;55;1,0
55;0,005;2;predictive;93;1;55;1,0
55;0,005;2;predictive;94;1;55;1,0
55;0,005;2;predictive;95;1;55;1,0
55;0,005;2;predictive;96;1;55;1,0
55;0,005;2;predictive;97;1;55;1,0
55;0,005;2;predictive;98;1;55;1,0
55;0,005;2;predictive;99;1;55;1,0
55;0,005;2;predictive;100;1;58;0,9482758620689655
55;0,005;3;shortest;1;1;41;1,0
55;0,005;3;shortest;2;1;41;1,0
55;0,005;3;shortest;3;1;41;1,0
55;0,005;3;shortest;4;1;41;1,0
55;0,005;3;shortest;5;1;41;1,0
55;0,005;3;shortest;6;1;41;1,0
55;0,005;3;shortest;7;1;41;1,0
55;0,005;3;shortest;8;1;41;1,0
55;0,005;3;shortest;9;1;41;1,0
55;0,005;3;shortest;10;1;41;1,0
55;0,005;3;shortest;11;1;41;1,0
55;0,005;3;shortest;12;1;41;1,0
55;0,005;3;shortest;13;1;41;1,0
55;0,005;3;shortest;14;1;41;1,0
55;0,005;3;shortest;15;1;41;1,0
55;0,005;3;shortest;16;1;41;1,0
55;0,005;3;shortest;17;1;41;1,0
55;0,005;3;shortest;18;1;41;1,0
55;0,005;3;shortest;19;1;41;1,0
55;0,005;3;shortest;20;1;41;1,0
55;0,005;3;shortest;21;1;41;1,0
55;0,005;3;shortest;22;1;41;1,0
55;0,005;3;shortest;23;1;41;1,0
55;0,005;3;shortest;24;1;41;1,0
55;0,005;3;shortest;25;1;41;1,0
55;0,005;3;shortest;26;1;41;1,0
55;0,005;3;shortest;27;1;41;1,0
55;0,005;3;shortest;28;1;41;1,0
55;0,005;3;shortest;29;1;41;1,0
55;0,005;3;shortest;30;1;41;1,0
55;0,005;3;shortest;31;1;41;1,0
55;0,005;3;shortest;32;1;41;1,0
55;0,005;3;shortest;33;1;41;1,0
55;0,005;3;shortest;34;1;41;1,0
55;0,005;3;shortest;35;1;41;1,0
55;0,005;3;shortest;36;1;41;1,0
55;0,005;3;shortest;37;1;41;1,0
55;0,005;3;shortest;38;1;41;1,0
55;0,005;3;shortest;39;1;41;1,0
55;0,005;3;shortest;40;1;41;1,0
55;0,005;3;shortest;41;1;41;1,0
55;0,005;3;shortest;42;1;41;1,0
55;0,005;3;shortest;43;1;41;1,0
55;0,005;3;shortest;44;1;41;1,0
55;0,005;3;shortest;45;1;41;1,0
55;0,005;3;shortest;46;1;41;1,0
55;0,005;3;shortest;47;1;41;1,0
55;0,005;3;shortest;48;1;41;1,0
55;0,005;3;shortest;49;1;41;1,0
55;0,005;3;shortest;50;1;41;1,0
55;0,005;3;shortest;51;1;41;1,0
55;0,005;3;shortest;52;1;41;1,0
55;0,005;3;shortest;53;1;41;1,0
55;0,005;3;shortest;54;1;41;1,0
55;0,005;3;shortest;55;1;41;1,0
55;0,005;3;shortest;56;1;41;1,0
55;0,005;3;shortest;57;1;41;1,0
55;0,005;3;shortest;58;1;41;1,0
55;0,005;3;shortest;59;1;41;1,0
55;0,005;3;shortest;60;1;41;1,0
55;0,005;3;shortest;61;1;41;1,0
55;0,005;3;shortest;62;1;41;1,0
55;0,005;3;shortest;63;1;41;1,0
55;0,005;3;shortest;64;1;41;1,0
55;0,005;3;shortest;65;1;41;1,0
55;0,005;3;shortest;66;1;41;1,0
55;0,005;3;shortest;67;1;41;1,0
55;0,005;3;shortest;68;1;41;1,0
55;0,005;3;shortest;69;1;41;1,0
55;0,005;3;shortest;70;1;41;1,0
55;0,005;3;shortest;71;1;41;1,0
55;0,005;3;shortest;72;1;41;1,0
55;0,005;3;shortest;73;1;41;1,0
55;0,005;3;shortest;74;1;41;1,0
55;0,005;3;shortest;75;1;41;1,0
55;0,005;3;shortest;76;1;41;1,0
55;0,005;3;shortest;77;1;41;1,0
55;0,005;3;shortest;78;1;41;1,0
55;0,005;3;shortest;79;1;41;1,0
55;0,005;3;shortest;80;1;41;1,0
55;0,005;3;shortest;81;1;41;1,0
55;0,005;3;shortest;82;1;41;1,0
55;0,005;3;shortest;83;1;41;1,0
55;0,005;3;shortest;84;1;41;1,0
55;0,005;3;shortest;85;1;41;1,0
55;0,005;3;shortest;86;1;41;1,0
55;0,005;3;shortest;87;1;41;1,0
55;0,005;3;shortest;88;1;41;1,0
55;0,005;3;shortest;89;1;41;1,0
55;0,005;3;shortest;90;1;41;1,0
55;0,005;3;shortest;91;1;41;1,0
55;0,005;3;shortest;92;1;41;1,0
55;0,005;3;shortest;93;1;41;1,0
55;0,005;3;shortest;94;1;41;1,0
55;0,005;3;shortest;95;1;41;1,0
55;0,005;3;shortest;96;1;41;1,0
55;0,005;3;shortest;97;1;41;1,0
55;0,005;3;shortest;98;1;41;1,0
55;0,005;3;shortest;99;1;41;1,0
55;0,005;3;shortest;100;1;41;1,0
55;0,005;3;safe;1;1;41;1,0
55;0,005;3;safe;2;1;41;1,0
55;0,005;3;safe;3;1;41;1,0
55;0,005;3;safe;4;1;41;1,0
55;0,005;3;safe;5;1;41;1,0
55;0,005;3;safe;6;1;41;1,0
55;0,005;3;safe;7;1;41;1,0
55;0,005;3;safe;8;1;41;1,0
55;0,005;3;safe;9;1;41;1,0
55;0,005;3;safe;10;1;41;1,0
55;0,005;3;safe;11;1;41;1,0
55;0,005;3;safe;12;1;41;1,0
55;0,005;3;safe;13;1;41;1,0
55;0,005;3;safe;14;1;41;1,0
55;0,005;3;safe;15;1;41;1,0
55;0,005;3;safe;16;1;41;1,0
55;0,005;3;safe;17;1;41;1,0
55;0,005;3;safe;18;1;41;1,0
55;0,005;3;safe;19;1;41;1,0
55;0,005;3;safe;20;1;41;1,0
55;0,005;3;safe;21;1;41;1,0
55;0,005;3;safe;22;1;41;1,0
55;0,005;3;safe;23;1;41;1,0
55;0,005;3;safe;24;1;41;1,0
55;0,005;3;safe;25;1;41;1,0
55;0,005;3;safe;26;1;41;1,0
55;0,005;3;safe;27;1;41;1,0
55;0,005;3;safe;28;1;41;1,0
55;0,005;3;safe;29;1;41;1,0
55;0,005;3;safe;30;1;41;1,0
55;0,005;3;safe;31;1;41;1,0
55;0,005;3;safe;32;1;41;1,0
55;0,005;3;safe;33;1;41;1,0
55;0,005;3;safe;34;1;41;1,0
55;0,005;3;safe;35;1;41;1,0
55;0,005;3;safe;36;1;41;1,0
55;0,005;3;safe;37;1;41;1,0
55;0,005;3;safe;38;1;41;1,0
55;0,005;3;safe;39;1;41;1,0
55;0,005;3;safe;40;1;41;1,0
55;0,005;3;safe;41;1;41;1,0
55;0,005;3;safe;42;1;41;1,0
55;0,005;3;safe;43;1;41;1,0
55;0,005;3;safe;44;1;41;1,0
55;0,005;3;safe;45;1;41;1,0
55;0,005;3;safe;46;1;41;1,0
55;0,005;3;safe;47;1;41;1,0
55;0,005;3;safe;48;1;41;1,0
55;0,005;3;safe;49;1;41;1,0
55;0,005;3;safe;50;1;41;1,0
55;0,005;3;safe;51;1;41;1,0
55;0,005;3;safe;52;1;41;1,0
55;0,005;3;safe;53;1;41;1,0
55;0,005;3;safe;54;1;41;1,0
55;0,005;3;safe;55;1;41;1,0
55;0,005;3;safe;56;1;41;1,0
55;0,005;3;safe;57;1;41;1,0
55;0,005;3;safe;58;1;41;1,0
55;0,005;3;safe;59;1;41;1,0
55;0,005;3;safe;60;1;41;1,0
55;0,005;3;safe;61;1;41;1,0
55;0,005;3;safe;62;1;41;1,0
55;0,005;3;safe;63;1;41;1,0
55;0,005;3;safe;64;1;41;1,0
55;0,005;3;safe;65;1;41;1,0
55;0,005;3;safe;66;1;41;1,0
55;0,005;3;safe;67;1;41;1,0
55;0,005;3;safe;68;1;41;1,0
55;0,005;3;safe;69;1;41;1,0
55;0,005;3;safe;70;1;41;1,0
55;0,005;3;safe;71;1;41;1,0
55;0,005;3;safe;72;1;41;1,0
55;0,005;3;safe;73;1;41;1,0
55;0,005;3;safe;74;1;41;1,0
55;0,005;3;safe;75;1;41;1,0
55;0,005;3;safe;76;1;41;1,0
55;0,005;3;safe;77;1;41;1,0
55;0,005;3;safe;78;1;41;1,0
55;0,005;3;safe;79;1;41;1,0
55;0,005;3;safe;80;1;41;1,0
55;0,005;3;safe;81;1;41;1,0
55;0,005;3;safe;82;1;41;1,0
55;0,005;3;safe;83;1;41;1,0
55;0,005;3;safe;84;1;41;1,0
55;0,005;3;safe;85;1;41;1,0
55;0,005;3;safe;86;1;41;1,0
55;0,005;3;safe;87;1;41;1,0
55;0,005;3;safe;88;1;41;1,0
55;0,005;3;safe;89;1;41;1,0
55;0,005;3;safe;90;1;41;1,0
55;0,005;3;safe;91;1;41;1,0
55;0,005;3;safe;92;1;41;1,0
55;0,005;3;safe;93;1;41;1,0
55;0,005;3;safe;94;1;41;1,0
55;0,005;3;safe;95;1;41;1,0
55;0,005;3;safe;96;1;41;1,0
55;0,005;3;safe;97;1;41;1,0
55;0,005;3;safe;98;1;41;1,0
55;0,005;3;safe;99;1;41;1,0
55;0,005;3;safe;100;1;41;1,0
55;0,005;3;predictive;1;1;41;1,0
55;0,005;3;predictive;2;1;41;1,0
55;0,005;3;predictive;3;1;41;1,0
55;0,005;3;predictive;4;1;41;1,0
55;0,005;3;predictive;5;1;41;1,0
55;0,005;3;predictive;6;1;41;1,0
55;0,005;3;predictive;7;1;41;1,0
55;0,005;3;predictive;8;1;41;1,0
55;0,005;3;predictive;9;1;41;1,0
55;0,005;3;predictive;10;1;41;1,0
55;0,005;3;predictive;11;1;41;1,0
55;0,005;3;predictive;12;1;41;1,0
55;0,005;3;predictive;13;1;41;1,0
55;0,005;3;predictive;14;1;41;1,0
55;0,005;3;predictive;15;1;41;1,0
55;0,005;3;predictive;16;1;41;1,0
55;0,005;3;predictive;17;1;41;1,0
55;0,005;3;predictive;18;1;41;1,0
55;0,005;3;predictive;19;1;41;1,0
55;0,005;3;predictive;20;1;41;1,0
55;0,005;3;predictive;21;1;41;1,0
55;0,005;3;predictive;22;1;41;1,0
55;0,005;3;predictive;23;1;41;1,0
55;0,005;3;predictive;24;1;41;1,0
55;0,005;3;predictive;25;1;41;1,0
55;0,005;3;predictive;26;1;41;1,0
55;0,005;3;predictive;27;1;41;1,0
55;0,005;3;predictive;28;1;41;1,0
55;0,005;3;predictive;29;1;41;1,0
55;0,005;3;predictive;30;1;41;1,0
55;0,005;3;predictive;31;1;41;1,0
55;0,005;3;predictive;32;1;41;1,0
55;0,005;3;predictive;33;1;41;1,0
55;0,005;3;predictive;34;1;41;1,0
55;0,005;3;predictive;35;1;41;1,0
55;0,005;3;predictive;36;1;41;1,0
55;0,005;3;predictive;37;1;41;1,0
55;0,005;3;predictive;38;1;41;1,0
55;0,005;3;predictive;39;1;41;1,0
55;0,005;3;predictive;40;1;41;1,0
55;0,005;3;predictive;41;1;41;1,0
55;0,005;3;predictive;42;1;41;1,0
55;0,005;3;predictive;43;1;41;1,0
55;0,005;3;predictive;44;1;41;1,0
55;0,005;3;predictive;45;1;41;1,0
55;0,005;3;predictive;46;1;41;1,0
55;0,005;3;predictive;47;1;41;1,0
55;0,005;3;predictive;48;1;41;1,0
55;0,005;3;predictive;49;1;41;1,0
55;0,005;3;predictive;50;1;41;1,0
55;0,005;3;predictive;51;1;41;1,0
55;0,005;3;predictive;52;1;41;1,0
55;0,005;3;predictive;53;1;41;1,0
55;0,005;3;predictive;54;1;41;1,0
55;0,005;3;predictive;55;1;41;1,0
55;0,005;3;predictive;56;1;41;1,0
55;0,005;3;predictive;57;1;41;1,0
55;0,005;3;predictive;58;1;41;1,0
55;0,005;3;predictive;59;1;41;1,0
55;0,005;3;predictive;60;1;41;1,0
55;0,005;3;predictive;61;1;41;1,0
55;0,005;3;predictive;62;1;41;1,0
55;0,005;3;predictive;63;1;41;1,0
55;0,005;3;predictive;64;1;41;1,0
55;0,005;3;predictive;65;1;41;1,0
55;0,005;3;predictive;66;1;41;1,0
55;0,005;3;predictive;67;1;41;1,0
55;0,005;3;predictive;68;1;41;1,0
55;0,005;3;predictive;69;1;41;1,0
55;0,005;3;predictive;70;1;41;1,0
55;0,005;3;predictive;71;1;41;1,0
55;0,005;3;predictive;72;1;41;1,0
55;0,005;3;predictive;73;1;41;1,0
55;0,005;3;predictive;74;1;41;1,0
55;0,005;3;predictive;75;1;41;1,0
55;0,005;3;predictive;76;1;41;1,0
55;0,005;3;predictive;77;1;41;1,0
55;0,005;3;predictive;78;1;41;1,0
55;0,005;3;predictive;79;1;41;1,0
55;0,005;3;predictive;80;1;41;1,0
55;0,005;3;predictive;81;1;41;1,0
55;0,005;3;predictive;82;1;41;1,0
55;0,005;3;predictive;83;1;41;1,0
55;0,005;3;predictive;84;1;41;1,0
55;0,005;3;predictive;85;1;41;1,0
55;0,005;3;predictive;86;1;41;1,0
55;0,005;3;predictive;87;1;41;1,0
55;0,005;3;predictive;88;1;41;1,0
55;0,005;3;predictive;89;1;41;1,0
55;0,005;3;predictive;90;1;41;1,0
55;0,005;3;predictive;91;1;41;1,0
55;0,005;3;predictive;92;1;41;1,0
55;0,005;3;predictive;93;1;41;1,0
55;0,005;3;predictive;94;1;41;1,0
55;0,005;3;predictive;95;1;41;1,0
55;0,005;3;predictive;96;1;41;1,0
55;0,005;3;predictive;97;1;41;1,0
55;0,005;3;predictive;98;1;41;1,0
55;0,005;3;predictive;99;1;41;1,0
55;0,005;3;predictive;100;1;41;1,0
55;0,01;1;shortest;1;1;59;1,0
55;0,01;1;shortest;2;1;59;1,0
55;0,01;1;shortest;3;1;59;1,0
55;0,01;1;shortest;4;1;59;1,0
55;0,01;1;shortest;5;1;59;1,0
55;0,01;1;shortest;6;1;59;1,0
55;0,01;1;shortest;7;1;59;1,0
55;0,01;1;shortest;8;1;59;1,0
55;0,01;1;shortest;9;1;59;1,0
55;0,01;1;shortest;10;1;59;1,0
55;0,01;1;shortest;11;1;59;1,0
55;0,01;1;shortest;12;1;59;1,0
55;0,01;1;shortest;13;1;59;1,0
55;0,01;1;shortest;14;1;59;1,0
55;0,01;1;shortest;15;1;59;1,0
55;0,01;1;shortest;16;1;59;1,0
55;0,01;1;shortest;17;1;59;1,0
55;0,01;1;shortest;18;1;59;1,0
55;0,01;1;shortest;19;1;59;1,0
55;0,01;1;shortest;20;1;59;1,0
55;0,01;1;shortest;21;1;59;1,0
55;0,01;1;shortest;22;1;59;1,0
55;0,01;1;shortest;23;1;59;1,0
55;0,01;1;shortest;24;0;16;
55;0,01;1;shortest;25;1;59;1,0
55;0,01;1;shortest;26;1;59;1,0
55;0,01;1;shortest;27;1;59;1,0
55;0,01;1;shortest;28;1;59;1,0
55;0,01;1;shortest;29;1;59;1,0
55;0,01;1;shortest;30;1;59;1,0
55;0,01;1;shortest;31;1;59;1,0
55;0,01;1;shortest;32;1;59;1,0
55;0,01;1;shortest;33;1;59;1,0
55;0,01;1;shortest;34;1;59;1,0
55;0,01;1;shortest;35;1;59;1,0
55;0,01;1;shortest;36;1;59;1,0
55;0,01;1;shortest;37;1;59;1,0
55;0,01;1;shortest;38;1;59;1,0
55;0,01;1;shortest;39;1;59;1,0
55;0,01;1;shortest;40;1;59;1,0
55;0,01;1;shortest;41;0;57;
55;0,01;1;shortest;42;1;59;1,0
55;0,01;1;shortest;43;1;59;1,0
55;0,01;1;shortest;44;1;59;1,0
55;0,01;1;shortest;45;1;59;1,0
55;0,01;1;shortest;46;1;59;1,0
55;0,01;1;shortest;47;1;59;1,0
55;0,01;1;shortest;48;1;59;1,0
55;0,01;1;shortest;49;1;59;1,0
55;0,01;1;shortest;50;0;56;
55;0,01;1;shortest;51;1;59;1,0
55;0,01;1;shortest;52;1;59;1,0
55;0,01;1;shortest;53;1;59;1,0
55;0,01;1;shortest;54;1;59;1,0
55;0,01;1;shortest;55;1;59;1,0
55;0,01;1;shortest;56;1;59;1,0
55;0,01;1;shortest;57;1;59;1,0
55;0,01;1;shortest;58;1;59;1,0
55;0,01;1;shortest;59;1;59;1,0
55;0,01;1;shortest;60;1;59;1,0
55;0,01;1;shortest;61;1;59;1,0
55;0,01;1;shortest;62;1;59;1,0
55;0,01;1;shortest;63;1;59;1,0
55;0,01;1;shortest;64;1;59;1,0
55;0,01;1;shortest;65;1;59;1,0
55;0,01;1;shortest;66;1;59;1,0
55;0,01;1;shortest;67;1;59;1,0
55;0,01;1;shortest;68;1;59;1,0
55;0,01;1;shortest;69;1;59;1,0
55;0,01;1;shortest;70;1;59;1,0
55;0,01;1;shortest;71;1;59;1,0
55;0,01;1;shortest;72;1;59;1,0
55;0,01;1;shortest;73;1;59;1,0
55;0,01;1;shortest;74;1;59;1,0
55;0,01;1;shortest;75;1;59;1,0
55;0,01;1;shortest;76;1;59;1,0
55;0,01;1;shortest;77;1;59;1,0
55;0,01;1;shortest;78;1;59;1,0
55;0,01;1;shortest;79;1;59;1,0
55;0,01;1;shortest;80;1;59;1,0
55;0,01;1;shortest;81;1;59;1,0
55;0,01;1;shortest;82;1;59;1,0
55;0,01;1;shortest;83;1;59;1,0
55;0,01;1;shortest;84;1;59;1,0
55;0,01;1;shortest;85;1;59;1,0
55;0,01;1;shortest;86;1;59;1,0
55;0,01;1;shortest;87;1;59;1,0
55;0,01;1;shortest;88;1;59;1,0
55;0,01;1;shortest;89;1;59;1,0
55;0,01;1;shortest;90;1;59;1,0
55;0,01;1;shortest;91;1;59;1,0
55;0,01;1;shortest;92;1;59;1,0
55;0,01;1;shortest;93;1;59;1,0
55;0,01;1;shortest;94;1;59;1,0
55;0,01;1;shortest;95;0;14;
55;0,01;1;shortest;96;1;59;1,0
55;0,01;1;shortest;97;1;59;1,0
55;0,01;1;shortest;98;1;59;1,0
55;0,01;1;shortest;99;1;59;1,0
55;0,01;1;shortest;100;1;59;1,0
55;0,01;1;safe;1;1;59;1,0
55;0,01;1;safe;2;1;59;1,0
55;0,01;1;safe;3;1;59;1,0
55;0,01;1;safe;4;1;59;1,0
55;0,01;1;safe;5;1;59;1,0
55;0,01;1;safe;6;1;59;1,0
55;0,01;1;safe;7;1;59;1,0
55;0,01;1;safe;8;1;59;1,0
55;0,01;1;safe;9;1;59;1,0
55;0,01;1;safe;10;1;59;1,0
55;0,01;1;safe;11;1;59;1,0
55;0,01;1;safe;12;1;59;1,0
55;0,01;1;safe;13;1;59;1,0
55;0,01;1;safe;14;1;59;1,0
55;0,01;1;safe;15;1;59;1,0
55;0,01;1;safe;16;1;59;1,0
55;0,01;1;safe;17;1;59;1,0
55;0,01;1;safe;18;1;59;1,0
55;0,01;1;safe;19;1;59;1,0
55;0,01;1;safe;20;1;59;1,0
55;0,01;1;safe;21;1;59;1,0
55;0,01;1;safe;22;1;59;1,0
55;0,01;1;safe;23;1;59;1,0
55;0,01;1;safe;24;0;16;
55;0,01;1;safe;25;1;59;1,0
55;0,01;1;safe;26;1;59;1,0
55;0,01;1;safe;27;1;59;1,0
55;0,01;1;safe;28;1;59;1,0
55;0,01;1;safe;29;1;59;1,0
55;0,01;1;safe;30;1;59;1,0
55;0,01;1;safe;31;1;59;1,0
55;0,01;1;safe;32;1;59;1,0
55;0,01;1;safe;33;1;59;1,0
55;0,01;1;safe;34;1;59;1,0
55;0,01;1;safe;35;1;59;1,0
55;0,01;1;safe;36;1;59;1,0
55;0,01;1;safe;37;1;59;1,0
55;0,01;1;safe;38;1;59;1,0
55;0,01;1;safe;39;1;59;1,0
55;0,01;1;safe;40;1;59;1,0
55;0,01;1;safe;41;0;57;
55;0,01;1;safe;42;1;59;1,0
55;0,01;1;safe;43;1;59;1,0
55;0,01;1;safe;44;1;59;1,0
55;0,01;1;safe;45;1;59;1,0
55;0,01;1;safe;46;1;59;1,0
55;0,01;1;safe;47;1;59;1,0
55;0,01;1;safe;48;1;59;1,0
55;0,01;1;safe;49;0;50;
55;0,01;1;safe;50;1;59;1,0
55;0,01;1;safe;51;1;59;1,0
55;0,01;1;safe;52;1;59;1,0
55;0,01;1;safe;53;1;59;1,0
55;0,01;1;safe;54;1;59;1,0
55;0,01;1;safe;55;1;59;1,0
55;0,01;1;safe;56;1;59;1,0
55;0,01;1;safe;57;1;59;1,0
55;0,01;1;safe;58;1;59;1,0
55;0,01;1;safe;59;1;59;1,0
55;0,01;1;safe;60;0;54;
55;0,01;1;safe;61;1;59;1,0
55;0,01;1;safe;62;1;59;1,0
55;0,01;1;safe;63;1;59;1,0
55;0,01;1;safe;64;1;59;1,0
55;0,01;1;safe;65;1;59;1,0
55;0,01;1;safe;66;1;59;1,0
55;0,01;1;safe;67;1;59;1,0
55;0,01;1;safe;68;1;59;1,0
55;0,01;1;safe;69;1;59;1,0
55;0,01;1;safe;70;1;59;1,0
55;0,01;1;safe;71;1;59;1,0
55;0,01;1;safe;72;1;59;1,0
55;0,01;1;safe;73;1;59;1,0
55;0,01;1;safe;74;1;59;1,0
55;0,01;1;safe;75;1;59;1,0
55;0,01;1;safe;76;1;59;1,0
55;0,01;1;safe;77;0;55;
55;0,01;1;safe;78;1;59;1,0
55;0,01;1;safe;79;1;59;1,0
55;0,01;1;safe;80;0;16;
55;0,01;1;safe;81;1;59;1,0
55;0,01;1;safe;82;1;59;1,0
55;0,01;1;safe;83;1;59;1,0
55;0,01;1;safe;84;1;59;1,0
55;0,01;1;safe;85;1;59;1,0
55;0,01;1;safe;86;1;59;1,0
55;0,01;1;safe;87;1;59;1,0
55;0,01;1;safe;88;1;59;1,0
55;0,01;1;safe;89;1;59;1,0
55;0,01;1;safe;90;1;59;1,0
55;0,01;1;safe;91;0;56;
55;0,01;1;safe;92;0;12;
55;0,01;1;safe;93;0;58;
55;0,01;1;safe;94;1;59;1,0
55;0,01;1;safe;95;1;59;1,0
55;0,01;1;safe;96;1;59;1,0
55;0,01;1;safe;97;0;19;
55;0,01;1;safe;98;1;59;1,0
55;0,01;1;safe;99;1;59;1,0
55;0,01;1;safe;100;1;59;1,0
55;0,01;1;predictive;1;1;59;1,0
55;0,01;1;predictive;2;1;59;1,0
55;0,01;1;predictive;3;1;59;1,0
55;0,01;1;predictive;4;1;59;1,0
55;0,01;1;predictive;5;1;59;1,0
55;0,01;1;predictive;6;1;59;1,0
55;0,01;1;predictive;7;1;59;1,0
55;0,01;1;predictive;8;1;59;1,0
55;0,01;1;predictive;9;1;59;1,0
55;0,01;1;predictive;10;1;59;1,0
55;0,01;1;predictive;11;1;59;1,0
55;0,01;1;predictive;12;1;59;1,0
55;0,01;1;predictive;13;1;59;1,0
55;0,01;1;predictive;14;1;59;1,0
55;0,01;1;predictive;15;1;59;1,0
55;0,01;1;predictive;16;1;59;1,0
55;0,01;1;predictive;17;1;59;1,0
55;0,01;1;predictive;18;1;59;1,0
55;0,01;1;predictive;19;1;59;1,0
55;0,01;1;predictive;20;1;59;1,0
55;0,01;1;predictive;21;1;59;1,0
55;0,01;1;predictive;22;1;59;1,0
55;0,01;1;predictive;23;1;59;1,0
55;0,01;1;predictive;24;1;62;0,9516129032258065
55;0,01;1;predictive;25;1;59;1,0
55;0,01;1;predictive;26;1;60;0,9833333333333333
55;0,01;1;predictive;27;1;59;1,0
55;0,01;1;predictive;28;1;59;1,0
55;0,01;1;predictive;29;1;59;1,0
55;0,01;1;predictive;30;1;59;1,0
55;0,01;1;predictive;31;1;59;1,0
55;0,01;1;predictive;32;1;59;1,0
55;0,01;1;predictive;33;1;59;1,0
55;0,01;1;predictive;34;1;59;1,0
55;0,01;1;predictive;35;1;68;0,8676470588235294
55;0,01;1;predictive;36;1;59;1,0
55;0,01;1;predictive;37;1;59;1,0
55;0,01;1;predictive;38;1;59;1,0
55;0,01;1;predictive;39;1;59;1,0
55;0,01;1;predictive;40;1;59;1,0
55;0,01;1;predictive;41;1;77;0,7662337662337663
55;0,01;1;predictive;42;1;80;0,7375
55;0,01;1;predictive;43;1;59;1,0
55;0,01;1;predictive;44;1;63;0,9365079365079365
55;0,01;1;predictive;45;1;59;1,0
55;0,01;1;predictive;46;1;59;1,0
55;0,01;1;predictive;47;1;91;0,6483516483516484
55;0,01;1;predictive;48;1;59;1,0
55;0,01;1;predictive;49;1;59;1,0
55;0,01;1;predictive;50;1;59;1,0
55;0,01;1;predictive;51;1;59;1,0
55;0,01;1;predictive;52;1;59;1,0
55;0,01;1;predictive;53;1;59;1,0
55;0,01;1;predictive;54;1;59;1,0
55;0,01;1;predictive;55;1;59;1,0
55;0,01;1;predictive;56;1;59;1,0
55;0,01;1;predictive;57;1;59;1,0
55;0,01;1;predictive;58;1;59;1,0
55;0,01;1;predictive;59;1;59;1,0
55;0,01;1;predictive;60;1;59;1,0
55;0,01;1;predictive;61;1;59;1,0
55;0,01;1;predictive;62;1;59;1,0
55;0,01;1;predictive;63;1;59;1,0
55;0,01;1;predictive;64;1;60;0,9833333333333333
55;0,01;1;predictive;65;1;59;1,0
55;0,01;1;predictive;66;1;59;1,0
55;0,01;1;predictive;67;1;59;1,0
55;0,01;1;predictive;68;1;59;1,0
55;0,01;1;predictive;69;1;59;1,0
55;0,01;1;predictive;70;1;91;0,6483516483516484
55;0,01;1;predictive;71;1;59;1,0
55;0,01;1;predictive;72;1;59;1,0
55;0,01;1;predictive;73;1;59;1,0
55;0,01;1;predictive;74;1;59;1,0
55;0,01;1;predictive;75;1;59;1,0
55;0,01;1;predictive;76;1;59;1,0
55;0,01;1;predictive;77;1;59;1,0
55;0,01;1;predictive;78;1;59;1,0
55;0,01;1;predictive;79;1;59;1,0
55;0,01;1;predictive;80;1;59;1,0
55;0,01;1;predictive;81;1;59;1,0
55;0,01;1;predictive;82;0;79;
55;0,01;1;predictive;83;1;59;1,0
55;0,01;1;predictive;84;1;59;1,0
55;0,01;1;predictive;85;1;62;0,9516129032258065
55;0,01;1;predictive;86;1;59;1,0
55;0,01;1;predictive;87;1;92;0,6413043478260869
55;0,01;1;predictive;88;1;59;1,0
55;0,01;1;predictive;89;1;59;1,0
55;0,01;1;predictive;90;1;59;1,0
55;0,01;1;predictive;91;1;59;1,0
55;0,01;1;predictive;92;1;59;1,0
55;0,01;1;predictive;93;1;59;1,0
55;0,01;1;predictive;94;1;59;1,0
55;0,01;1;predictive;95;1;59;1,0
55;0,01;1;predictive;96;1;163;0,3619631901840491
55;0,01;1;predictive;97;1;59;1,0
55;0,01;1;predictive;98;1;59;1,0
55;0,01;1;predictive;99;1;59;1,0
55;0,01;1;predictive;100;1;59;1,0
55;0,01;2;shortest;1;1;55;1,0
55;0,01;2;shortest;2;1;55;1,0
55;0,01;2;shortest;3;1;55;1,0
55;0,01;2;shortest;4;1;55;1,0
55;0,01;2;shortest;5;1;55;1,0
55;0,01;2;shortest;6;1;55;1,0
55;0,01;2;shortest;7;1;55;1,0
55;0,01;2;shortest;8;1;55;1,0
55;0,01;2;shortest;9;1;55;1,0
55;0,01;2;shortest;10;1;55;1,0
55;0,01;2;shortest;11;1;55;1,0
55;0,01;2;shortest;12;1;55;1,0
55;0,01;2;shortest;13;1;55;1,0
55;0,01;2;shortest;14;1;55;1,0
55;0,01;2;shortest;15;1;55;1,0
55;0,01;2;shortest;16;1;55;1,0
55;0,01;2;shortest;17;1;55;1,0
55;0,01;2;shortest;18;0;51;
55;0,01;2;shortest;19;1;55;1,0
55;0,01;2;shortest;20;1;55;1,0
55;0,01;2;shortest;21;1;55;1,0
55;0,01;2;shortest;22;1;55;1,0
55;0,01;2;shortest;23;1;55;1,0
55;0,01;2;shortest;24;1;55;1,0
55;0,01;2;shortest;25;1;55;1,0
55;0,01;2;shortest;26;1;55;1,0
55;0,01;2;shortest;27;1;55;1,0
55;0,01;2;shortest;28;1;55;1,0
55;0,01;2;shortest;29;1;55;1,0
55;0,01;2;shortest;30;1;55;1,0
55;0,01;2;shortest;31;1;55;1,0
55;0,01;2;shortest;32;1;55;1,0
55;0,01;2;shortest;33;1;55;1,0
55;0,01;2;shortest;34;1;55;1,0
55;0,01;2;shortest;35;1;55;1,0
55;0,01;2;shortest;36;1;55;1,0
55;0,01;2;shortest;37;1;55;1,0
55;0,01;2;shortest;38;1;55;1,0
55;0,01;2;shortest;39;1;55;1,0
55;0,01;2;shortest;40;1;55;1,0
55;0,01;2;shortest;41;0;53;
55;0,01;2;shortest;42;1;55;1,0
55;0,01;2;shortest;43;1;55;1,0
55;0,01;2;shortest;44;0;50;
55;0,01;2;shortest;45;0;50;
55;0,01;2;shortest;46;0;41;
55;0,01;2;shortest;47;1;55;1,0
55;0,01;2;shortest;48;1;55;1,0
55;0,01;2;shortest;49;1;55;1,0
55;0,01;2;shortest;50;1;55;1,0
55;0,01;2;shortest;51;1;55;1,0
55;0,01;2;shortest;52;1;55;1,0
55;0,01;2;shortest;53;1;55;1,0
55;0,01;2;shortest;54;1;55;1,0
55;0,01;2;shortest;55;1;55;1,0
55;0,01;2;shortest;56;1;55;1,0
55;0,01;2;shortest;57;0;48;
55;0,01;2;shortest;58;1;55;1,0
55;0,01;2;shortest;59;1;55;1,0
55;0,01;2;shortest;60;1;55;1,0
55;0,01;2;shortest;61;1;55;1,0
55;0,01;2;shortest;62;1;55;1,0
55;0,01;2;shortest;63;1;55;1,0
55;0,01;2;shortest;64;1;55;1,0
55;0,01;2;shortest;65;1;55;1,0
55;0,01;2;shortest;66;0;54;
55;0,01;2;shortest;67;1;55;1,0
55;0,01;2;shortest;68;1;55;1,0
55;0,01;2;shortest;69;1;55;1,0
55;0,01;2;shortest;70;0;53;
55;0,01;2;shortest;71;1;55;1,0
55;0,01;2;shortest;72;1;55;1,0
55;0,01;2;shortest;73;1;55;1,0
55;0,01;2;shortest;74;1;55;1,0
55;0,01;2;shortest;75;1;55;1,0
55;0,01;2;shortest;76;1;55;1,0
55;0,01;2;shortest;77;1;55;1,0
55;0,01;2;shortest;78;1;55;1,0
55;0,01;2;shortest;79;1;55;1,0
55;0,01;2;shortest;80;1;55;1,0
55;0,01;2;shortest;81;1;55;1,0
55;0,01;2;shortest;82;1;55;1,0
55;0,01;2;shortest;83;1;55;1,0
55;0,01;2;shortest;84;0;54;
55;0,01;2;shortest;85;1;55;1,0
55;0,01;2;shortest;86;1;55;1,0
55;0,01;2;shortest;87;1;55;1,0
55;0,01;2;shortest;88;1;55;1,0
55;0,01;2;shortest;89;1;55;1,0
55;0,01;2;shortest;90;1;55;1,0
55;0,01;2;shortest;91;1;55;1,0
55;0,01;2;shortest;92;1;55;1,0
55;0,01;2;shortest;93;1;55;1,0
55;0,01;2;shortest;94;1;55;1,0
55;0,01;2;shortest;95;0;52;
55;0,01;2;shortest;96;1;55;1,0
55;0,01;2;shortest;97;1;55;1,0
55;0,01;2;shortest;98;1;55;1,0
55;0,01;2;shortest;99;1;55;1,0
55;0,01;2;shortest;100;1;55;1,0
55;0,01;2;safe;1;1;55;1,0
55;0,01;2;safe;2;1;55;1,0
55;0,01;2;safe;3;1;55;1,0
55;0,01;2;safe;4;1;55;1,0
55;0,01;2;safe;5;1;55;1,0
55;0,01;2;safe;6;1;55;1,0
55;0,01;2;safe;7;1;55;1,0
55;0,01;2;safe;8;1;55;1,0
55;0,01;2;safe;9;1;55;1,0
55;0,01;2;safe;10;1;55;1,0
55;0,01;2;safe;11;1;55;1,0
55;0,01;2;safe;12;1;55;1,0
55;0,01;2;safe;13;1;55;1,0
55;0,01;2;safe;14;1;55;1,0
55;0,01;2;safe;15;1;55;1,0
55;0,01;2;safe;16;1;55;1,0
55;0,01;2;safe;17;1;55;1,0
55;0,01;2;safe;18;0;51;
55;0,01;2;safe;19;1;55;1,0
55;0,01;2;safe;20;1;55;1,0
55;0,01;2;safe;21;1;55;1,0
55;0,01;2;safe;22;0;52;
55;0,01;2;safe;23;1;55;1,0
55;0,01;2;safe;24;0;52;
55;0,01;2;safe;25;1;55;1,0
55;0,01;2;safe;26;1;55;1,0
55;0,01;2;safe;27;1;55;1,0
55;0,01;2;safe;28;1;55;1,0
55;0,01;2;safe;29;1;55;1,0
55;0,01;2;safe;30;1;55;1,0
55;0,01;2;safe;31;1;55;1,0
55;0,01;2;safe;32;1;55;1,0
55;0,01;2;safe;33;1;55;1,0
55;0,01;2;safe;34;1;55;1,0
55;0,01;2;safe;35;0;55;
55;0,01;2;safe;36;1;55;1,0
55;0,01;2;safe;37;1;55;1,0
55;0,01;2;safe;38;1;55;1,0
55;0,01;2;safe;39;1;55;1,0
55;0,01;2;safe;40;0;49;
55;0,01;2;safe;41;1;55;1,0
55;0,01;2;safe;42;1;55;1,0
55;0,01;2;safe;43;1;55;1,0
55;0,01;2;safe;44;1;55;1,0
55;0,01;2;safe;45;1;55;1,0
55;0,01;2;safe;46;1;55;1,0
55;0,01;2;safe;47;1;55;1,0
55;0,01;2;safe;48;1;55;1,0
55;0,01;2;safe;49;1;55;1,0
55;0,01;2;safe;50;1;55;1,0
55;0,01;2;safe;51;1;55;1,0
55;0,01;2;safe;52;1;55;1,0
55;0,01;2;safe;53;1;55;1,0
55;0,01;2;safe;54;1;55;1,0
55;0,01;2;safe;55;1;55;1,0
55;0,01;2;safe;56;1;55;1,0
55;0,01;2;safe;57;1;55;1,0
55;0,01;2;safe;58;1;55;1,0
55;0,01;2;safe;59;1;55;1,0
55;0,01;2;safe;60;1;55;1,0
55;0,01;2;safe;61;1;55;1,0
55;0,01;2;safe;62;1;55;1,0
55;0,01;2;safe;63;1;55;1,0
55;0,01;2;safe;64;1;55;1,0
55;0,01;2;safe;65;1;55;1,0
55;0,01;2;safe;66;1;55;1,0
55;0,01;2;safe;67;1;55;1,0
55;0,01;2;safe;68;1;55;1,0
55;0,01;2;safe;69;1;55;1,0
55;0,01;2;safe;70;1;55;1,0
55;0,01;2;safe;71;1;55;1,0
55;0,01;2;safe;72;1;55;1,0
55;0,01;2;safe;73;1;55;1,0
55;0,01;2;safe;74;0;51;
55;0,01;2;safe;75;1;55;1,0
55;0,01;2;safe;76;1;55;1,0
55;0,01;2;safe;77;1;55;1,0
55;0,01;2;safe;78;1;55;1,0
55;0,01;2;safe;79;1;55;1,0
55;0,01;2;safe;80;1;55;1,0
55;0,01;2;safe;81;1;55;1,0
55;0,01;2;safe;82;1;55;1,0
55;0,01;2;safe;83;0;48;
55;0,01;2;safe;84;1;55;1,0
55;0,01;2;safe;85;1;55;1,0
55;0,01;2;safe;86;1;55;1,0
55;0,01;2;safe;87;1;55;1,0
55;0,01;2;safe;88;1;55;1,0
55;0,01;2;safe;89;1;55;1,0
55;0,01;2;safe;90;1;55;1,0
55;0,01;2;safe;91;1;55;1,0
55;0,01;2;safe;92;1;55;1,0
55;0,01;2;safe;93;1;55;1,0
55;0,01;2;safe;94;1;55;1,0
55;0,01;2;safe;95;0;52;
55;0,01;2;safe;96;1;55;1,0
55;0,01;2;safe;97;1;55;1,0
55;0,01;2;safe;98;1;55;1,0
55;0,01;2;safe;99;1;55;1,0
55;0,01;2;safe;100;1;55;1,0
55;0,01;2;predictive;1;1;55;1,0
55;0,01;2;predictive;2;1;55;1,0
55;0,01;2;predictive;3;1;55;1,0
55;0,01;2;predictive;4;1;55;1,0
55;0,01;2;predictive;5;1;55;1,0
55;0,01;2;predictive;6;1;55;1,0
55;0,01;2;predictive;7;1;55;1,0
55;0,01;2;predictive;8;1;55;1,0
55;0,01;2;predictive;9;1;55;1,0
55;0,01;2;predictive;10;1;55;1,0
55;0,01;2;predictive;11;1;55;1,0
55;0,01;2;predictive;12;1;55;1,0
55;0,01;2;predictive;13;1;55;1,0
55;0,01;2;predictive;14;1;55;1,0
55;0,01;2;predictive;15;1;55;1,0
55;0,01;2;predictive;16;1;55;1,0
55;0,01;2;predictive;17;1;55;1,0
55;0,01;2;predictive;18;1;101;0,5445544554455446
55;0,01;2;predictive;19;1;55;1,0
55;0,01;2;predictive;20;1;55;1,0
55;0,01;2;predictive;21;1;55;1,0
55;0,01;2;predictive;22;1;55;1,0
55;0,01;2;predictive;23;1;55;1,0
55;0,01;2;predictive;24;1;55;1,0
55;0,01;2;predictive;25;1;55;1,0
55;0,01;2;predictive;26;1;60;0,9166666666666666
55;0,01;2;predictive;27;1;55;1,0
55;0,01;2;predictive;28;1;55;1,0
55;0,01;2;predictive;29;1;55;1,0
55;0,01;2;predictive;30;1;55;1,0
55;0,01;2;predictive;31;1;55;1,0
55;0,01;2;predictive;32;1;55;1,0
55;0,01;2;predictive;33;1;55;1,0
55;0,01;2;predictive;34;1;55;1,0
55;0,01;2;predictive;35;1;55;1,0
55;0,01;2;predictive;36;1;55;1,0
55;0,01;2;predictive;37;1;55;1,0
55;0,01;2;predictive;38;1;55;1,0
55;0,01;2;predictive;39;1;55;1,0
55;0,01;2;predictive;40;1;55;1,0
55;0,01;2;predictive;41;1;55;1,0
55;0,01;2;predictive;42;1;55;1,0
55;0,01;2;predictive;43;1;55;1,0
55;0,01;2;predictive;44;1;55;1,0
55;0,01;2;predictive;45;1;55;1,0
55;0,01;2;predictive;46;1;55;1,0
55;0,01;2;predictive;47;1;55;1,0
55;0,01;2;predictive;48;1;56;0,9821428571428571
55;0,01;2;predictive;49;1;55;1,0
55;0,01;2;predictive;50;1;55;1,0
55;0,01;2;predictive;51;1;55;1,0
55;0,01;2;predictive;52;1;55;1,0
55;0,01;2;predictive;53;1;55;1,0
55;0,01;2;predictive;54;1;55;1,0
55;0,01;2;predictive;55;1;55;1,0
55;0,01;2;predictive;56;1;55;1,0
55;0,01;2;predictive;57;1;55;1,0
55;0,01;2;predictive;58;1;55;1,0
55;0,01;2;predictive;59;1;55;1,0
55;0,01;2;predictive;60;1;55;1,0
55;0,01;2;predictive;61;1;55;1,0
55;0,01;2;predictive;62;1;55;1,0
55;0,01;2;predictive;63;1;55;1,0
55;0,01;2;predictive;64;1;112;0,49107142857142855
55;0,01;2;predictive;65;1;55;1,0
55;0,01;2;predictive;66;1;55;1,0
55;0,01;2;predictive;67;1;55;1,0
55;0,01;2;predictive;68;1;55;1,0
55;0,01;2;predictive;69;1;55;1,0
55;0,01;2;predictive;70;1;55;1,0
55;0,01;2;predictive;71;1;55;1,0
55;0,01;2;predictive;72;1;55;1,0
55;0,01;2;predictive;73;1;55;1,0
55;0,01;2;predictive;74;1;55;1,0
55;0,01;2;predictive;75;1;55;1,0
55;0,01;2;predictive;76;1;55;1,0
55;0,01;2;predictive;77;1;55;1,0
55;0,01;2;predictive;78;1;55;1,0
55;0,01;2;predictive;79;1;55;1,0
55;0,01;2;predictive;80;1;55;1,0
55;0,01;2;predictive;81;1;55;1,0
55;0,01;2;predictive;82;1;55;1,0
55;0,01;2;predictive;83;1;55;1,0
55;0,01;2;predictive;84;1;55;1,0
55;0,01;2;predictive;85;1;55;1,0
55;0,01;2;predictive;86;1;55;1,0
55;0,01;2;predictive;87;1;77;0,7142857142857143
55;0,01;2;predictive;88;1;55;1,0
55;0,01;2;predictive;89;1;55;1,0
55;0,01;2;predictive;90;1;55;1,0
55;0,01;2;predictive;91;1;55;1,0
55;0,01;2;predictive;92;1;55;1,0
55;0,01;2;predictive;93;1;65;0,8461538461538461
55;0,01;2;predictive;94;1;55;1,0
55;0,01;2;predictive;95;1;55;1,0
55;0,01;2;predictive;96;1;55;1,0
55;0,01;2;predictive;97;1;55;1,0
55;0,01;2;predictive;98;1;55;1,0
55;0,01;2;predictive;99;1;55;1,0
55;0,01;2;predictive;100;1;55;1,0
55;0,01;3;shortest;1;1;41;1,0
55;0,01;3;shortest;2;1;41;1,0
55;0,01;3;shortest;3;1;41;1,0
55;0,01;3;shortest;4;1;41;1,0
55;0,01;3;shortest;5;1;41;1,0
55;0,01;3;shortest;6;1;41;1,0
55;0,01;3;shortest;7;1;41;1,0
55;0,01;3;shortest;8;1;41;1,0
55;0,01;3;shortest;9;1;41;1,0
55;0,01;3;shortest;10;1;41;1,0
55;0,01;3;shortest;11;1;41;1,0
55;0,01;3;shortest;12;1;41;1,0
55;0,01;3;shortest;13;1;41;1,0
55;0,01;3;shortest;14;1;41;1,0
55;0,01;3;shortest;15;1;41;1,0
55;0,01;3;shortest;16;1;41;1,0
55;0,01;3;shortest;17;1;41;1,0
55;0,01;3;shortest;18;1;41;1,0
55;0,01;3;shortest;19;1;41;1,0
55;0,01;3;shortest;20;1;41;1,0
55;0,01;3;shortest;21;1;41;1,0
55;0,01;3;shortest;22;1;41;1,0
55;0,01;3;shortest;23;1;41;1,0
55;0,01;3;shortest;24;1;41;1,0
55;0,01;3;shortest;25;1;41;1,0
55;0,01;3;shortest;26;1;41;1,0
55;0,01;3;shortest;27;0;38;
55;0,01;3;shortest;28;1;41;1,0
55;0,01;3;shortest;29;1;41;1,0
55;0,01;3;shortest;30;1;41;1,0
55;0,01;3;shortest;31;1;41;1,0
55;0,01;3;shortest;32;1;41;1,0
55;0,01;3;shortest;33;1;41;1,0
55;0,01;3;shortest;34;1;41;1,0
55;0,01;3;shortest;35;1;41;1,0
55;0,01;3;shortest;36;1;41;1,0
55;0,01;3;shortest;37;1;41;1,0
55;0,01;3;shortest;38;1;41;1,0
55;0,01;3;shortest;39;1;41;1,0
55;0,01;3;shortest;40;1;41;1,0
55;0,01;3;shortest;41;1;41;1,0
55;0,01;3;shortest;42;1;41;1,0
55;0,01;3;shortest;43;1;41;1,0
55;0,01;3;shortest;44;1;41;1,0
55;0,01;3;shortest;45;1;41;1,0
55;0,01;3;shortest;46;1;41;1,0
55;0,01;3;shortest;47;1;41;1,0
55;0,01;3;shortest;48;1;41;1,0
55;0,01;3;shortest;49;1;41;1,0
55;0,01;3;shortest;50;1;41;1,0
55;0,01;3;shortest;51;1;41;1,0
55;0,01;3;shortest;52;1;41;1,0
55;0,01;3;shortest;53;1;41;1,0
55;0,01;3;shortest;54;1;41;1,0
55;0,01;3;shortest;55;1;41;1,0
55;0,01;3;shortest;56;1;41;1,0
55;0,01;3;shortest;57;1;41;1,0
55;0,01;3;shortest;58;1;41;1,0
55;0,01;3;shortest;59;1;41;1,0
55;0,01;3;shortest;60;1;41;1,0
55;0,01;3;shortest;61;1;41;1,0
55;0,01;3;shortest;62;1;41;1,0
55;0,01;3;shortest;63;1;41;1,0
55;0,01;3;shortest;64;1;41;1,0
55;0,01;3;shortest;65;1;41;1,0
55;0,01;3;shortest;66;1;41;1,0
55;0,01;3;shortest;67;1;41;1,0
55;0,01;3;shortest;68;1;41;1,0
55;0,01;3;shortest;69;1;41;1,0
55;0,01;3;shortest;70;1;41;1,0
55;0,01;3;shortest;71;1;41;1,0
55;0,01;3;shortest;72;1;41;1,0
55;0,01;3;shortest;73;1;41;1,0
55;0,01;3;shortest;74;1;41;1,0
55;0,01;3;shortest;75;1;41;1,0
55;0,01;3;shortest;76;1;41;1,0
55;0,01;3;shortest;77;1;41;1,0
55;0,01;3;shortest;78;1;41;1,0
55;0,01;3;shortest;79;1;41;1,0
55;0,01;3;shortest;80;1;41;1,0
55;0,01;3;shortest;81;1;41;1,0
55;0,01;3;shortest;82;1;41;1,0
55;0,01;3;shortest;83;1;41;1,0
55;0,01;3;shortest;84;1;41;1,0
55;0,01;3;shortest;85;1;41;1,0
55;0,01;3;shortest;86;1;41;1,0
55;0,01;3;shortest;87;1;41;1,0
55;0,01;3;shortest;88;1;41;1,0
55;0,01;3;shortest;89;1;41;1,0
55;0,01;3;shortest;90;1;41;1,0
55;0,01;3;shortest;91;1;41;1,0
55;0,01;3;shortest;92;1;41;1,0
55;0,01;3;shortest;93;0;40;
55;0,01;3;shortest;94;1;41;1,0
55;0,01;3;shortest;95;1;41;1,0
55;0,01;3;shortest;96;1;41;1,0
55;0,01;3;shortest;97;1;41;1,0
55;0,01;3;shortest;98;1;41;1,0
55;0,01;3;shortest;99;1;41;1,0
55;0,01;3;shortest;100;1;41;1,0
55;0,01;3;safe;1;1;41;1,0
55;0,01;3;safe;2;1;41;1,0
55;0,01;3;safe;3;1;41;1,0
55;0,01;3;safe;4;1;41;1,0
55;0,01;3;safe;5;1;41;1,0
55;0,01;3;safe;6;1;41;1,0
55;0,01;3;safe;7;1;41;1,0
55;0,01;3;safe;8;1;41;1,0
55;0,01;3;safe;9;1;41;1,0
55;0,01;3;safe;10;1;41;1,0
55;0,01;3;safe;11;1;41;1,0
55;0,01;3;safe;12;1;41;1,0
55;0,01;3;safe;13;1;41;1,0
55;0,01;3;safe;14;1;41;1,0
55;0,01;3;safe;15;1;41;1,0
55;0,01;3;safe;16;1;41;1,0
55;0,01;3;safe;17;1;41;1,0
55;0,01;3;safe;18;1;41;1,0
55;0,01;3;safe;19;1;41;1,0
55;0,01;3;safe;20;1;41;1,0
55;0,01;3;safe;21;1;41;1,0
55;0,01;3;safe;22;1;41;1,0
55;0,01;3;safe;23;1;41;1,0
55;0,01;3;safe;24;1;41;1,0
55;0,01;3;safe;25;1;41;1,0
55;0,01;3;safe;26;1;41;1,0
55;0,01;3;safe;27;0;38;
55;0,01;3;safe;28;1;41;1,0
55;0,01;3;safe;29;1;41;1,0
55;0,01;3;safe;30;1;41;1,0
55;0,01;3;safe;31;1;41;1,0
55;0,01;3;safe;32;1;41;1,0
55;0,01;3;safe;33;1;41;1,0
55;0,01;3;safe;34;1;41;1,0
55;0,01;3;safe;35;1;41;1,0
55;0,01;3;safe;36;1;41;1,0
55;0,01;3;safe;37;1;41;1,0
55;0,01;3;safe;38;1;41;1,0
55;0,01;3;safe;39;1;41;1,0
55;0,01;3;safe;40;1;41;1,0
55;0,01;3;safe;41;1;41;1,0
55;0,01;3;safe;42;1;41;1,0
55;0,01;3;safe;43;1;41;1,0
55;0,01;3;safe;44;1;41;1,0
55;0,01;3;safe;45;1;41;1,0
55;0,01;3;safe;46;1;41;1,0
55;0,01;3;safe;47;1;41;1,0
55;0,01;3;safe;48;1;41;1,0
55;0,01;3;safe;49;1;41;1,0
55;0,01;3;safe;50;1;41;1,0
55;0,01;3;safe;51;1;41;1,0
55;0,01;3;safe;52;1;41;1,0
55;0,01;3;safe;53;1;41;1,0
55;0,01;3;safe;54;1;41;1,0
55;0,01;3;safe;55;1;41;1,0
55;0,01;3;safe;56;1;41;1,0
55;0,01;3;safe;57;1;41;1,0
55;0,01;3;safe;58;1;41;1,0
55;0,01;3;safe;59;1;41;1,0
55;0,01;3;safe;60;1;41;1,0
55;0,01;3;safe;61;1;41;1,0
55;0,01;3;safe;62;1;41;1,0
55;0,01;3;safe;63;1;41;1,0
55;0,01;3;safe;64;1;41;1,0
55;0,01;3;safe;65;1;41;1,0
55;0,01;3;safe;66;1;41;1,0
55;0,01;3;safe;67;1;41;1,0
55;0,01;3;safe;68;1;41;1,0
55;0,01;3;safe;69;1;41;1,0
55;0,01;3;safe;70;1;41;1,0
55;0,01;3;safe;71;1;41;1,0
55;0,01;3;safe;72;1;41;1,0
55;0,01;3;safe;73;1;41;1,0
55;0,01;3;safe;74;1;41;1,0
55;0,01;3;safe;75;1;41;1,0
55;0,01;3;safe;76;1;41;1,0
55;0,01;3;safe;77;1;41;1,0
55;0,01;3;safe;78;1;41;1,0
55;0,01;3;safe;79;1;41;1,0
55;0,01;3;safe;80;1;41;1,0
55;0,01;3;safe;81;1;41;1,0
55;0,01;3;safe;82;1;41;1,0
55;0,01;3;safe;83;1;41;1,0
55;0,01;3;safe;84;1;41;1,0
55;0,01;3;safe;85;1;41;1,0
55;0,01;3;safe;86;1;41;1,0
55;0,01;3;safe;87;1;41;1,0
55;0,01;3;safe;88;1;41;1,0
55;0,01;3;safe;89;1;41;1,0
55;0,01;3;safe;90;1;41;1,0
55;0,01;3;safe;91;1;41;1,0
55;0,01;3;safe;92;1;41;1,0
55;0,01;3;safe;93;0;40;
55;0,01;3;safe;94;1;41;1,0
55;0,01;3;safe;95;1;41;1,0
55;0,01;3;safe;96;1;41;1,0
55;0,01;3;safe;97;1;41;1,0
55;0,01;3;safe;98;1;41;1,0
55;0,01;3;safe;99;1;41;1,0
55;0,01;3;safe;100;1;41;1,0
55;0,01;3;predictive;1;1;41;1,0
55;0,01;3;predictive;2;1;41;1,0
55;0,01;3;predictive;3;1;41;1,0
55;0,01;3;predictive;4;1;41;1,0
55;0,01;3;predictive;5;1;41;1,0
55;0,01;3;predictive;6;1;41;1,0
55;0,01;3;predictive;7;1;41;1,0
55;0,01;3;predictive;8;1;41;1,0
55;0,01;3;predictive;9;1;41;1,0
55;0,01;3;predictive;10;1;41;1,0
55;0,01;3;predictive;11;1;41;1,0
55;0,01;3;predictive;12;1;41;1,0
55;0,01;3;predictive;13;1;41;1,0
55;0,01;3;predictive;14;1;41;1,0
55;0,01;3;predictive;15;1;41;1,0
55;0,01;3;predictive;16;1;41;1,0
55;0,01;3;predictive;17;1;41;1,0
55;0,01;3;predictive;18;1;41;1,0
55;0,01;3;predictive;19;1;41;1,0
55;0,01;3;predictive;20;1;41;1,0
55;0,01;3;predictive;21;1;41;1,0
55;0,01;3;predictive;22;1;41;1,0
55;0,01;3;predictive;23;1;41;1,0
55;0,01;3;predictive;24;1;41;1,0
55;0,01;3;predictive;25;1;41;1,0
55;0,01;3;predictive;26;1;41;1,0
55;0,01;3;predictive;27;1;44;0,9318181818181818
55;0,01;3;predictive;28;1;41;1,0
55;0,01;3;predictive;29;1;41;1,0
55;0,01;3;predictive;30;1;41;1,0
55;0,01;3;predictive;31;1;41;1,0
55;0,01;3;predictive;32;1;41;1,0
55;0,01;3;predictive;33;1;41;1,0
55;0,01;3;predictive;34;1;41;1,0
55;0,01;3;predictive;35;1;41;1,0
55;0,01;3;predictive;36;1;41;1,0
55;0,01;3;predictive;37;1;41;1,0
55;0,01;3;predictive;38;1;41;1,0
55;0,01;3;predictive;39;1;41;1,0
55;0,01;3;predictive;40;1;41;1,0
55;0,01;3;predictive;41;1;41;1,0
55;0,01;3;predictive;42;1;41;1,0
55;0,01;3;predictive;43;1;41;1,0
55;0,01;3;predictive;44;1;41;1,0
55;0,01;3;predictive;45;1;41;1,0
55;0,01;3;predictive;46;1;41;1,0
55;0,01;3;predictive;47;1;41;1,0
55;0,01;3;predictive;48;1;41;1,0
55;0,01;3;predictive;49;1;41;1,0
55;0,01;3;predictive;50;1;41;1,0
55;0,01;3;predictive;51;1;41;1,0
55;0,01;3;predictive;52;1;41;1,0
55;0,01;3;predictive;53;1;41;1,0
55;0,01;3;predictive;54;1;45;0,9111111111111111
55;0,01;3;predictive;55;1;41;1,0
55;0,01;3;predictive;56;1;41;1,0
55;0,01;3;predictive;57;1;41;1,0
55;0,01;3;predictive;58;1;41;1,0
55;0,01;3;predictive;59;1;41;1,0
55;0,01;3;predictive;60;1;41;1,0
55;0,01;3;predictive;61;1;41;1,0
55;0,01;3;predictive;62;1;41;1,0
55;0,01;3;predictive;63;1;41;1,0
55;0,01;3;predictive;64;1;41;1,0
55;0,01;3;predictive;65;1;41;1,0
55;0,01;3;predictive;66;1;41;1,0
55;0,01;3;predictive;67;1;41;1,0
55;0,01;3;predictive;68;1;41;1,0
55;0,01;3;predictive;69;1;41;1,0
55;0,01;3;predictive;70;1;41;1,0
55;0,01;3;predictive;71;1;41;1,0
55;0,01;3;predictive;72;1;41;1,0
55;0,01;3;predictive;73;1;41;1,0
55;0,01;3;predictive;74;1;41;1,0
55;0,01;3;predictive;75;1;41;1,0
55;0,01;3;predictive;76;1;41;1,0
55;0,01;3;predictive;77;1;41;1,0
55;0,01;3;predictive;78;1;41;1,0
55;0,01;3;predictive;79;1;41;1,0
55;0,01;3;predictive;80;1;41;1,0
55;0,01;3;predictive;81;1;41;1,0
55;0,01;3;predictive;82;1;41;1,0
55;0,01;3;predictive;83;1;41;1,0
55;0,01;3;predictive;84;1;41;1,0
55;0,01;3;predictive;85;1;41;1,0
55;0,01;3;predictive;86;1;41;1,0
55;0,01;3;predictive;87;1;41;1,0
55;0,01;3;predictive;88;1;41;1,0
55;0,01;3;predictive;89;1;41;1,0
55;0,01;3;predictive;90;1;41;1,0
55;0,01;3;predictive;91;1;41;1,0
55;0,01;3;predictive;92;1;41;1,0
55;0,01;3;predictive;93;1;41;1,0
55;0,01;3;predictive;94;1;41;1,0
55;0,01;3;predictive;95;1;41;1,0
55;0,01;3;predictive;96;1;41;1,0
55;0,01;3;predictive;97;1;41;1,0
55;0,01;3;predictive;98;1;41;1,0
55;0,01;3;predictive;99;1;41;1,0
55;0,01;3;predictive;100;1;41;1,0
55;0,02;1;shortest;1;1;59;1,0
55;0,02;1;shortest;2;1;59;1,0
55;0,02;1;shortest;3;1;59;1,0
55;0,02;1;shortest;4;1;59;1,0
55;0,02;1;shortest;5;1;59;1,0
55;0,02;1;shortest;6;1;59;1,0
55;0,02;1;shortest;7;1;59;1,0
55;0,02;1;shortest;8;1;59;1,0
55;0,02;1;shortest;9;0;56;
55;0,02;1;shortest;10;1;59;1,0
55;0,02;1;shortest;11;0;54;
55;0,02;1;shortest;12;1;59;1,0
55;0,02;1;shortest;13;1;59;1,0
55;0,02;1;shortest;14;1;59;1,0
55;0,02;1;shortest;15;0;15;
55;0,02;1;shortest;16;1;59;1,0
55;0,02;1;shortest;17;1;59;1,0
55;0,02;1;shortest;18;1;59;1,0
55;0,02;1;shortest;19;1;59;1,0
55;0,02;1;shortest;20;1;59;1,0
55;0,02;1;shortest;21;1;59;1,0
55;0,02;1;shortest;22;1;59;1,0
55;0,02;1;shortest;23;1;59;1,0
55;0,02;1;shortest;24;0;55;
55;0,02;1;shortest;25;1;59;1,0
55;0,02;1;shortest;26;1;59;1,0
55;0,02;1;shortest;27;1;59;1,0
55;0,02;1;shortest;28;1;59;1,0
55;0,02;1;shortest;29;0;53;
55;0,02;1;shortest;30;1;59;1,0
55;0,02;1;shortest;31;0;58;
55;0,02;1;shortest;32;1;59;1,0
55;0,02;1;shortest;33;1;59;1,0
55;0,02;1;shortest;34;0;14;
55;0,02;1;shortest;35;1;59;1,0
55;0,02;1;shortest;36;1;59;1,0
55;0,02;1;shortest;37;1;59;1,0
55;0,02;1;shortest;38;1;59;1,0
55;0,02;1;shortest;39;1;59;1,0
55;0,02;1;shortest;40;1;59;1,0
55;0,02;1;shortest;41;1;59;1,0
55;0,02;1;shortest;42;0;58;
55;0,02;1;shortest;43;1;59;1,0
55;0,02;1;shortest;44;1;59;1,0
55;0,02;1;shortest;45;1;59;1,0
55;0,02;1;shortest;46;1;59;1,0
55;0,02;1;shortest;47;0;16;
55;0,02;1;shortest;48;1;59;1,0
55;0,02;1;shortest;49;1;59;1,0
55;0,02;1;shortest;50;1;59;1,0
55;0,02;1;shortest;51;1;59;1,0
55;0,02;1;shortest;52;1;59;1,0
55;0,02;1;shortest;53;1;59;1,0
55;0,02;1;shortest;54;1;59;1,0
55;0,02;1;shortest;55;1;59;1,0
55;0,02;1;shortest;56;0;56;
55;0,02;1;shortest;57;1;59;1,0
55;0,02;1;shortest;58;1;59;1,0
55;0,02;1;shortest;59;1;59;1,0
55;0,02;1;shortest;60;1;59;1,0
55;0,02;1;shortest;61;0;53;
55;0,02;1;shortest;62;0;16;
55;0,02;1;shortest;63;0;55;
55;0,02;1;shortest;64;0;22;
55;0,02;1;shortest;65;1;59;1,0
55;0,02;1;shortest;66;0;55;
55;0,02;1;shortest;67;1;59;1,0
55;0,02;1;shortest;68;0;53;
55;0,02;1;shortest;69;1;59;1,0
55;0,02;1;shortest;70;1;59;1,0
55;0,02;1;shortest;71;1;59;1,0
55;0,02;1;shortest;72;0;17;
55;0,02;1;shortest;73;1;59;1,0
55;0,02;1;shortest;74;1;59;1,0
55;0,02;1;shortest;75;1;59;1,0
55;0,02;1;shortest;76;0;22;
55;0,02;1;shortest;77;1;59;1,0
55;0,02;1;shortest;78;1;59;1,0
55;0,02;1;shortest;79;0;16;
55;0,02;1;shortest;80;1;59;1,0
55;0,02;1;shortest;81;0;57;
55;0,02;1;shortest;82;1;59;1,0
55;0,02;1;shortest;83;1;59;1,0
55;0,02;1;shortest;84;0;52;
55;0,02;1;shortest;85;1;59;1,0
55;0,02;1;shortest;86;0;53;
55;0,02;1;shortest;87;1;59;1,0
55;0,02;1;shortest;88;1;59;1,0
55;0,02;1;shortest;89;1;59;1,0
55;0,02;1;shortest;90;1;59;1,0
55;0,02;1;shortest;91;1;59;1,0
55;0,02;1;shortest;92;1;59;1,0
55;0,02;1;shortest;93;1;59;1,0
55;0,02;1;shortest;94;0;16;
55;0,02;1;shortest;95;0;54;
55;0,02;1;shortest;96;1;59;1,0
55;0,02;1;shortest;97;1;59;1,0
55;0,02;1;shortest;98;1;59;1,0
55;0,02;1;shortest;99;1;59;1,0
55;0,02;1;shortest;100;0;58;
55;0,02;1;safe;1;1;59;1,0
55;0,02;1;safe;2;1;59;1,0
55;0,02;1;safe;3;1;59;1,0
55;0,02;1;safe;4;1;59;1,0
55;0,02;1;safe;5;1;59;1,0
55;0,02;1;safe;6;1;59;1,0
55;0,02;1;safe;7;1;59;1,0
55;0,02;1;safe;8;1;59;1,0
55;0,02;1;safe;9;0;56;
55;0,02;1;safe;10;1;59;1,0
55;0,02;1;safe;11;0;54;
55;0,02;1;safe;12;1;59;1,0
55;0,02;1;safe;13;1;60;0,9833333333333333
55;0,02;1;safe;14;1;59;1,0
55;0,02;1;safe;15;1;59;1,0
55;0,02;1;safe;16;0;56;
55;0,02;1;safe;17;1;59;1,0
55;0,02;1;safe;18;1;59;1,0
55;0,02;1;safe;19;1;59;1,0
55;0,02;1;safe;20;1;59;1,0
55;0,02;1;safe;21;1;59;1,0
55;0,02;1;safe;22;1;59;1,0
55;0,02;1;safe;23;0;55;
55;0,02;1;safe;24;1;59;1,0
55;0,02;1;safe;25;1;59;1,0
55;0,02;1;safe;26;1;59;1,0
55;0,02;1;safe;27;0;16;
55;0,02;1;safe;28;1;59;1,0
55;0,02;1;safe;29;1;59;1,0
55;0,02;1;safe;30;1;59;1,0
55;0,02;1;safe;31;1;59;1,0
55;0,02;1;safe;32;1;59;1,0
55;0,02;1;safe;33;1;59;1,0
55;0,02;1;safe;34;1;59;1,0
55;0,02;1;safe;35;0;17;
55;0,02;1;safe;36;1;59;1,0
55;0,02;1;safe;37;1;59;1,0
55;0,02;1;safe;38;1;59;1,0
55;0,02;1;safe;39;1;59;1,0
55;0,02;1;safe;40;1;59;1,0
55;0,02;1;safe;41;0;52;
55;0,02;1;safe;42;0;16;
55;0,02;1;safe;43;1;59;1,0
55;0,02;1;safe;44;1;59;1,0
55;0,02;1;safe;45;1;59;1,0
55;0,02;1;safe;46;1;59;1,0
55;0,02;1;safe;47;0;55;
55;0,02;1;safe;48;1;59;1,0
55;0,02;1;safe;49;0;20;
55;0,02;1;safe;50;1;59;1,0
55;0,02;1;safe;51;1;59;1,0
55;0,02;1;safe;52;1;59;1,0
55;0,02;1;safe;53;0;56;
55;0,02;1;safe;54;0;17;
55;0,02;1;safe;55;1;59;1,0
55;0,02;1;safe;56;1;59;1,0
55;0,02;1;safe;57;1;59;1,0
55;0,02;1;safe;58;1;59;1,0
55;0,02;1;safe;59;1;59;1,0
55;0,02;1;safe;60;0;58;
55;0,02;1;safe;61;1;59;1,0
55;0,02;1;safe;62;1;59;1,0
55;0,02;1;safe;63;1;59;1,0
55;0,02;1;safe;64;1;59;1,0
55;0,02;1;safe;65;0;16;
55;0,02;1;safe;66;1;59;1,0
55;0,02;1;safe;67;1;59;1,0
55;0,02;1;safe;68;1;59;1,0
55;0,02;1;safe;69;1;59;1,0
55;0,02;1;safe;70;1;59;1,0
55;0,02;1;safe;71;0;16;
55;0,02;1;safe;72;1;59;1,0
55;0,02;1;safe;73;1;59;1,0
55;0,02;1;safe;74;1;59;1,0
55;0,02;1;safe;75;1;59;1,0
55;0,02;1;safe;76;1;59;1,0
55;0,02;1;safe;77;1;59;1,0
55;0,02;1;safe;78;1;59;1,0
55;0,02;1;safe;79;1;59;1,0
55;0,02;1;safe;80;1;59;1,0
55;0,02;1;safe;81;1;59;1,0
55;0,02;1;safe;82;0;54;
55;0,02;1;safe;83;0;12;
55;0,02;1;safe;84;1;59;1,0
55;0,02;1;safe;85;1;59;1,0
55;0,02;1;safe;86;1;59;1,0
55;0,02;1;safe;87;1;59;1,0
55;0,02;1;safe;88;1;59;1,0
55;0,02;1;safe;89;1;59;1,0
55;0,02;1;safe;90;0;21;
55;0,02;1;safe;91;1;59;1,0
55;0,02;1;safe;92;1;59;1,0
55;0,02;1;safe;93;1;59;1,0
55;0,02;1;safe;94;1;59;1,0
55;0,02;1;safe;95;1;59;1,0
55;0,02;1;safe;96;1;59;1,0
55;0,02;1;safe;97;1;59;1,0
55;0,02;1;safe;98;1;59;1,0
55;0,02;1;safe;99;1;59;1,0
55;0,02;1;safe;100;1;59;1,0
55;0,02;1;predictive;1;1;59;1,0
55;0,02;1;predictive;2;1;59;1,0
55;0,02;1;predictive;3;1;59;1,0
55;0,02;1;predictive;4;1;59;1,0
55;0,02;1;predictive;5;1;59;1,0
55;0,02;1;predictive;6;1;59;1,0
55;0,02;1;predictive;7;1;59;1,0
55;0,02;1;predictive;8;1;59;1,0
55;0,02;1;predictive;9;1;144;0,4097222222222222
55;0,02;1;predictive;10;1;59;1,0
55;0,02;1;predictive;11;1;59;1,0
55;0,02;1;predictive;12;1;59;1,0
55;0,02;1;predictive;13;1;99;0,5959595959595959
55;0,02;1;predictive;14;0;90;
55;0,02;1;predictive;15;1;84;0,7023809523809523
55;0,02;1;predictive;16;1;165;0,3575757575757576
55;0,02;1;predictive;17;1;59;1,0
55;0,02;1;predictive;18;1;59;1,0
55;0,02;1;predictive;19;1;63;0,9365079365079365
55;0,02;1;predictive;20;1;59;1,0
55;0,02;1;predictive;21;1;59;1,0
55;0,02;1;predictive;22;1;166;0,35542168674698793
55;0,02;1;predictive;23;1;61;0,9672131147540983
55;0,02;1;predictive;24;1;59;1,0
55;0,02;1;predictive;25;1;59;1,0
55;0,02;1;predictive;26;1;59;1,0
55;0,02;1;predictive;27;1;59;1,0
55;0,02;1;predictive;28;1;59;1,0
55;0,02;1;predictive;29;1;59;1,0
55;0,02;1;predictive;30;1;59;1,0
55;0,02;1;predictive;31;1;59;1,0
55;0,02;1;predictive;32;1;64;0,921875
55;0,02;1;predictive;33;1;59;1,0
55;0,02;1;predictive;34;1;87;0,6781609195402298
55;0,02;1;predictive;35;1;59;1,0
55;0,02;1;predictive;36;1;59;1,0
55;0,02;1;predictive;37;1;59;1,0
55;0,02;1;predictive;38;1;59;1,0
55;0,02;1;predictive;39;1;59;1,0
55;0,02;1;predictive;40;1;59;1,0
55;0,02;1;predictive;41;0;68;
55;0,02;1;predictive;42;1;59;1,0
55;0,02;1;predictive;43;1;121;0,48760330578512395
55;0,02;1;predictive;44;1;59;1,0
55;0,02;1;predictive;45;1;59;1,0
55;0,02;1;predictive;46;1;75;0,7866666666666666
55;0,02;1;predictive;47;1;59;1,0
55;0,02;1;predictive;48;1;69;0,855072463768116
55;0,02;1;predictive;49;1;59;1,0
55;0,02;1;predictive;50;1;59;1,0
55;0,02;1;predictive;51;1;59;1,0
55;0,02;1;predictive;52;1;106;0,5566037735849056
55;0,02;1;predictive;53;1;59;1,0
55;0,02;1;predictive;54;1;59;1,0
55;0,02;1;predictive;55;1;59;1,0
55;0,02;1;predictive;56;1;68;0,8676470588235294
55;0,02;1;predictive;57;1;59;1,0
55;0,02;1;predictive;58;1;59;1,0
55;0,02;1;predictive;59;1;59;1,0
55;0,02;1;predictive;60;1;59;1,0
55;0,02;1;predictive;61;1;59;1,0
55;0,02;1;predictive;62;1;59;1,0
55;0,02;1;predictive;63;1;64;0,921875
55;0,02;1;predictive;64;1;95;0,6210526315789474
55;0,02;1;predictive;65;1;59;1,0
55;0,02;1;predictive;66;1;111;0,5315315315315315
55;0,02;1;predictive;67;1;59;1,0
55;0,02;1;predictive;68;1;97;0,6082474226804123
55;0,02;1;predictive;69;1;59;1,0
55;0,02;1;predictive;70;1;59;1,0
55;0,02;1;predictive;71;1;59;1,0
55;0,02;1;predictive;72;1;59;1,0
55;0,02;1;predictive;73;1;59;1,0
55;0,02;1;predictive;74;1;59;1,0
55;0,02;1;predictive;75;1;59;1,0
55;0,02;1;predictive;76;1;59;1,0
55;0,02;1;predictive;77;1;59;1,0
55;0,02;1;predictive;78;1;59;1,0
55;0,02;1;predictive;79;1;59;1,0
55;0,02;1;predictive;80;1;59;1,0
55;0,02;1;predictive;81;1;59;1,0
55;0,02;1;predictive;82;1;59;1,0
55;0,02;1;predictive;83;1;59;1,0
55;0,02;1;predictive;84;1;59;1,0
55;0,02;1;predictive;85;1;59;1,0
55;0,02;1;predictive;86;0;58;
55;0,02;1;predictive;87;1;59;1,0
55;0,02;1;predictive;88;1;59;1,0
55;0,02;1;predictive;89;1;59;1,0
55;0,02;1;predictive;90;1;59;1,0
55;0,02;1;predictive;91;1;59;1,0
55;0,02;1;predictive;92;1;59;1,0
55;0,02;1;predictive;93;1;59;1,0
55;0,02;1;predictive;94;1;59;1,0
55;0,02;1;predictive;95;1;59;1,0
55;0,02;1;predictive;96;1;59;1,0
55;0,02;1;predictive;97;1;59;1,0
55;0,02;1;predictive;98;1;59;1,0
55;0,02;1;predictive;99;1;106;0,5566037735849056
55;0,02;1;predictive;100;1;59;1,0
55;0,02;2;shortest;1;1;55;1,0
55;0,02;2;shortest;2;1;55;1,0
55;0,02;2;shortest;3;1;55;1,0
55;0,02;2;shortest;4;1;55;1,0
55;0,02;2;shortest;5;0;54;
55;0,02;2;shortest;6;1;55;1,0
55;0,02;2;shortest;7;0;52;
55;0,02;2;shortest;8;1;55;1,0
55;0,02;2;shortest;9;1;55;1,0
55;0,02;2;shortest;10;1;55;1,0
55;0,02;2;shortest;11;1;55;1,0
55;0,02;2;shortest;12;0;54;
55;0,02;2;shortest;13;1;55;1,0
55;0,02;2;shortest;14;1;55;1,0
55;0,02;2;shortest;15;1;55;1,0
55;0,02;2;shortest;16;1;55;1,0
55;0,02;2;shortest;17;0;54;
55;0,02;2;shortest;18;1;55;1,0
55;0,02;2;shortest;19;1;55;1,0
55;0,02;2;shortest;20;1;55;1,0
55;0,02;2;shortest;21;1;55;1,0
55;0,02;2;shortest;22;1;55;1,0
55;0,02;2;shortest;23;1;55;1,0
55;0,02;2;shortest;24;1;55;1,0
55;0,02;2;shortest;25;1;55;1,0
55;0,02;2;shortest;26;1;55;1,0
55;0,02;2;shortest;27;1;55;1,0
55;0,02;2;shortest;28;1;55;1,0
55;0,02;2;shortest;29;1;55;1,0
55;0,02;2;shortest;30;1;55;1,0
55;0,02;2;shortest;31;1;55;1,0
55;0,02;2;shortest;32;1;55;1,0
55;0,02;2;shortest;33;1;55;1,0
55;0,02;2;shortest;34;1;55;1,0
55;0,02;2;shortest;35;1;55;1,0
55;0,02;2;shortest;36;1;55;1,0
55;0,02;2;shortest;37;1;55;1,0
55;0,02;2;shortest;38;1;55;1,0
55;0,02;2;shortest;39;1;55;1,0
55;0,02;2;shortest;40;1;55;1,0
55;0,02;2;shortest;41;1;55;1,0
55;0,02;2;shortest;42;1;55;1,0
55;0,02;2;shortest;43;1;55;1,0
55;0,02;2;shortest;44;1;55;1,0
55;0,02;2;shortest;45;1;55;1,0
55;0,02;2;shortest;46;1;55;1,0
55;0,02;2;shortest;47;0;54;
55;0,02;2;shortest;48;1;55;1,0
55;0,02;2;shortest;49;0;49;
55;0,02;2;shortest;50;0;53;
55;0,02;2;shortest;51;1;55;1,0
55;0,02;2;shortest;52;1;55;1,0
55;0,02;2;shortest;53;1;55;1,0
55;0,02;2;shortest;54;1;55;1,0
55;0,02;2;shortest;55;1;55;1,0
55;0,02;2;shortest;56;1;55;1,0
55;0,02;2;shortest;57;0;54;
55;0,02;2;shortest;58;1;55;1,0
55;0,02;2;shortest;59;1;55;1,0
55;0,02;2;shortest;60;1;55;1,0
55;0,02;2;shortest;61;1;55;1,0
55;0,02;2;shortest;62;1;55;1,0
55;0,02;2;shortest;63;1;55;1,0
55;0,02;2;shortest;64;1;55;1,0
55;0,02;2;shortest;65;1;55;1,0
55;0,02;2;shortest;66;1;55;1,0
55;0,02;2;shortest;67;1;55;1,0
55;0,02;2;shortest;68;1;55;1,0
55;0,02;2;shortest;69;1;55;1,0
55;0,02;2;shortest;70;1;55;1,0
55;0,02;2;shortest;71;1;55;1,0
55;0,02;2;shortest;72;0;51;
55;0,02;2;shortest;73;1;55;1,0
55;0,02;2;shortest;74;1;55;1,0
55;0,02;2;shortest;75;1;55;1,0
55;0,02;2;shortest;76;0;54;
55;0,02;2;shortest;77;1;55;1,0
55;0,02;2;shortest;78;0;51;
55;0,02;2;shortest;79;1;55;1,0
55;0,02;2;shortest;80;1;55;1,0
55;0,02;2;shortest;81;1;55;1,0
55;0,02;2;shortest;82;1;55;1,0
55;0,02;2;shortest;83;1;55;1,0
55;0,02;2;shortest;84;0;51;
55;0,02;2;shortest;85;1;55;1,0
55;0,02;2;shortest;86;1;55;1,0
55;0,02;2;shortest;87;1;55;1,0
55;0,02;2;shortest;88;0;50;
55;0,02;2;shortest;89;1;55;1,0
55;0,02;2;shortest;90;1;55;1,0
55;0,02;2;shortest;91;1;55;1,0
55;0,02;2;shortest;92;1;55;1,0
55;0,02;2;shortest;93;0;50;
55;0,02;2;shortest;94;1;55;1,0
55;0,02;2;shortest;95;1;55;1,0
55;0,02;2;shortest;96;1;55;1,0
55;0,02;2;shortest;97;1;55;1,0
55;0,02;2;shortest;98;1;55;1,0
55;0,02;2;shortest;99;1;55;1,0
55;0,02;2;shortest;100;1;55;1,0
55;0,02;2;safe;1;1;55;1,0
55;0,02;2;safe;2;1;55;1,0
55;0,02;2;safe;3;1;55;1,0
55;0,02;2;safe;4;1;55;1,0
55;0,02;2;safe;5;0;54;
55;0,02;2;safe;6;1;55;1,0
55;0,02;2;safe;7;1;55;1,0
55;0,02;2;safe;8;1;55;1,0
55;0,02;2;safe;9;1;55;1,0
55;0,02;2;safe;10;1;55;1,0
55;0,02;2;safe;11;1;55;1,0
55;0,02;2;safe;12;1;55;1,0
55;0,02;2;safe;13;1;55;1,0
55;0,02;2;safe;14;1;55;1,0
55;0,02;2;safe;15;0;41;
55;0,02;2;safe;16;1;55;1,0
55;0,02;2;safe;17;1;55;1,0
55;0,02;2;safe;18;1;55;1,0
55;0,02;2;safe;19;1;55;1,0
55;0,02;2;safe;20;1;55;1,0
55;0,02;2;safe;21;1;55;1,0
55;0,02;2;safe;22;1;55;1,0
55;0,02;2;safe;23;1;55;1,0
55;0,02;2;safe;24;1;55;1,0
55;0,02;2;safe;25;1;55;1,0
55;0,02;2;safe;26;1;55;1,0
55;0,02;2;safe;27;1;55;1,0
55;0,02;2;safe;28;1;55;1,0
55;0,02;2;safe;29;1;55;1,0
55;0,02;2;safe;30;1;55;1,0
55;0,02;2;safe;31;0;52;
55;0,02;2;safe;32;1;55;1,0
55;0,02;2;safe;33;1;55;1,0
55;0,02;2;safe;34;1;55;1,0
55;0,02;2;safe;35;1;55;1,0
55;0,02;2;safe;36;1;55;1,0
55;0,02;2;safe;37;1;55;1,0
55;0,02;2;safe;38;1;55;1,0
55;0,02;2;safe;39;1;55;1,0
55;0,02;2;safe;40;1;55;1,0
55;0,02;2;safe;41;1;55;1,0
55;0,02;2;safe;42;1;55;1,0
55;0,02;2;safe;43;1;55;1,0
55;0,02;2;safe;44;1;55;1,0
55;0,02;2;safe;45;1;55;1,0
55;0,02;2;safe;46;1;55;1,0
55;0,02;2;safe;47;1;55;1,0
55;0,02;2;safe;48;1;55;1,0
55;0,02;2;safe;49;1;55;1,0
55;0,02;2;safe;50;1;55;1,0
55;0,02;2;safe;51;1;55;1,0
55;0,02;2;safe;52;1;55;1,0
55;0,02;2;safe;53;1;55;1,0
55;0,02;2;safe;54;1;55;1,0
55;0,02;2;safe;55;1;55;1,0
55;0,02;2;safe;56;1;55;1,0
55;0,02;2;safe;57;1;55;1,0
55;0,02;2;safe;58;1;55;1,0
55;0,02;2;safe;59;1;55;1,0
55;0,02;2;safe;60;0;52;
55;0,02;2;safe;61;0;52;
55;0,02;2;safe;62;1;55;1,0
55;0,02;2;safe;63;1;55;1,0
55;0,02;2;safe;64;1;55;1,0
55;0,02;2;safe;65;1;55;1,0
55;0,02;2;safe;66;1;55;1,0
55;0,02;2;safe;67;1;55;1,0
55;0,02;2;safe;68;1;55;1,0
55;0,02;2;safe;69;1;55;1,0
55;0,02;2;safe;70;1;55;1,0
55;0,02;2;safe;71;1;55;1,0
55;0,02;2;safe;72;1;55;1,0
55;0,02;2;safe;73;1;55;1,0
55;0,02;2;safe;74;0;50;
55;0,02;2;safe;75;1;55;1,0
55;0,02;2;safe;76;1;55;1,0
55;0,02;2;safe;77;1;55;1,0
55;0,02;2;safe;78;1;55;1,0
55;0,02;2;safe;79;1;55;1,0
55;0,02;2;safe;80;1;55;1,0
55;0,02;2;safe;81;1;55;1,0
55;0,02;2;safe;82;1;55;1,0
55;0,02;2;safe;83;1;55;1,0
55;0,02;2;safe;84;1;55;1,0
55;0,02;2;safe;85;1;55;1,0
55;0,02;2;safe;86;1;55;1,0
55;0,02;2;safe;87;1;55;1,0
55;0,02;2;safe;88;1;55;1,0
55;0,02;2;safe;89;1;55;1,0
55;0,02;2;safe;90;1;55;1,0
55;0,02;2;safe;91;1;55;1,0
55;0,02;2;safe;92;1;55;1,0
55;0,02;2;safe;93;1;55;1,0
55;0,02;2;safe;94;1;55;1,0
55;0,02;2;safe;95;1;55;1,0
55;0,02;2;safe;96;1;55;1,0
55;0,02;2;safe;97;1;55;1,0
55;0,02;2;safe;98;1;55;1,0
55;0,02;2;safe;99;1;55;1,0
55;0,02;2;safe;100;1;55;1,0
55;0,02;2;predictive;1;1;55;1,0
55;0,02;2;predictive;2;1;55;1,0
55;0,02;2;predictive;3;1;55;1,0
55;0,02;2;predictive;4;1;55;1,0
55;0,02;2;predictive;5;1;73;0,7534246575342466
55;0,02;2;predictive;6;1;55;1,0
55;0,02;2;predictive;7;1;55;1,0
55;0,02;2;predictive;8;1;55;1,0
55;0,02;2;predictive;9;1;60;0,9166666666666666
55;0,02;2;predictive;10;1;55;1,0
55;0,02;2;predictive;11;1;55;1,0
55;0,02;2;predictive;12;1;55;1,0
55;0,02;2;predictive;13;1;55;1,0
55;0,02;2;predictive;14;1;55;1,0
55;0,02;2;predictive;15;1;55;1,0
55;0,02;2;predictive;16;1;55;1,0
55;0,02;2;predictive;17;1;55;1,0
55;0,02;2;predictive;18;1;55;1,0
55;0,02;2;predictive;19;1;55;1,0
55;0,02;2;predictive;20;1;55;1,0
55;0,02;2;predictive;21;1;75;0,7333333333333333
55;0,02;2;predictive;22;1;55;1,0
55;0,02;2;predictive;23;1;55;1,0
55;0,02;2;predictive;24;1;58;0,9482758620689655
55;0,02;2;predictive;25;1;55;1,0
55;0,02;2;predictive;26;1;55;1,0
55;0,02;2;predictive;27;1;55;1,0
55;0,02;2;predictive;28;1;80;0,6875
55;0,02;2;predictive;29;1;55;1,0
55;0,02;2;predictive;30;1;55;1,0
55;0,02;2;predictive;31;1;79;0,6962025316455697
55;0,02;2;predictive;32;1;55;1,0
55;0,02;2;predictive;33;1;55;1,0
55;0,02;2;predictive;34;1;55;1,0
55;0,02;2;predictive;35;1;61;0,9016393442622951
55;0,02;2;predictive;36;1;55;1,0
55;0,02;2;predictive;37;1;55;1,0
55;0,02;2;predictive;38;1;71;0,7746478873239436
55;0,02;2;predictive;39;1;55;1,0
55;0,02;2;predictive;40;1;55;1,0
55;0,02;2;predictive;41;1;55;1,0
55;0,02;2;predictive;42;1;55;1,0
55;0,02;2;predictive;43;1;55;1,0
55;0,02;2;predictive;44;1;105;0,5238095238095238
55;0,02;2;predictive;45;1;55;1,0
55;0,02;2;predictive;46;1;55;1,0
55;0,02;2;predictive;47;1;55;1,0
55;0,02;2;predictive;48;1;55;1,0
55;0,02;2;predictive;49;1;55;1,0
55;0,02;2;predictive;50;1;55;1,0
55;0,02;2;predictive;51;1;55;1,0
55;0,02;2;predictive;52;1;55;1,0
55;0,02;2;predictive;53;1;55;1,0
55;0,02;2;predictive;54;1;55;1,0
55;0,02;2;predictive;55;1;55;1,0
55;0,02;2;predictive;56;1;55;1,0
55;0,02;2;predictive;57;1;55;1,0
55;0,02;2;predictive;58;1;55;1,0
55;0,02;2;predictive;59;1;55;1,0
55;0,02;2;predictive;60;1;55;1,0
55;0,02;2;predictive;61;1;55;1,0
55;0,02;2;predictive;62;1;133;0,41353383458646614
55;0,02;2;predictive;63;1;55;1,0
55;0,02;2;predictive;64;1;55;1,0
55;0,02;2;predictive;65;1;55;1,0
55;0,02;2;predictive;66;1;55;1,0
55;0,02;2;predictive;67;1;55;1,0
55;0,02;2;predictive;68;1;55;1,0
55;0,02;2;predictive;69;1;107;0,514018691588785
55;0,02;2;predictive;70;1;55;1,0
55;0,02;2;predictive;71;1;55;1,0
55;0,02;2;predictive;72;1;78;0,7051282051282052
55;0,02;2;predictive;73;1;55;1,0
55;0,02;2;predictive;74;1;55;1,0
55;0,02;2;predictive;75;1;55;1,0
55;0,02;2;predictive;76;1;55;1,0
55;0,02;2;predictive;77;1;55;1,0
55;0,02;2;predictive;78;1;55;1,0
55;0,02;2;predictive;79;1;55;1,0
55;0,02;2;predictive;80;1;55;1,0
55;0,02;2;predictive;81;1;55;1,0
55;0,02;2;predictive;82;1;98;0,5612244897959183
55;0,02;2;predictive;83;1;55;1,0
55;0,02;2;predictive;84;1;55;1,0
55;0,02;2;predictive;85;1;55;1,0
55;0,02;2;predictive;86;1;55;1,0
55;0,02;2;predictive;87;1;55;1,0
55;0,02;2;predictive;88;1;55;1,0
55;0,02;2;predictive;89;1;55;1,0
55;0,02;2;predictive;90;1;55;1,0
55;0,02;2;predictive;91;1;55;1,0
55;0,02;2;predictive;92;1;55;1,0
55;0,02;2;predictive;93;1;55;1,0
55;0,02;2;predictive;94;1;55;1,0
55;0,02;2;predictive;95;1;55;1,0
55;0,02;2;predictive;96;1;82;0,6707317073170732
55;0,02;2;predictive;97;1;55;1,0
55;0,02;2;predictive;98;1;55;1,0
55;0,02;2;predictive;99;1;55;1,0
55;0,02;2;predictive;100;1;55;1,0
55;0,02;3;shortest;1;1;41;1,0
55;0,02;3;shortest;2;1;41;1,0
55;0,02;3;shortest;3;1;41;1,0
55;0,02;3;shortest;4;1;41;1,0
55;0,02;3;shortest;5;1;41;1,0
55;0,02;3;shortest;6;1;41;1,0
55;0,02;3;shortest;7;1;41;1,0
55;0,02;3;shortest;8;1;41;1,0
55;0,02;3;shortest;9;1;41;1,0
55;0,02;3;shortest;10;1;41;1,0
55;0,02;3;shortest;11;1;41;1,0
55;0,02;3;shortest;12;1;41;1,0
55;0,02;3;shortest;13;1;41;1,0
55;0,02;3;shortest;14;1;41;1,0
55;0,02;3;shortest;15;1;41;1,0
55;0,02;3;shortest;16;1;41;1,0
55;0,02;3;shortest;17;1;41;1,0
55;0,02;3;shortest;18;1;41;1,0
55;0,02;3;shortest;19;1;41;1,0
55;0,02;3;shortest;20;1;41;1,0
55;0,02;3;shortest;21;0;38;
55;0,02;3;shortest;22;0;30;
55;0,02;3;shortest;23;1;41;1,0
55;0,02;3;shortest;24;1;41;1,0
55;0,02;3;shortest;25;1;41;1,0
55;0,02;3;shortest;26;1;41;1,0
55;0,02;3;shortest;27;1;41;1,0
55;0,02;3;shortest;28;1;41;1,0
55;0,02;3;shortest;29;1;41;1,0
55;0,02;3;shortest;30;1;41;1,0
55;0,02;3;shortest;31;0;39;
55;0,02;3;shortest;32;1;41;1,0
55;0,02;3;shortest;33;1;41;1,0
55;0,02;3;shortest;34;1;41;1,0
55;0,02;3;shortest;35;1;41;1,0
55;0,02;3;shortest;36;1;41;1,0
55;0,02;3;shortest;37;0;40;
55;0,02;3;shortest;38;1;41;1,0
55;0,02;3;shortest;39;1;41;1,0
55;0,02;3;shortest;40;1;41;1,0
55;0,02;3;shortest;41;1;41;1,0
55;0,02;3;shortest;42;1;41;1,0
55;0,02;3;shortest;43;1;41;1,0
55;0,02;3;shortest;44;1;41;1,0
55;0,02;3;shortest;45;1;41;1,0
55;0,02;3;shortest;46;1;41;1,0
55;0,02;3;shortest;47;1;41;1,0
55;0,02;3;shortest;48;1;41;1,0
55;0,02;3;shortest;49;1;41;1,0
55;0,02;3;shortest;50;1;41;1,0
55;0,02;3;shortest;51;1;41;1,0
55;0,02;3;shortest;52;1;41;1,0
55;0,02;3;shortest;53;1;41;1,0
55;0,02;3;shortest;54;1;41;1,0
55;0,02;3;shortest;55;1;41;1,0
55;0,02;3;shortest;56;0;40;
55;0,02;3;shortest;57;1;41;1,0
55;0,02;3;shortest;58;1;41;1,0
55;0,02;3;shortest;59;1;41;1,0
55;0,02;3;shortest;60;1;41;1,0
55;0,02;3;shortest;61;1;41;1,0
55;0,02;3;shortest;62;1;41;1,0
55;0,02;3;shortest;63;1;41;1,0
55;0,02;3;shortest;64;1;41;1,0
55;0,02;3;shortest;65;1;41;1,0
55;0,02;3;shortest;66;1;41;1,0
55;0,02;3;shortest;67;1;41;1,0
55;0,02;3;shortest;68;1;41;1,0
55;0,02;3;shortest;69;1;41;1,0
55;0,02;3;shortest;70;1;41;1,0
55;0,02;3;shortest;71;1;41;1,0
55;0,02;3;shortest;72;1;41;1,0
55;0,02;3;shortest;73;1;41;1,0
55;0,02;3;shortest;74;1;41;1,0
55;0,02;3;shortest;75;1;41;1,0
55;0,02;3;shortest;76;1;41;1,0
55;0,02;3;shortest;77;1;41;1,0
55;0,02;3;shortest;78;1;41;1,0
55;0,02;3;shortest;79;1;41;1,0
55;0,02;3;shortest;80;1;41;1,0
55;0,02;3;shortest;81;1;41;1,0
55;0,02;3;shortest;82;1;41;1,0
55;0,02;3;shortest;83;1;41;1,0
55;0,02;3;shortest;84;1;41;1,0
55;0,02;3;shortest;85;0;35;
55;0,02;3;shortest;86;1;41;1,0
55;0,02;3;shortest;87;1;41;1,0
55;0,02;3;shortest;88;1;41;1,0
55;0,02;3;shortest;89;1;41;1,0
55;0,02;3;shortest;90;1;41;1,0
55;0,02;3;shortest;91;1;41;1,0
55;0,02;3;shortest;92;1;41;1,0
55;0,02;3;shortest;93;1;41;1,0
55;0,02;3;shortest;94;1;41;1,0
55;0,02;3;shortest;95;1;41;1,0
55;0,02;3;shortest;96;1;41;1,0
55;0,02;3;shortest;97;1;41;1,0
55;0,02;3;shortest;98;1;41;1,0
55;0,02;3;shortest;99;1;41;1,0
55;0,02;3;shortest;100;0;38;
55;0,02;3;safe;1;1;41;1,0
55;0,02;3;safe;2;1;41;1,0
55;0,02;3;safe;3;1;41;1,0
55;0,02;3;safe;4;1;41;1,0
55;0,02;3;safe;5;1;41;1,0
55;0,02;3;safe;6;1;41;1,0
55;0,02;3;safe;7;1;41;1,0
55;0,02;3;safe;8;1;41;1,0
55;0,02;3;safe;9;1;41;1,0
55;0,02;3;safe;10;1;41;1,0
55;0,02;3;safe;11;1;41;1,0
55;0,02;3;safe;12;1;41;1,0
55;0,02;3;safe;13;1;41;1,0
55;0,02;3;safe;14;1;41;1,0
55;0,02;3;safe;15;1;41;1,0
55;0,02;3;safe;16;1;41;1,0
55;0,02;3;safe;17;1;41;1,0
55;0,02;3;safe;18;1;41;1,0
55;0,02;3;safe;19;1;41;1,0
55;0,02;3;safe;20;1;41;1,0
55;0,02;3;safe;21;0;39;
55;0,02;3;safe;22;1;41;1,0
55;0,02;3;safe;23;1;41;1,0
55;0,02;3;safe;24;1;41;1,0
55;0,02;3;safe;25;1;41;1,0
55;0,02;3;safe;26;1;41;1,0
55;0,02;3;safe;27;1;41;1,0
55;0,02;3;safe;28;1;41;1,0
55;0,02;3;safe;29;1;41;1,0
55;0,02;3;safe;30;1;41;1,0
55;0,02;3;safe;31;1;41;1,0
55;0,02;3;safe;32;1;41;1,0
55;0,02;3;safe;33;1;41;1,0
55;0,02;3;safe;34;1;41;1,0
55;0,02;3;safe;35;1;41;1,0
55;0,02;3;safe;36;1;41;1,0
55;0,02;3;safe;37;1;41;1,0
55;0,02;3;safe;38;0;38;
55;0,02;3;safe;39;1;41;1,0
55;0,02;3;safe;40;1;41;1,0
55;0,02;3;safe;41;1;41;1,0
55;0,02;3;safe;42;1;41;1,0
55;0,02;3;safe;43;1;41;1,0
55;0,02;3;safe;44;1;41;1,0
55;0,02;3;safe;45;1;41;1,0
55;0,02;3;safe;46;1;41;1,0
55;0,02;3;safe;47;1;41;1,0
55;0,02;3;safe;48;1;41;1,0
55;0,02;3;safe;49;1;41;1,0
55;0,02;3;safe;50;1;41;1,0
55;0,02;3;safe;51;1;41;1,0
55;0,02;3;safe;52;1;41;1,0
55;0,02;3;safe;53;1;41;1,0
55;0,02;3;safe;54;1;41;1,0
55;0,02;3;safe;55;1;41;1,0
55;0,02;3;safe;56;1;41;1,0
55;0,02;3;safe;57;1;41;1,0
55;0,02;3;safe;58;1;41;1,0
55;0,02;3;safe;59;1;41;1,0
55;0,02;3;safe;60;1;41;1,0
55;0,02;3;safe;61;1;41;1,0
55;0,02;3;safe;62;1;41;1,0
55;0,02;3;safe;63;1;41;1,0
55;0,02;3;safe;64;1;41;1,0
55;0,02;3;safe;65;1;41;1,0
55;0,02;3;safe;66;1;41;1,0
55;0,02;3;safe;67;1;41;1,0
55;0,02;3;safe;68;1;41;1,0
55;0,02;3;safe;69;1;41;1,0
55;0,02;3;safe;70;1;41;1,0
55;0,02;3;safe;71;1;41;1,0
55;0,02;3;safe;72;1;41;1,0
55;0,02;3;safe;73;1;41;1,0
55;0,02;3;safe;74;1;41;1,0
55;0,02;3;safe;75;1;41;1,0
55;0,02;3;safe;76;1;41;1,0
55;0,02;3;safe;77;1;41;1,0
55;0,02;3;safe;78;1;41;1,0
55;0,02;3;safe;79;1;41;1,0
55;0,02;3;safe;80;1;41;1,0
55;0,02;3;safe;81;1;41;1,0
55;0,02;3;safe;82;1;41;1,0
55;0,02;3;safe;83;1;41;1,0
55;0,02;3;safe;84;1;41;1,0
55;0,02;3;safe;85;1;41;1,0
55;0,02;3;safe;86;1;41;1,0
55;0,02;3;safe;87;1;41;1,0
55;0,02;3;safe;88;1;41;1,0
55;0,02;3;safe;89;1;41;1,0
55;0,02;3;safe;90;1;41;1,0
55;0,02;3;safe;91;1;41;1,0
55;0,02;3;safe;92;1;41;1,0
55;0,02;3;safe;93;1;41;1,0
55;0,02;3;safe;94;1;41;1,0
55;0,02;3;safe;95;1;41;1,0
55;0,02;3;safe;96;1;41;1,0
55;0,02;3;safe;97;1;41;1,0
55;0,02;3;safe;98;1;41;1,0
55;0,02;3;safe;99;0;39;
55;0,02;3;safe;100;1;41;1,0
55;0,02;3;predictive;1;1;41;1,0
55;0,02;3;predictive;2;1;41;1,0
55;0,02;3;predictive;3;1;41;1,0
55;0,02;3;predictive;4;1;41;1,0
55;0,02;3;predictive;5;1;41;1,0
55;0,02;3;predictive;6;1;41;1,0
55;0,02;3;predictive;7;1;41;1,0
55;0,02;3;predictive;8;1;41;1,0
55;0,02;3;predictive;9;1;41;1,0
55;0,02;3;predictive;10;1;41;1,0
55;0,02;3;predictive;11;1;41;1,0
55;0,02;3;predictive;12;1;41;1,0
55;0,02;3;predictive;13;1;41;1,0
55;0,02;3;predictive;14;1;41;1,0
55;0,02;3;predictive;15;1;41;1,0
55;0,02;3;predictive;16;1;41;1,0
55;0,02;3;predictive;17;1;41;1,0
55;0,02;3;predictive;18;1;41;1,0
55;0,02;3;predictive;19;1;41;1,0
55;0,02;3;predictive;20;1;41;1,0
55;0,02;3;predictive;21;1;45;0,9111111111111111
55;0,02;3;predictive;22;1;48;0,8541666666666666
55;0,02;3;predictive;23;1;41;1,0
55;0,02;3;predictive;24;1;41;1,0
55;0,02;3;predictive;25;1;41;1,0
55;0,02;3;predictive;26;1;41;1,0
55;0,02;3;predictive;27;1;41;1,0
55;0,02;3;predictive;28;1;41;1,0
55;0,02;3;predictive;29;1;41;1,0
55;0,02;3;predictive;30;1;41;1,0
55;0,02;3;predictive;31;1;41;1,0
55;0,02;3;predictive;32;1;51;0,803921568627451
55;0,02;3;predictive;33;1;41;1,0
55;0,02;3;predictive;34;1;41;1,0
55;0,02;3;predictive;35;1;41;1,0
55;0,02;3;predictive;36;1;49;0,8367346938775511
55;0,02;3;predictive;37;1;41;1,0
55;0,02;3;predictive;38;1;41;1,0
55;0,02;3;predictive;39;1;41;1,0
55;0,02;3;predictive;40;1;41;1,0
55;0,02;3;predictive;41;1;41;1,0
55;0,02;3;predictive;42;1;41;1,0
55;0,02;3;predictive;43;1;41;1,0
55;0,02;3;predictive;44;1;41;1,0
55;0,02;3;predictive;45;1;41;1,0
55;0,02;3;predictive;46;1;41;1,0
55;0,02;3;predictive;47;1;43;0,9534883720930233
55;0,02;3;predictive;48;1;41;1,0
55;0,02;3;predictive;49;1;41;1,0
55;0,02;3;predictive;50;1;41;1,0
55;0,02;3;predictive;51;1;41;1,0
55;0,02;3;predictive;52;1;41;1,0
55;0,02;3;predictive;53;1;41;1,0
55;0,02;3;predictive;54;1;41;1,0
55;0,02;3;predictive;55;1;41;1,0
55;0,02;3;predictive;56;1;41;1,0
55;0,02;3;predictive;57;1;41;1,0
55;0,02;3;predictive;58;1;41;1,0
55;0,02;3;predictive;59;1;42;0,9761904761904762
55;0,02;3;predictive;60;1;41;1,0
55;0,02;3;predictive;61;1;41;1,0
55;0,02;3;predictive;62;1;41;1,0
55;0,02;3;predictive;63;1;91;0,45054945054945056
55;0,02;3;predictive;64;1;41;1,0
55;0,02;3;predictive;65;1;43;0,9534883720930233
55;0,02;3;predictive;66;1;41;1,0
55;0,02;3;predictive;67;1;41;1,0
55;0,02;3;predictive;68;1;41;1,0
55;0,02;3;predictive;69;1;41;1,0
55;0,02;3;predictive;70;1;41;1,0
55;0,02;3;predictive;71;1;43;0,9534883720930233
55;0,02;3;predictive;72;1;41;1,0
55;0,02;3;predictive;73;1;41;1,0
55;0,02;3;predictive;74;1;41;1,0
55;0,02;3;predictive;75;1;41;1,0
55;0,02;3;predictive;76;1;52;0,7884615384615384
55;0,02;3;predictive;77;1;41;1,0
55;0,02;3;predictive;78;1;41;1,0
55;0,02;3;predictive;79;1;41;1,0
55;0,02;3;predictive;80;1;41;1,0
55;0,02;3;predictive;81;1;41;1,0
55;0,02;3;predictive;82;1;41;1,0
55;0,02;3;predictive;83;1;41;1,0
55;0,02;3;predictive;84;1;41;1,0
55;0,02;3;predictive;85;1;41;1,0
55;0,02;3;predictive;86;1;41;1,0
55;0,02;3;predictive;87;1;41;1,0
55;0,02;3;predictive;88;1;41;1,0
55;0,02;3;predictive;89;1;41;1,0
55;0,02;3;predictive;90;1;41;1,0
55;0,02;3;predictive;91;1;41;1,0
55;0,02;3;predictive;92;1;41;1,0
55;0,02;3;predictive;93;1;41;1,0
55;0,02;3;predictive;94;1;41;1,0
55;0,02;3;predictive;95;1;41;1,0
55;0,02;3;predictive;96;1;41;1,0
55;0,02;3;predictive;97;1;41;1,0
55;0,02;3;predictive;98;1;41;1,0
55;0,02;3;predictive;99;1;41;1,0
55;0,02;3;predictive;100;1;41;1,0
55;0,03;1;shortest;1;1;59;1,0
55;0,03;1;shortest;2;1;59;1,0
55;0,03;1;shortest;3;1;59;1,0
55;0,03;1;shortest;4;1;59;1,0
55;0,03;1;shortest;5;1;59;1,0
55;0,03;1;shortest;6;1;59;1,0
55;0,03;1;shortest;7;1;59;1,0
55;0,03;1;shortest;8;0;58;
55;0,03;1;shortest;9;1;59;1,0
55;0,03;1;shortest;10;1;59;1,0
55;0,03;1;shortest;11;1;59;1,0
55;0,03;1;shortest;12;1;59;1,0
55;0,03;1;shortest;13;1;59;1,0
55;0,03;1;shortest;14;1;59;1,0
55;0,03;1;shortest;15;0;52;
55;0,03;1;shortest;16;0;13;
55;0,03;1;shortest;17;0;46;
55;0,03;1;shortest;18;1;59;1,0
55;0,03;1;shortest;19;1;59;1,0
55;0,03;1;shortest;20;0;44;
55;0,03;1;shortest;21;1;59;1,0
55;0,03;1;shortest;22;1;59;1,0
55;0,03;1;shortest;23;0;50;
55;0,03;1;shortest;24;1;59;1,0
55;0,03;1;shortest;25;0;15;
55;0,03;1;shortest;26;1;59;1,0
55;0,03;1;shortest;27;1;59;1,0
55;0,03;1;shortest;28;1;59;1,0
55;0,03;1;shortest;29;0;55;
55;0,03;1;shortest;30;0;52;
55;0,03;1;shortest;31;1;59;1,0
55;0,03;1;shortest;32;1;59;1,0
55;0,03;1;shortest;33;1;59;1,0
55;0,03;1;shortest;34;0;20;
55;0,03;1;shortest;35;1;59;1,0
55;0,03;1;shortest;36;1;59;1,0
55;0,03;1;shortest;37;1;59;1,0
55;0,03;1;shortest;38;1;59;1,0
55;0,03;1;shortest;39;0;47;
55;0,03;1;shortest;40;1;59;1,0
55;0,03;1;shortest;41;1;59;1,0
55;0,03;1;shortest;42;0;16;
55;0,03;1;shortest;43;1;59;1,0
55;0,03;1;shortest;44;1;59;1,0
55;0,03;1;shortest;45;1;59;1,0
55;0,03;1;shortest;46;1;59;1,0
55;0,03;1;shortest;47;1;59;1,0
55;0,03;1;shortest;48;1;59;1,0
55;0,03;1;shortest;49;1;59;1,0
55;0,03;1;shortest;50;1;59;1,0
55;0,03;1;shortest;51;1;59;1,0
55;0,03;1;shortest;52;1;59;1,0
55;0,03;1;shortest;53;1;59;1,0
55;0,03;1;shortest;54;1;59;1,0
55;0,03;1;shortest;55;1;59;1,0
55;0,03;1;shortest;56;0;54;
55;0,03;1;shortest;57;1;59;1,0
55;0,03;1;shortest;58;1;59;1,0
55;0,03;1;shortest;59;1;59;1,0
55;0,03;1;shortest;60;0;22;
55;0,03;1;shortest;61;0;55;
55;0,03;1;shortest;62;1;59;1,0
55;0,03;1;shortest;63;0;56;
55;0,03;1;shortest;64;1;59;1,0
55;0,03;1;shortest;65;1;59;1,0
55;0,03;1;shortest;66;1;59;1,0
55;0,03;1;shortest;67;1;59;1,0
55;0,03;1;shortest;68;1;59;1,0
55;0,03;1;shortest;69;1;59;1,0
55;0,03;1;shortest;70;1;59;1,0
55;0,03;1;shortest;71;1;59;1,0
55;0,03;1;shortest;72;1;59;1,0
55;0,03;1;shortest;73;1;59;1,0
55;0,03;1;shortest;74;1;59;1,0
55;0,03;1;shortest;75;1;59;1,0
55;0,03;1;shortest;76;1;59;1,0
55;0,03;1;shortest;77;1;59;1,0
55;0,03;1;shortest;78;1;59;1,0
55;0,03;1;shortest;79;1;59;1,0
55;0,03;1;shortest;80;1;59;1,0
55;0,03;1;shortest;81;1;59;1,0
55;0,03;1;shortest;82;1;59;1,0
55;0,03;1;shortest;83;1;59;1,0
55;0,03;1;shortest;84;1;59;1,0
55;0,03;1;shortest;85;1;59;1,0
55;0,03;1;shortest;86;1;59;1,0
55;0,03;1;shortest;87;1;59;1,0
55;0,03;1;shortest;88;0;57;
55;0,03;1;shortest;89;0;57;
55;0,03;1;shortest;90;0;16;
55;0,03;1;shortest;91;0;57;
55;0,03;1;shortest;92;0;57;
55;0,03;1;shortest;93;1;59;1,0
55;0,03;1;shortest;94;1;59;1,0
55;0,03;1;shortest;95;1;59;1,0
55;0,03;1;shortest;96;1;59;1,0
55;0,03;1;shortest;97;0;16;
55;0,03;1;shortest;98;0;57;
55;0,03;1;shortest;99;1;59;1,0
55;0,03;1;shortest;100;1;59;1,0
55;0,03;1;safe;1;1;59;1,0
55;0,03;1;safe;2;1;59;1,0
55;0,03;1;safe;3;1;59;1,0
55;0,03;1;safe;4;1;59;1,0
55;0,03;1;safe;5;1;59;1,0
55;0,03;1;safe;6;1;59;1,0
55;0,03;1;safe;7;1;59;1,0
55;0,03;1;safe;8;0;58;
55;0,03;1;safe;9;1;59;1,0
55;0,03;1;safe;10;1;59;1,0
55;0,03;1;safe;11;1;59;1,0
55;0,03;1;safe;12;1;59;1,0
55;0,03;1;safe;13;1;59;1,0
55;0,03;1;safe;14;1;59;1,0
55;0,03;1;safe;15;0;52;
55;0,03;1;safe;16;1;59;1,0
55;0,03;1;safe;17;1;59;1,0
55;0,03;1;safe;18;1;59;1,0
55;0,03;1;safe;19;0;54;
55;0,03;1;safe;20;0;54;
55;0,03;1;safe;21;1;59;1,0
55;0,03;1;safe;22;0;17;
55;0,03;1;safe;23;1;59;1,0
55;0,03;1;safe;24;1;59;1,0
55;0,03;1;safe;25;1;59;1,0
55;0,03;1;safe;26;0;32;
55;0,03;1;safe;27;1;59;1,0
55;0,03;1;safe;28;0;51;
55;0,03;1;safe;29;1;59;1,0
55;0,03;1;safe;30;0;55;
55;0,03;1;safe;31;1;59;1,0
55;0,03;1;safe;32;0;12;
55;0,03;1;safe;33;0;16;
55;0,03;1;safe;34;1;59;1,0
55;0,03;1;safe;35;1;59;1,0
55;0,03;1;safe;36;1;59;1,0
55;0,03;1;safe;37;0;59;
55;0,03;1;safe;38;0;51;
55;0,03;1;safe;39;1;59;1,0
55;0,03;1;safe;40;1;59;1,0
55;0,03;1;safe;41;1;59;1,0
55;0,03;1;safe;42;1;59;1,0
55;0,03;1;safe;43;1;59;1,0
55;0,03;1;safe;44;1;59;1,0
55;0,03;1;safe;45;1;59;1,0
55;0,03;1;safe;46;1;59;1,0
55;0,03;1;safe;47;1;59;1,0
55;0,03;1;safe;48;1;59;1,0
55;0,03;1;safe;49;0;58;
55;0,03;1;safe;50;0;58;
55;0,03;1;safe;51;1;59;1,0
55;0,03;1;safe;52;0;15;
55;0,03;1;safe;53;1;59;1,0
55;0,03;1;safe;54;1;59;1,0
55;0,03;1;safe;55;0;55;
55;0,03;1;safe;56;0;49;
55;0,03;1;safe;57;1;59;1,0
55;0,03;1;safe;58;0;57;
55;0,03;1;safe;59;0;16;
55;0,03;1;safe;60;1;59;1,0
55;0,03;1;safe;61;1;59;1,0
55;0,03;1;safe;62;1;59;1,0
55;0,03;1;safe;63;1;59;1,0
55;0,03;1;safe;64;1;59;1,0
55;0,03;1;safe;65;1;59;1,0
55;0,03;1;safe;66;1;59;1,0
55;0,03;1;safe;67;1;59;1,0
55;0,03;1;safe;68;1;59;1,0
55;0,03;1;safe;69;1;59;1,0
55;0,03;1;safe;70;1;59;1,0
55;0,03;1;safe;71;1;59;1,0
55;0,03;1;safe;72;1;59;1,0
55;0,03;1;safe;73;0;56;
55;0,03;1;safe;74;1;59;1,0
55;0,03;1;safe;75;1;59;1,0
55;0,03;1;safe;76;1;59;1,0
55;0,03;1;safe;77;1;59;1,0
55;0,03;1;safe;78;1;59;1,0
55;0,03;1;safe;79;1;59;1,0
55;0,03;1;safe;80;1;59;1,0
55;0,03;1;safe;81;0;17;
55;0,03;1;safe;82;1;59;1,0
55;0,03;1;safe;83;1;59;1,0
55;0,03;1;safe;84;1;59;1,0
55;0,03;1;safe;85;1;59;1,0
55;0,03;1;safe;86;1;59;1,0
55;0,03;1;safe;87;1;59;1,0
55;0,03;1;safe;88;1;59;1,0
55;0,03;1;safe;89;1;59;1,0
55;0,03;1;safe;90;0;58;
55;0,03;1;safe;91;1;59;1,0
55;0,03;1;safe;92;1;59;1,0
55;0,03;1;safe;93;0;58;
55;0,03;1;safe;94;0;52;
55;0,03;1;safe;95;1;59;1,0
55;0,03;1;safe;96;0;19;
55;0,03;1;safe;97;1;59;1,0
55;0,03;1;safe;98;0;18;
55;0,03;1;safe;99;1;59;1,0
55;0,03;1;safe;100;0;57;
55;0,03;1;predictive;1;1;59;1,0
55;0,03;1;predictive;2;1;59;1,0
55;0,03;1;predictive;3;1;59;1,0
55;0,03;1;predictive;4;1;59;1,0
55;0,03;1;predictive;5;1;59;1,0
55;0,03;1;predictive;6;1;59;1,0
55;0,03;1;predictive;7;1;59;1,0
55;0,03;1;predictive;8;1;66;0,8939393939393939
55;0,03;1;predictive;9;1;59;1,0
55;0,03;1;predictive;10;1;59;1,0
55;0,03;1;predictive;11;1;69;0,855072463768116
55;0,03;1;predictive;12;1;59;1,0
55;0,03;1;predictive;13;1;85;0,6941176470588235
55;0,03;1;predictive;14;1;59;1,0
55;0,03;1;predictive;15;1;59;1,0
55;0,03;1;predictive;16;1;59;1,0
55;0,03;1;predictive;17;1;59;1,0
55;0,03;1;predictive;18;1;60;0,9833333333333333
55;0,03;1;predictive;19;1;59;1,0
55;0,03;1;predictive;20;1;59;1,0
55;0,03;1;predictive;21;1;59;1,0
55;0,03;1;predictive;22;1;90;0,6555555555555556
55;0,03;1;predictive;23;1;59;1,0
55;0,03;1;predictive;24;1;100;0,59
55;0,03;1;predictive;25;1;208;0,28365384615384615
55;0,03;1;predictive;26;1;98;0,6020408163265306
55;0,03;1;predictive;27;1;59;1,0
55;0,03;1;predictive;28;1;81;0,7283950617283951
55;0,03;1;predictive;29;1;59;1,0
55;0,03;1;predictive;30;1;101;0,5841584158415841
55;0,03;1;predictive;31;1;59;1,0
55;0,03;1;predictive;32;1;59;1,0
55;0,03;1;predictive;33;1;59;1,0
55;0,03;1;predictive;34;1;91;0,6483516483516484
55;0,03;1;predictive;35;1;59;1,0
55;0,03;1;predictive;36;1;59;1,0
55;0,03;1;predictive;37;1;59;1,0
55;0,03;1;predictive;38;1;196;0,3010204081632653
55;0,03;1;predictive;39;1;59;1,0
55;0,03;1;predictive;40;1;59;1,0
55;0,03;1;predictive;41;1;59;1,0
55;0,03;1;predictive;42;1;59;1,0
55;0,03;1;predictive;43;1;59;1,0
55;0,03;1;predictive;44;1;59;1,0
55;0,03;1;predictive;45;1;59;1,0
55;0,03;1;predictive;46;1;59;1,0
55;0,03;1;predictive;47;1;59;1,0
55;0,03;1;predictive;48;1;61;0,9672131147540983
55;0,03;1;predictive;49;1;116;0,5086206896551724
55;0,03;1;predictive;50;1;59;1,0
55;0,03;1;predictive;51;1;59;1,0
55;0,03;1;predictive;52;1;59;1,0
55;0,03;1;predictive;53;1;59;1,0
55;0,03;1;predictive;54;1;111;0,5315315315315315
55;0,03;1;predictive;55;1;71;0,8309859154929577
55;0,03;1;predictive;56;1;62;0,9516129032258065
55;0,03;1;predictive;57;1;59;1,0
55;0,03;1;predictive;58;1;59;1,0
55;0,03;1;predictive;59;1;59;1,0
55;0,03;1;predictive;60;1;59;1,0
55;0,03;1;predictive;61;1;59;1,0
55;0,03;1;predictive;62;1;59;1,0
55;0,03;1;predictive;63;1;61;0,9672131147540983
55;0,03;1;predictive;64;1;82;0,7195121951219512
55;0,03;1;predictive;65;0;87;
55;0,03;1;predictive;66;0;70;
55;0,03;1;predictive;67;1;59;1,0
55;0,03;1;predictive;68;1;59;1,0
55;0,03;1;predictive;69;1;59;1,0
55;0,03;1;predictive;70;1;72;0,8194444444444444
55;0,03;1;predictive;71;1;72;0,8194444444444444
55;0,03;1;predictive;72;1;59;1,0
55;0,03;1;predictive;73;1;60;0,9833333333333333
55;0,03;1;predictive;74;0;80;
55;0,03;1;predictive;75;1;59;1,0
55;0,03;1;predictive;76;1;112;0,5267857142857143
55;0,03;1;predictive;77;1;59;1,0
55;0,03;1;predictive;78;1;119;0,4957983193277311
55;0,03;1;predictive;79;1;59;1,0
55;0,03;1;predictive;80;1;59;1,0
55;0,03;1;predictive;81;1;59;1,0
55;0,03;1;predictive;82;1;59;1,0
55;0,03;1;predictive;83;1;59;1,0
55;0,03;1;predictive;84;1;59;1,0
55;0,03;1;predictive;85;1;59;1,0
55;0,03;1;predictive;86;1;59;1,0
55;0,03;1;predictive;87;1;64;0,921875
55;0,03;1;predictive;88;1;59;1,0
55;0,03;1;predictive;89;1;59;1,0
55;0,03;1;predictive;90;1;59;1,0
55;0,03;1;predictive;91;1;59;1,0
55;0,03;1;predictive;92;1;59;1,0
55;0,03;1;predictive;93;1;59;1,0
55;0,03;1;predictive;94;1;59;1,0
55;0,03;1;predictive;95;1;59;1,0
55;0,03;1;predictive;96;1;80;0,7375
55;0,03;1;predictive;97;1;59;1,0
55;0,03;1;predictive;98;1;59;1,0
55;0,03;1;predictive;99;1;186;0,3172043010752688
55;0,03;1;predictive;100;1;79;0,7468354430379747
55;0,03;2;shortest;1;1;55;1,0
55;0,03;2;shortest;2;1;55;1,0
55;0,03;2;shortest;3;1;55;1,0
55;0,03;2;shortest;4;1;55;1,0
55;0,03;2;shortest;5;1;55;1,0
55;0,03;2;shortest;6;0;53;
55;0,03;2;shortest;7;1;55;1,0
55;0,03;2;shortest;8;1;55;1,0
55;0,03;2;shortest;9;1;55;1,0
55;0,03;2;shortest;10;1;55;1,0
55;0,03;2;shortest;11;1;55;1,0
55;0,03;2;shortest;12;1;55;1,0
55;0,03;2;shortest;13;1;55;1,0
55;0,03;2;shortest;14;1;55;1,0
55;0,03;2;shortest;15;1;55;1,0
55;0,03;2;shortest;16;1;55;1,0
55;0,03;2;shortest;17;1;55;1,0
55;0,03;2;shortest;18;1;55;1,0
55;0,03;2;shortest;19;0;54;
55;0,03;2;shortest;20;1;55;1,0
55;0,03;2;shortest;21;1;55;1,0
55;0,03;2;shortest;22;1;55;1,0
55;0,03;2;shortest;23;0;54;
55;0,03;2;shortest;24;1;55;1,0
55;0,03;2;shortest;25;1;55;1,0
55;0,03;2;shortest;26;0;52;
55;0,03;2;shortest;27;1;55;1,0
55;0,03;2;shortest;28;1;55;1,0
55;0,03;2;shortest;29;1;55;1,0
55;0,03;2;shortest;30;1;55;1,0
55;0,03;2;shortest;31;1;55;1,0
55;0,03;2;shortest;32;1;55;1,0
55;0,03;2;shortest;33;1;55;1,0
55;0,03;2;shortest;34;1;55;1,0
55;0,03;2;shortest;35;0;54;
55;0,03;2;shortest;36;0;43;
55;0,03;2;shortest;37;1;55;1,0
55;0,03;2;shortest;38;0;53;
55;0,03;2;shortest;39;1;55;1,0
55;0,03;2;shortest;40;1;55;1,0
55;0,03;2;shortest;41;0;54;
55;0,03;2;shortest;42;1;55;1,0
55;0,03;2;shortest;43;1;55;1,0
55;0,03;2;shortest;44;0;43;
55;0,03;2;shortest;45;1;55;1,0
55;0,03;2;shortest;46;1;55;1,0
55;0,03;2;shortest;47;1;55;1,0
55;0,03;2;shortest;48;1;55;1,0
55;0,03;2;shortest;49;0;49;
55;0,03;2;shortest;50;1;55;1,0
55;0,03;2;shortest;51;1;55;1,0
55;0,03;2;shortest;52;0;50;
55;0,03;2;shortest;53;1;55;1,0
55;0,03;2;shortest;54;1;55;1,0
55;0,03;2;shortest;55;0;53;
55;0,03;2;shortest;56;1;55;1,0
55;0,03;2;shortest;57;0;53;
55;0,03;2;shortest;58;0;50;
55;0,03;2;shortest;59;0;51;
55;0,03;2;shortest;60;1;55;1,0
55;0,03;2;shortest;61;1;55;1,0
55;0,03;2;shortest;62;1;55;1,0
55;0,03;2;shortest;63;1;55;1,0
55;0,03;2;shortest;64;0;54;
55;0,03;2;shortest;65;1;55;1,0
55;0,03;2;shortest;66;1;55;1,0
55;0,03;2;shortest;67;0;54;
55;0,03;2;shortest;68;1;55;1,0
55;0,03;2;shortest;69;1;55;1,0
55;0,03;2;shortest;70;1;55;1,0
55;0,03;2;shortest;71;1;55;1,0
55;0,03;2;shortest;72;1;55;1,0
55;0,03;2;shortest;73;1;55;1,0
55;0,03;2;shortest;74;1;55;1,0
55;0,03;2;shortest;75;0;54;
55;0,03;2;shortest;76;0;46;
55;0,03;2;shortest;77;1;55;1,0
55;0,03;2;shortest;78;1;55;1,0
55;0,03;2;shortest;79;1;55;1,0
55;0,03;2;shortest;80;1;55;1,0
55;0,03;2;shortest;81;1;55;1,0
55;0,03;2;shortest;82;1;55;1,0
55;0,03;2;shortest;83;1;55;1,0
55;0,03;2;shortest;84;1;55;1,0
55;0,03;2;shortest;85;0;47;
55;0,03;2;shortest;86;1;55;1,0
55;0,03;2;shortest;87;1;55;1,0
55;0,03;2;shortest;88;1;55;1,0
55;0,03;2;shortest;89;0;46;
55;0,03;2;shortest;90;1;55;1,0
55;0,03;2;shortest;91;1;55;1,0
55;0,03;2;shortest;92;1;55;1,0
55;0,03;2;shortest;93;1;55;1,0
55;0,03;2;shortest;94;1;55;1,0
55;0,03;2;shortest;95;1;55;1,0
55;0,03;2;shortest;96;1;55;1,0
55;0,03;2;shortest;97;1;55;1,0
55;0,03;2;shortest;98;1;55;1,0
55;0,03;2;shortest;99;1;55;1,0
55;0,03;2;shortest;100;1;55;1,0
55;0,03;2;safe;1;1;55;1,0
55;0,03;2;safe;2;1;55;1,0
55;0,03;2;safe;3;1;55;1,0
55;0,03;2;safe;4;1;55;1,0
55;0,03;2;safe;5;1;55;1,0
55;0,03;2;safe;6;0;53;
55;0,03;2;safe;7;1;55;1,0
55;0,03;2;safe;8;1;55;1,0
55;0,03;2;safe;9;1;55;1,0
55;0,03;2;safe;10;1;55;1,0
55;0,03;2;safe;11;1;55;1,0
55;0,03;2;safe;12;1;55;1,0
55;0,03;2;safe;13;1;55;1,0
55;0,03;2;safe;14;1;55;1,0
55;0,03;2;safe;15;1;55;1,0
55;0,03;2;safe;16;1;55;1,0
55;0,03;2;safe;17;1;55;1,0
55;0,03;2;safe;18;1;55;1,0
55;0,03;2;safe;19;0;56;
55;0,03;2;safe;20;1;55;1,0
55;0,03;2;safe;21;1;55;1,0
55;0,03;2;safe;22;1;55;1,0
55;0,03;2;safe;23;1;55;1,0
55;0,03;2;safe;24;1;55;1,0
55;0,03;2;safe;25;1;55;1,0
55;0,03;2;safe;26;1;55;1,0
55;0,03;2;safe;27;0;54;
55;0,03;2;safe;28;1;55;1,0
55;0,03;2;safe;29;1;55;1,0
55;0,03;2;safe;30;1;55;1,0
55;0,03;2;safe;31;1;55;1,0
55;0,03;2;safe;32;1;55;1,0
55;0,03;2;safe;33;1;55;1,0
55;0,03;2;safe;34;1;55;1,0
55;0,03;2;safe;35;1;55;1,0
55;0,03;2;safe;36;0;55;
55;0,03;2;safe;37;1;55;1,0
55;0,03;2;safe;38;1;55;1,0
55;0,03;2;safe;39;0;51;
55;0,03;2;safe;40;1;55;1,0
55;0,03;2;safe;41;1;55;1,0
55;0,03;2;safe;42;1;55;1,0
55;0,03;2;safe;43;1;55;1,0
55;0,03;2;safe;44;1;55;1,0
55;0,03;2;safe;45;1;55;1,0
55;0,03;2;safe;46;1;55;1,0
55;0,03;2;safe;47;1;55;1,0
55;0,03;2;safe;48;1;55;1,0
55;0,03;2;safe;49;1;55;1,0
55;0,03;2;safe;50;1;55;1,0
55;0,03;2;safe;51;1;55;1,0
55;0,03;2;safe;52;1;55;1,0
55;0,03;2;safe;53;1;55;1,0
55;0,03;2;safe;54;0;49;
55;0,03;2;safe;55;1;55;1,0
55;0,03;2;safe;56;1;55;1,0
55;0,03;2;safe;57;1;55;1,0
55;0,03;2;safe;58;1;55;1,0
55;0,03;2;safe;59;0;49;
55;0,03;2;safe;60;1;55;1,0
55;0,03;2;safe;61;1;55;1,0
55;0,03;2;safe;62;1;55;1,0
55;0,03;2;safe;63;1;55;1,0
55;0,03;2;safe;64;1;55;1,0
55;0,03;2;safe;65;1;56;0,9821428571428571
55;0,03;2;safe;66;1;55;1,0
55;0,03;2;safe;67;1;55;1,0
55;0,03;2;safe;68;1;55;1,0
55;0,03;2;safe;69;0;53;
55;0,03;2;safe;70;1;55;1,0
55;0,03;2;safe;71;1;55;1,0
55;0,03;2;safe;72;1;55;1,0
55;0,03;2;safe;73;1;55;1,0
55;0,03;2;safe;74;1;55;1,0
55;0,03;2;safe;75;1;55;1,0
55;0,03;2;safe;76;1;55;1,0
55;0,03;2;safe;77;1;55;1,0
55;0,03;2;safe;78;1;55;1,0
55;0,03;2;safe;79;1;55;1,0
55;0,03;2;safe;80;1;55;1,0
55;0,03;2;safe;81;0;46;
55;0,03;2;safe;82;0;52;
55;0,03;2;safe;83;1;55;1,0
55;0,03;2;safe;84;0;49;
55;0,03;2;safe;85;1;55;1,0
55;0,03;2;safe;86;1;55;1,0
55;0,03;2;safe;87;1;55;1,0
55;0,03;2;safe;88;1;55;1,0
55;0,03;2;safe;89;1;55;1,0
55;0,03;2;safe;90;0;54;
55;0,03;2;safe;91;1;55;1,0
55;0,03;2;safe;92;1;55;1,0
55;0,03;2;safe;93;1;55;1,0
55;0,03;2;safe;94;1;55;1,0
55;0,03;2;safe;95;1;55;1,0
55;0,03;2;safe;96;1;55;1,0
55;0,03;2;safe;97;0;54;
55;0,03;2;safe;98;1;55;1,0
55;0,03;2;safe;99;1;55;1,0
55;0,03;2;safe;100;0;51;
55;0,03;2;predictive;1;1;55;1,0
55;0,03;2;predictive;2;1;55;1,0
55;0,03;2;predictive;3;1;55;1,0
55;0,03;2;predictive;4;1;55;1,0
55;0,03;2;predictive;5;1;55;1,0
55;0,03;2;predictive;6;1;147;0,3741496598639456
55;0,03;2;predictive;7;1;55;1,0
55;0,03;2;predictive;8;1;55;1,0
55;0,03;2;predictive;9;1;55;1,0
55;0,03;2;predictive;10;1;55;1,0
55;0,03;2;predictive;11;1;55;1,0
55;0,03;2;predictive;12;1;55;1,0
55;0,03;2;predictive;13;1;55;1,0
55;0,03;2;predictive;14;1;55;1,0
55;0,03;2;predictive;15;1;55;1,0
55;0,03;2;predictive;16;1;55;1,0
55;0,03;2;predictive;17;1;96;0,5729166666666666
55;0,03;2;predictive;18;1;55;1,0
55;0,03;2;predictive;19;1;55;1,0
55;0,03;2;predictive;20;1;55;1,0
55;0,03;2;predictive;21;1;55;1,0
55;0,03;2;predictive;22;1;55;1,0
55;0,03;2;predictive;23;1;55;1,0
55;0,03;2;predictive;24;1;183;0,3005464480874317
55;0,03;2;predictive;25;1;55;1,0
55;0,03;2;predictive;26;1;55;1,0
55;0,03;2;predictive;27;1;55;1,0
55;0,03;2;predictive;28;1;79;0,6962025316455697
55;0,03;2;predictive;29;1;55;1,0
55;0,03;2;predictive;30;1;55;1,0
55;0,03;2;predictive;31;1;55;1,0
55;0,03;2;predictive;32;1;55;1,0
55;0,03;2;predictive;33;1;55;1,0
55;0,03;2;predictive;34;1;55;1,0
55;0,03;2;predictive;35;1;55;1,0
55;0,03;2;predictive;36;1;55;1,0
55;0,03;2;predictive;37;1;55;1,0
55;0,03;2;predictive;38;1;55;1,0
55;0,03;2;predictive;39;1;55;1,0
55;0,03;2;predictive;40;1;55;1,0
55;0,03;2;predictive;41;1;55;1,0
55;0,03;2;predictive;42;1;55;1,0
55;0,03;2;predictive;43;1;55;1,0
55;0,03;2;predictive;44;1;55;1,0
55;0,03;2;predictive;45;1;55;1,0
55;0,03;2;predictive;46;1;62;0,8870967741935484
55;0,03;2;predictive;47;1;55;1,0
55;0,03;2;predictive;48;1;55;1,0
55;0,03;2;predictive;49;1;55;1,0
55;0,03;2;predictive;50;1;55;1,0
55;0,03;2;predictive;51;1;55;1,0
55;0,03;2;predictive;52;1;55;1,0
55;0,03;2;predictive;53;1;55;1,0
55;0,03;2;predictive;54;1;63;0,873015873015873
55;0,03;2;predictive;55;1;55;1,0
55;0,03;2;predictive;56;1;55;1,0
55;0,03;2;predictive;57;1;55;1,0
55;0,03;2;predictive;58;1;55;1,0
55;0,03;2;predictive;59;1;103;0,5339805825242718
55;0,03;2;predictive;60;1;55;1,0
55;0,03;2;predictive;61;1;55;1,0
55;0,03;2;predictive;62;0;95;
55;0,03;2;predictive;63;1;55;1,0
55;0,03;2;predictive;64;1;55;1,0
55;0,03;2;predictive;65;1;55;1,0
55;0,03;2;predictive;66;1;55;1,0
55;0,03;2;predictive;67;1;55;1,0
55;0,03;2;predictive;68;1;55;1,0
55;0,03;2;predictive;69;1;55;1,0
55;0,03;2;predictive;70;1;55;1,0
55;0,03;2;predictive;71;1;55;1,0
55;0,03;2;predictive;72;1;55;1,0
55;0,03;2;predictive;73;1;85;0,6470588235294118
55;0,03;2;predictive;74;1;57;0,9649122807017544
55;0,03;2;predictive;75;1;55;1,0
55;0,03;2;predictive;76;1;55;1,0
55;0,03;2;predictive;77;1;55;1,0
55;0,03;2;predictive;78;1;55;1,0
55;0,03;2;predictive;79;1;55;1,0
55;0,03;2;predictive;80;1;55;1,0
55;0,03;2;predictive;81;1;55;1,0
55;0,03;2;predictive;82;1;55;1,0
55;0,03;2;predictive;83;1;55;1,0
55;0,03;2;predictive;84;1;148;0,3716216216216216
55;0,03;2;predictive;85;1;55;1,0
55;0,03;2;predictive;86;1;55;1,0
55;0,03;2;predictive;87;1;55;1,0
55;0,03;2;predictive;88;0;120;
55;0,03;2;predictive;89;1;55;1,0
55;0,03;2;predictive;90;1;55;1,0
55;0,03;2;predictive;91;1;55;1,0
55;0,03;2;predictive;92;1;55;1,0
55;0,03;2;predictive;93;1;55;1,0
55;0,03;2;predictive;94;1;55;1,0
55;0,03;2;predictive;95;1;55;1,0
55;0,03;2;predictive;96;1;55;1,0
55;0,03;2;predictive;97;1;55;1,0
55;0,03;2;predictive;98;1;55;1,0
55;0,03;2;predictive;99;1;60;0,9166666666666666
55;0,03;2;predictive;100;1;55;1,0
55;0,03;3;shortest;1;1;41;1,0
55;0,03;3;shortest;2;1;41;1,0
55;0,03;3;shortest;3;1;41;1,0
55;0,03;3;shortest;4;1;41;1,0
55;0,03;3;shortest;5;1;41;1,0
55;0,03;3;shortest;6;1;41;1,0
55;0,03;3;shortest;7;1;41;1,0
55;0,03;3;shortest;8;1;41;1,0
55;0,03;3;shortest;9;1;41;1,0
55;0,03;3;shortest;10;1;41;1,0
55;0,03;3;shortest;11;0;36;
55;0,03;3;shortest;12;1;41;1,0
55;0,03;3;shortest;13;1;41;1,0
55;0,03;3;shortest;14;1;41;1,0
55;0,03;3;shortest;15;1;41;1,0
55;0,03;3;shortest;16;0;37;
55;0,03;3;shortest;17;1;41;1,0
55;0,03;3;shortest;18;1;41;1,0
55;0,03;3;shortest;19;1;41;1,0
55;0,03;3;shortest;20;1;41;1,0
55;0,03;3;shortest;21;1;41;1,0
55;0,03;3;shortest;22;1;41;1,0
55;0,03;3;shortest;23;1;41;1,0
55;0,03;3;shortest;24;1;41;1,0
55;0,03;3;shortest;25;1;41;1,0
55;0,03;3;shortest;26;1;41;1,0
55;0,03;3;shortest;27;0;37;
55;0,03;3;shortest;28;0;38;
55;0,03;3;shortest;29;1;41;1,0
55;0,03;3;shortest;30;0;38;
55;0,03;3;shortest;31;1;41;1,0
55;0,03;3;shortest;32;1;41;1,0
55;0,03;3;shortest;33;1;41;1,0
55;0,03;3;shortest;34;1;41;1,0
55;0,03;3;shortest;35;0;30;
55;0,03;3;shortest;36;1;41;1,0
55;0,03;3;shortest;37;1;41;1,0
55;0,03;3;shortest;38;1;41;1,0
55;0,03;3;shortest;39;1;41;1,0
55;0,03;3;shortest;40;1;41;1,0
55;0,03;3;shortest;41;1;41;1,0
55;0,03;3;shortest;42;1;41;1,0
55;0,03;3;shortest;43;1;41;1,0
55;0,03;3;shortest;44;1;41;1,0
55;0,03;3;shortest;45;1;41;1,0
55;0,03;3;shortest;46;1;41;1,0
55;0,03;3;shortest;47;0;38;
55;0,03;3;shortest;48;1;41;1,0
55;0,03;3;shortest;49;0;37;
55;0,03;3;shortest;50;1;41;1,0
55;0,03;3;shortest;51;1;41;1,0
55;0,03;3;shortest;52;1;41;1,0
55;0,03;3;shortest;53;1;41;1,0
55;0,03;3;shortest;54;1;41;1,0
55;0,03;3;shortest;55;1;41;1,0
55;0,03;3;shortest;56;1;41;1,0
55;0,03;3;shortest;57;1;41;1,0
55;0,03;3;shortest;58;0;36;
55;0,03;3;shortest;59;1;41;1,0
55;0,03;3;shortest;60;1;41;1,0
55;0,03;3;shortest;61;1;41;1,0
55;0,03;3;shortest;62;1;41;1,0
55;0,03;3;shortest;63;1;41;1,0
55;0,03;3;shortest;64;1;41;1,0
55;0,03;3;shortest;65;1;41;1,0
55;0,03;3;shortest;66;1;41;1,0
55;0,03;3;shortest;67;1;41;1,0
55;0,03;3;shortest;68;1;41;1,0
55;0,03;3;shortest;69;1;41;1,0
55;0,03;3;shortest;70;1;41;1,0
55;0,03;3;shortest;71;1;41;1,0
55;0,03;3;shortest;72;1;41;1,0
55;0,03;3;shortest;73;1;41;1,0
55;0,03;3;shortest;74;1;41;1,0
55;0,03;3;shortest;75;1;41;1,0
55;0,03;3;shortest;76;1;41;1,0
55;0,03;3;shortest;77;1;41;1,0
55;0,03;3;shortest;78;1;41;1,0
55;0,03;3;shortest;79;1;41;1,0
55;0,03;3;shortest;80;1;41;1,0
55;0,03;3;shortest;81;1;41;1,0
55;0,03;3;shortest;82;0;40;
55;0,03;3;shortest;83;1;41;1,0
55;0,03;3;shortest;84;1;41;1,0
55;0,03;3;shortest;85;0;38;
55;0,03;3;shortest;86;1;41;1,0
55;0,03;3;shortest;87;0;38;
55;0,03;3;shortest;88;1;41;1,0
55;0,03;3;shortest;89;1;41;1,0
55;0,03;3;shortest;90;1;41;1,0
55;0,03;3;shortest;91;1;41;1,0
55;0,03;3;shortest;92;1;41;1,0
55;0,03;3;shortest;93;1;41;1,0
55;0,03;3;shortest;94;1;41;1,0
55;0,03;3;shortest;95;1;41;1,0
55;0,03;3;shortest;96;1;41;1,0
55;0,03;3;shortest;97;1;41;1,0
55;0,03;3;shortest;98;1;41;1,0
55;0,03;3;shortest;99;1;41;1,0
55;0,03;3;shortest;100;1;41;1,0
55;0,03;3;safe;1;1;41;1,0
55;0,03;3;safe;2;1;41;1,0
55;0,03;3;safe;3;1;41;1,0
55;0,03;3;safe;4;1;41;1,0
55;0,03;3;safe;5;1;41;1,0
55;0,03;3;safe;6;1;41;1,0
55;0,03;3;safe;7;1;41;1,0
55;0,03;3;safe;8;1;41;1,0
55;0,03;3;safe;9;1;41;1,0
55;0,03;3;safe;10;1;41;1,0
55;0,03;3;safe;11;0;36;
55;0,03;3;safe;12;1;41;1,0
55;0,03;3;safe;13;1;41;1,0
55;0,03;3;safe;14;1;41;1,0
55;0,03;3;safe;15;1;41;1,0
55;0,03;3;safe;16;0;37;
55;0,03;3;safe;17;1;41;1,0
55;0,03;3;safe;18;1;41;1,0
55;0,03;3;safe;19;1;41;1,0
55;0,03;3;safe;20;1;41;1,0
55;0,03;3;safe;21;1;41;1,0
55;0,03;3;safe;22;1;41;1,0
55;0,03;3;safe;23;1;41;1,0
55;0,03;3;safe;24;1;41;1,0
55;0,03;3;safe;25;1;41;1,0
55;0,03;3;safe;26;1;41;1,0
55;0,03;3;safe;27;1;42;0,9761904761904762
55;0,03;3;safe;28;1;41;1,0
55;0,03;3;safe;29;1;41;1,0
55;0,03;3;safe;30;1;41;1,0
55;0,03;3;safe;31;1;41;1,0
55;0,03;3;safe;32;1;41;1,0
55;0,03;3;safe;33;1;41;1,0
55;0,03;3;safe;34;1;41;1,0
55;0,03;3;safe;35;1;41;1,0
55;0,03;3;safe;36;0;38;
55;0,03;3;safe;37;1;41;1,0
55;0,03;3;safe;38;1;41;1,0
55;0,03;3;safe;39;1;41;1,0
55;0,03;3;safe;40;1;41;1,0
55;0,03;3;safe;41;1;41;1,0
55;0,03;3;safe;42;1;41;1,0
55;0,03;3;safe;43;1;41;1,0
55;0,03;3;safe;44;1;41;1,0
55;0,03;3;safe;45;1;41;1,0
55;0,03;3;safe;46;1;41;1,0
55;0,03;3;safe;47;0;38;
55;0,03;3;safe;48;1;41;1,0
55;0,03;3;safe;49;1;41;1,0
55;0,03;3;safe;50;1;41;1,0
55;0,03;3;safe;51;0;38;
55;0,03;3;safe;52;1;41;1,0
55;0,03;3;safe;53;1;41;1,0
55;0,03;3;safe;54;1;41;1,0
55;0,03;3;safe;55;1;41;1,0
55;0,03;3;safe;56;1;41;1,0
55;0,03;3;safe;57;1;41;1,0
55;0,03;3;safe;58;1;41;1,0
55;0,03;3;safe;59;0;38;
55;0,03;3;safe;60;1;41;1,0
55;0,03;3;safe;61;1;42;0,9761904761904762
55;0,03;3;safe;62;1;41;1,0
55;0,03;3;safe;63;1;41;1,0
55;0,03;3;safe;64;1;41;1,0
55;0,03;3;safe;65;1;41;1,0
55;0,03;3;safe;66;1;41;1,0
55;0,03;3;safe;67;1;41;1,0
55;0,03;3;safe;68;1;41;1,0
55;0,03;3;safe;69;1;41;1,0
55;0,03;3;safe;70;1;41;1,0
55;0,03;3;safe;71;1;41;1,0
55;0,03;3;safe;72;1;41;1,0
55;0,03;3;safe;73;1;41;1,0
55;0,03;3;safe;74;1;41;1,0
55;0,03;3;safe;75;1;42;0,9761904761904762
55;0,03;3;safe;76;1;41;1,0
55;0,03;3;safe;77;1;41;1,0
55;0,03;3;safe;78;1;41;1,0
55;0,03;3;safe;79;1;41;1,0
55;0,03;3;safe;80;1;41;1,0
55;0,03;3;safe;81;1;41;1,0
55;0,03;3;safe;82;1;41;1,0
55;0,03;3;safe;83;1;41;1,0
55;0,03;3;safe;84;1;41;1,0
55;0,03;3;safe;85;1;41;1,0
55;0,03;3;safe;86;0;38;
55;0,03;3;safe;87;1;41;1,0
55;0,03;3;safe;88;1;41;1,0
55;0,03;3;safe;89;1;41;1,0
55;0,03;3;safe;90;1;41;1,0
55;0,03;3;safe;91;1;41;1,0
55;0,03;3;safe;92;1;41;1,0
55;0,03;3;safe;93;1;41;1,0
55;0,03;3;safe;94;1;41;1,0
55;0,03;3;safe;95;1;41;1,0
55;0,03;3;safe;96;1;41;1,0
55;0,03;3;safe;97;1;41;1,0
55;0,03;3;safe;98;1;41;1,0
55;0,03;3;safe;99;1;41;1,0
55;0,03;3;safe;100;1;41;1,0
55;0,03;3;predictive;1;1;41;1,0
55;0,03;3;predictive;2;1;41;1,0
55;0,03;3;predictive;3;1;41;1,0
55;0,03;3;predictive;4;1;41;1,0
55;0,03;3;predictive;5;1;41;1,0
55;0,03;3;predictive;6;1;41;1,0
55;0,03;3;predictive;7;1;41;1,0
55;0,03;3;predictive;8;1;41;1,0
55;0,03;3;predictive;9;1;41;1,0
55;0,03;3;predictive;10;1;41;1,0
55;0,03;3;predictive;11;1;102;0,4019607843137255
55;0,03;3;predictive;12;1;41;1,0
55;0,03;3;predictive;13;1;41;1,0
55;0,03;3;predictive;14;1;41;1,0
55;0,03;3;predictive;15;1;41;1,0
55;0,03;3;predictive;16;1;41;1,0
55;0,03;3;predictive;17;1;42;0,9761904761904762
55;0,03;3;predictive;18;1;41;1,0
55;0,03;3;predictive;19;1;41;1,0
55;0,03;3;predictive;20;1;41;1,0
55;0,03;3;predictive;21;1;41;1,0
55;0,03;3;predictive;22;1;41;1,0
55;0,03;3;predictive;23;1;41;1,0
55;0,03;3;predictive;24;1;59;0,6949152542372882
55;0,03;3;predictive;25;1;41;1,0
55;0,03;3;predictive;26;1;46;0,8913043478260869
55;0,03;3;predictive;27;1;41;1,0
55;0,03;3;predictive;28;1;41;1,0
55;0,03;3;predictive;29;1;41;1,0
55;0,03;3;predictive;30;1;41;1,0
55;0,03;3;predictive;31;1;41;1,0
55;0,03;3;predictive;32;1;41;1,0
55;0,03;3;predictive;33;1;41;1,0
55;0,03;3;predictive;34;1;44;0,9318181818181818
55;0,03;3;predictive;35;1;41;1,0
55;0,03;3;predictive;36;1;41;1,0
55;0,03;3;predictive;37;1;41;1,0
55;0,03;3;predictive;38;1;41;1,0
55;0,03;3;predictive;39;1;41;1,0
55;0,03;3;predictive;40;1;70;0,5857142857142857
55;0,03;3;predictive;41;1;41;1,0
55;0,03;3;predictive;42;1;41;1,0
55;0,03;3;predictive;43;1;41;1,0
55;0,03;3;predictive;44;1;41;1,0
55;0,03;3;predictive;45;1;41;1,0
55;0,03;3;predictive;46;1;41;1,0
55;0,03;3;predictive;47;1;41;1,0
55;0,03;3;predictive;48;1;41;1,0
55;0,03;3;predictive;49;1;41;1,0
55;0,03;3;predictive;50;1;41;1,0
55;0,03;3;predictive;51;1;41;1,0
55;0,03;3;predictive;52;1;41;1,0
55;0,03;3;predictive;53;1;73;0,5616438356164384
55;0,03;3;predictive;54;1;41;1,0
55;0,03;3;predictive;55;1;41;1,0
55;0,03;3;predictive;56;1;41;1,0
55;0,03;3;predictive;57;1;41;1,0
55;0,03;3;predictive;58;1;47;0,8723404255319149
55;0,03;3;predictive;59;1;41;1,0
55;0,03;3;predictive;60;1;41;1,0
55;0,03;3;predictive;61;1;41;1,0
55;0,03;3;predictive;62;1;41;1,0
55;0,03;3;predictive;63;1;41;1,0
55;0,03;3;predictive;64;1;41;1,0
55;0,03;3;predictive;65;1;41;1,0
55;0,03;3;predictive;66;1;41;1,0
55;0,03;3;predictive;67;1;41;1,0
55;0,03;3;predictive;68;1;41;1,0
55;0,03;3;predictive;69;1;92;0,44565217391304346
55;0,03;3;predictive;70;1;41;1,0
55;0,03;3;predictive;71;1;41;1,0
55;0,03;3;predictive;72;1;41;1,0
55;0,03;3;predictive;73;1;41;1,0
55;0,03;3;predictive;74;1;41;1,0
55;0,03;3;predictive;75;1;41;1,0
55;0,03;3;predictive;76;1;41;1,0
55;0,03;3;predictive;77;1;41;1,0
55;0,03;3;predictive;78;1;41;1,0
55;0,03;3;predictive;79;1;41;1,0
55;0,03;3;predictive;80;1;41;1,0
55;0,03;3;predictive;81;1;43;0,9534883720930233
55;0,03;3;predictive;82;1;41;1,0
55;0,03;3;predictive;83;1;41;1,0
55;0,03;3;predictive;84;1;41;1,0
55;0,03;3;predictive;85;1;109;0,3761467889908257
55;0,03;3;predictive;86;1;53;0,7735849056603774
55;0,03;3;predictive;87;1;41;1,0
55;0,03;3;predictive;88;1;41;1,0
55;0,03;3;predictive;89;1;41;1,0
55;0,03;3;predictive;90;1;41;1,0
55;0,03;3;predictive;91;1;41;1,0
55;0,03;3;predictive;92;1;41;1,0
55;0,03;3;predictive;93;1;41;1,0
55;0,03;3;predictive;94;1;41;1,0
55;0,03;3;predictive;95;1;41;1,0
55;0,03;3;predictive;96;1;41;1,0
55;0,03;3;predictive;97;1;41;1,0
55;0,03;3;predictive;98;1;41;1,0
55;0,03;3;predictive;99;1;41;1,0
55;0,03;3;predictive;100;1;41;1,0
55;0,05;1;shortest;1;1;59;1,0
55;0,05;1;shortest;2;0;18;
55;0,05;1;shortest;3;1;59;1,0
55;0,05;1;shortest;4;0;58;
55;0,05;1;shortest;5;1;59;1,0
55;0,05;1;shortest;6;1;59;1,0
55;0,05;1;shortest;7;0;16;
55;0,05;1;shortest;8;1;59;1,0
55;0,05;1;shortest;9;1;59;1,0
55;0,05;1;shortest;10;0;52;
55;0,05;1;shortest;11;1;59;1,0
55;0,05;1;shortest;12;0;58;
55;0,05;1;shortest;13;1;59;1,0
55;0,05;1;shortest;14;0;15;
55;0,05;1;shortest;15;1;59;1,0
55;0,05;1;shortest;16;0;53;
55;0,05;1;shortest;17;0;12;
55;0,05;1;shortest;18;0;58;
55;0,05;1;shortest;19;1;59;1,0
55;0,05;1;shortest;20;1;59;1,0
55;0,05;1;shortest;21;0;56;
55;0,05;1;shortest;22;1;59;1,0
55;0,05;1;shortest;23;1;59;1,0
55;0,05;1;shortest;24;1;59;1,0
55;0,05;1;shortest;25;0;56;
55;0,05;1;shortest;26;1;59;1,0
55;0,05;1;shortest;27;0;56;
55;0,05;1;shortest;28;0;13;
55;0,05;1;shortest;29;0;15;
55;0,05;1;shortest;30;0;57;
55;0,05;1;shortest;31;1;59;1,0
55;0,05;1;shortest;32;0;58;
55;0,05;1;shortest;33;0;17;
55;0,05;1;shortest;34;1;59;1,0
55;0,05;1;shortest;35;0;18;
55;0,05;1;shortest;36;1;59;1,0
55;0,05;1;shortest;37;1;59;1,0
55;0,05;1;shortest;38;1;59;1,0
55;0,05;1;shortest;39;1;59;1,0
55;0,05;1;shortest;40;0;53;
55;0,05;1;shortest;41;1;59;1,0
55;0,05;1;shortest;42;1;59;1,0
55;0,05;1;shortest;43;1;59;1,0
55;0,05;1;shortest;44;1;59;1,0
55;0,05;1;shortest;45;1;59;1,0
55;0,05;1;shortest;46;1;59;1,0
55;0,05;1;shortest;47;1;59;1,0
55;0,05;1;shortest;48;0;53;
55;0,05;1;shortest;49;1;59;1,0
55;0,05;1;shortest;50;0;51;
55;0,05;1;shortest;51;0;16;
55;0,05;1;shortest;52;1;59;1,0
55;0,05;1;shortest;53;0;56;
55;0,05;1;shortest;54;1;59;1,0
55;0,05;1;shortest;55;0;16;
55;0,05;1;shortest;56;0;52;
55;0,05;1;shortest;57;1;59;1,0
55;0,05;1;shortest;58;1;59;1,0
55;0,05;1;shortest;59;0;54;
55;0,05;1;shortest;60;1;59;1,0
55;0,05;1;shortest;61;0;16;
55;0,05;1;shortest;62;1;59;1,0
55;0,05;1;shortest;63;0;56;
55;0,05;1;shortest;64;1;59;1,0
55;0,05;1;shortest;65;0;16;
55;0,05;1;shortest;66;1;59;1,0
55;0,05;1;shortest;67;1;59;1,0
55;0,05;1;shortest;68;1;59;1,0
55;0,05;1;shortest;69;0;53;
55;0,05;1;shortest;70;0;55;
55;0,05;1;shortest;71;1;59;1,0
55;0,05;1;shortest;72;0;16;
55;0,05;1;shortest;73;1;59;1,0
55;0,05;1;shortest;74;1;59;1,0
55;0,05;1;shortest;75;1;59;1,0
55;0,05;1;shortest;76;0;14;
55;0,05;1;shortest;77;0;52;
55;0,05;1;shortest;78;1;59;1,0
55;0,05;1;shortest;79;0;16;
55;0,05;1;shortest;80;1;59;1,0
55;0,05;1;shortest;81;0;58;
55;0,05;1;shortest;82;1;59;1,0
55;0,05;1;shortest;83;1;59;1,0
55;0,05;1;shortest;84;1;59;1,0
55;0,05;1;shortest;85;1;59;1,0
55;0,05;1;shortest;86;0;47;
55;0,05;1;shortest;87;0;15;
55;0,05;1;shortest;88;0;16;
55;0,05;1;shortest;89;1;59;1,0
55;0,05;1;shortest;90;1;59;1,0
55;0,05;1;shortest;91;1;59;1,0
55;0,05;1;shortest;92;0;57;
55;0,05;1;shortest;93;1;59;1,0
55;0,05;1;shortest;94;1;59;1,0
55;0,05;1;shortest;95;1;59;1,0
55;0,05;1;shortest;96;0;48;
55;0,05;1;shortest;97;0;49;
55;0,05;1;shortest;98;1;59;1,0
55;0,05;1;shortest;99;0;15;
55;0,05;1;shortest;100;0;49;
55;0,05;1;safe;1;1;59;1,0
55;0,05;1;safe;2;0;18;
55;0,05;1;safe;3;1;59;1,0
55;0,05;1;safe;4;0;55;
55;0,05;1;safe;5;1;59;1,0
55;0,05;1;safe;6;0;13;
55;0,05;1;safe;7;0;54;
55;0,05;1;safe;8;1;59;1,0
55;0,05;1;safe;9;0;56;
55;0,05;1;safe;10;1;59;1,0
55;0,05;1;safe;11;0;50;
55;0,05;1;safe;12;1;59;1,0
55;0,05;1;safe;13;1;59;1,0
55;0,05;1;safe;14;1;59;1,0
55;0,05;1;safe;15;1;59;1,0
55;0,05;1;safe;16;1;59;1,0
55;0,05;1;safe;17;0;48;
55;0,05;1;safe;18;1;59;1,0
55;0,05;1;safe;19;1;59;1,0
55;0,05;1;safe;20;1;59;1,0
55;0,05;1;safe;21;1;59;1,0
55;0,05;1;safe;22;0;14;
55;0,05;1;safe;23;0;16;
55;0,05;1;safe;24;1;59;1,0
55;0,05;1;safe;25;0;53;
55;0,05;1;safe;26;1;59;1,0
55;0,05;1;safe;27;1;59;1,0
55;0,05;1;safe;28;1;59;1,0
55;0,05;1;safe;29;0;58;
55;0,05;1;safe;30;1;59;1,0
55;0,05;1;safe;31;1;59;1,0
55;0,05;1;safe;32;1;59;1,0
55;0,05;1;safe;33;1;60;0,9833333333333333
55;0,05;1;safe;34;0;52;
55;0,05;1;safe;35;1;59;1,0
55;0,05;1;safe;36;0;46;
55;0,05;1;safe;37;1;59;1,0
55;0,05;1;safe;38;1;59;1,0
55;0,05;1;safe;39;1;59;1,0
55;0,05;1;safe;40;1;59;1,0
55;0,05;1;safe;41;0;56;
55;0,05;1;safe;42;0;21;
55;0,05;1;safe;43;1;59;1,0
55;0,05;1;safe;44;0;51;
55;0,05;1;safe;45;1;59;1,0
55;0,05;1;safe;46;0;14;
55;0,05;1;safe;47;0;47;
55;0,05;1;safe;48;1;59;1,0
55;0,05;1;safe;49;0;53;
55;0,05;1;safe;50;1;59;1,0
55;0,05;1;safe;51;0;53;
55;0,05;1;safe;52;0;52;
55;0,05;1;safe;53;1;59;1,0
55;0,05;1;safe;54;0;51;
55;0,05;1;safe;55;0;55;
55;0,05;1;safe;56;1;59;1,0
55;0,05;1;safe;57;1;59;1,0
55;0,05;1;safe;58;0;55;
55;0,05;1;safe;59;1;59;1,0
55;0,05;1;safe;60;1;59;1,0
55;0,05;1;safe;61;1;59;1,0
55;0,05;1;safe;62;1;59;1,0
55;0,05;1;safe;63;0;54;
55;0,05;1;safe;64;0;59;
55;0,05;1;safe;65;1;59;1,0
55;0,05;1;safe;66;0;57;
55;0,05;1;safe;67;0;59;
55;0,05;1;safe;68;1;59;1,0
55;0,05;1;safe;69;0;16;
55;0,05;1;safe;70;1;59;1,0
55;0,05;1;safe;71;1;59;1,0
55;0,05;1;safe;72;1;59;1,0
55;0,05;1;safe;73;1;59;1,0
55;0,05;1;safe;74;1;59;1,0
55;0,05;1;safe;75;0;47;
55;0,05;1;safe;76;0;57;
55;0,05;1;safe;77;0;58;
55;0,05;1;safe;78;1;59;1,0
55;0,05;1;safe;79;0;58;
55;0,05;1;safe;80;1;59;1,0
55;0,05;1;safe;81;0;16;
55;0,05;1;safe;82;1;59;1,0
55;0,05;1;safe;83;0;51;
55;0,05;1;safe;84;0;15;
55;0,05;1;safe;85;1;59;1,0
55;0,05;1;safe;86;1;59;1,0
55;0,05;1;safe;87;0;50;
55;0,05;1;safe;88;1;59;1,0
55;0,05;1;safe;89;1;59;1,0
55;0,05;1;safe;90;1;59;1,0
55;0,05;1;safe;91;0;57;
55;0,05;1;safe;92;0;52;
55;0,05;1;safe;93;1;59;1,0
55;0,05;1;safe;94;0;56;
55;0,05;1;safe;95;0;55;
55;0,05;1;safe;96;0;16;
55;0,05;1;safe;97;0;55;
55;0,05;1;safe;98;1;59;1,0
55;0,05;1;safe;99;1;59;1,0
55;0,05;1;safe;100;0;13;
55;0,05;1;predictive;1;1;59;1,0
55;0,05;1;predictive;2;1;85;0,6941176470588235
55;0,05;1;predictive;3;1;61;0,9672131147540983
55;0,05;1;predictive;4;1;59;1,0
55;0,05;1;predictive;5;1;59;1,0
55;0,05;1;predictive;6;1;59;1,0
55;0,05;1;predictive;7;0;103;
55;0,05;1;predictive;8;1;59;1,0
55;0,05;1;predictive;9;1;59;1,0
55;0,05;1;predictive;10;1;149;0,3959731543624161
55;0,05;1;predictive;11;1;59;1,0
55;0,05;1;predictive;12;1;59;1,0
55;0,05;1;predictive;13;1;161;0,36645962732919257
55;0,05;1;predictive;14;1;66;0,8939393939393939
55;0,05;1;predictive;15;0;66;
55;0,05;1;predictive;16;1;59;1,0
55;0,05;1;predictive;17;1;59;1,0
55;0,05;1;predictive;18;1;65;0,9076923076923077
55;0,05;1;predictive;19;1;80;0,7375
55;0,05;1;predictive;20;1;59;1,0
55;0,05;1;predictive;21;1;59;1,0
55;0,05;1;predictive;22;1;107;0,5514018691588785
55;0,05;1;predictive;23;1;59;1,0
55;0,05;1;predictive;24;1;59;1,0
55;0,05;1;predictive;25;1;96;0,6145833333333334
55;0,05;1;predictive;26;1;59;1,0
55;0,05;1;predictive;27;1;69;0,855072463768116
55;0,05;1;predictive;28;1;59;1,0
55;0,05;1;predictive;29;1;59;1,0
55;0,05;1;predictive;30;1;101;0,5841584158415841
55;0,05;1;predictive;31;1;59;1,0
55;0,05;1;predictive;32;1;61;0,9672131147540983
55;0,05;1;predictive;33;1;60;0,9833333333333333
55;0,05;1;predictive;34;1;59;1,0
55;0,05;1;predictive;35;1;59;1,0
55;0,05;1;predictive;36;1;65;0,9076923076923077
55;0,05;1;predictive;37;1;86;0,686046511627907
55;0,05;1;predictive;38;0;49;
55;0,05;1;predictive;39;1;59;1,0
55;0,05;1;predictive;40;1;137;0,4306569343065693
55;0,05;1;predictive;41;1;59;1,0
55;0,05;1;predictive;42;1;59;1,0
55;0,05;1;predictive;43;1;98;0,6020408163265306
55;0,05;1;predictive;44;1;60;0,9833333333333333
55;0,05;1;predictive;45;1;115;0,5130434782608696
55;0,05;1;predictive;46;1;59;1,0
55;0,05;1;predictive;47;1;59;1,0
55;0,05;1;predictive;48;1;59;1,0
55;0,05;1;predictive;49;1;59;1,0
55;0,05;1;predictive;50;1;59;1,0
55;0,05;1;predictive;51;1;59;1,0
55;0,05;1;predictive;52;1;59;1,0
55;0,05;1;predictive;53;1;59;1,0
55;0,05;1;predictive;54;1;171;0,34502923976608185
55;0,05;1;predictive;55;1;59;1,0
55;0,05;1;predictive;56;1;217;0,271889400921659
55;0,05;1;predictive;57;1;66;0,8939393939393939
55;0,05;1;predictive;58;1;102;0,5784313725490197
55;0,05;1;predictive;59;1;59;1,0
55;0,05;1;predictive;60;1;105;0,5619047619047619
55;0,05;1;predictive;61;1;59;1,0
55;0,05;1;predictive;62;1;59;1,0
55;0,05;1;predictive;63;1;176;0,3352272727272727
55;0,05;1;predictive;64;1;59;1,0
55;0,05;1;predictive;65;1;165;0,3575757575757576
55;0,05;1;predictive;66;1;59;1,0
55;0,05;1;predictive;67;1;88;0,6704545454545454
55;0,05;1;predictive;68;0;113;
55;0,05;1;predictive;69;1;96;0,6145833333333334
55;0,05;1;predictive;70;1;59;1,0
55;0,05;1;predictive;71;1;96;0,6145833333333334
55;0,05;1;predictive;72;1;59;1,0
55;0,05;1;predictive;73;1;60;0,9833333333333333
55;0,05;1;predictive;74;1;59;1,0
55;0,05;1;predictive;75;1;59;1,0
55;0,05;1;predictive;76;1;59;1,0
55;0,05;1;predictive;77;1;62;0,9516129032258065
55;0,05;1;predictive;78;1;59;1,0
55;0,05;1;predictive;79;1;59;1,0
55;0,05;1;predictive;80;1;59;1,0
55;0,05;1;predictive;81;1;59;1,0
55;0,05;1;predictive;82;0;40;
55;0,05;1;predictive;83;1;59;1,0
55;0,05;1;predictive;84;1;60;0,9833333333333333
55;0,05;1;predictive;85;1;60;0,9833333333333333
55;0,05;1;predictive;86;1;59;1,0
55;0,05;1;predictive;87;1;59;1,0
55;0,05;1;predictive;88;1;141;0,41843971631205673
55;0,05;1;predictive;89;1;59;1,0
55;0,05;1;predictive;90;1;156;0,3782051282051282
55;0,05;1;predictive;91;1;59;1,0
55;0,05;1;predictive;92;0;87;
55;0,05;1;predictive;93;1;59;1,0
55;0,05;1;predictive;94;1;59;1,0
55;0,05;1;predictive;95;1;59;1,0
55;0,05;1;predictive;96;1;88;0,6704545454545454
55;0,05;1;predictive;97;1;59;1,0
55;0,05;1;predictive;98;1;59;1,0
55;0,05;1;predictive;99;1;59;1,0
55;0,05;1;predictive;100;1;59;1,0
55;0,05;2;shortest;1;1;55;1,0
55;0,05;2;shortest;2;1;55;1,0
55;0,05;2;shortest;3;1;55;1,0
55;0,05;2;shortest;4;1;55;1,0
55;0,05;2;shortest;5;1;55;1,0
55;0,05;2;shortest;6;1;55;1,0
55;0,05;2;shortest;7;1;55;1,0
55;0,05;2;shortest;8;1;55;1,0
55;0,05;2;shortest;9;1;55;1,0
55;0,05;2;shortest;10;0;51;
55;0,05;2;shortest;11;1;55;1,0
55;0,05;2;shortest;12;1;55;1,0
55;0,05;2;shortest;13;1;55;1,0
55;0,05;2;shortest;14;1;55;1,0
55;0,05;2;shortest;15;0;52;
55;0,05;2;shortest;16;0;52;
55;0,05;2;shortest;17;1;55;1,0
55;0,05;2;shortest;18;1;55;1,0
55;0,05;2;shortest;19;1;55;1,0
55;0,05;2;shortest;20;1;55;1,0
55;0,05;2;shortest;21;1;55;1,0
55;0,05;2;shortest;22;0;43;
55;0,05;2;shortest;23;1;55;1,0
55;0,05;2;shortest;24;1;55;1,0
55;0,05;2;shortest;25;1;55;1,0
55;0,05;2;shortest;26;1;55;1,0
55;0,05;2;shortest;27;1;55;1,0
55;0,05;2;shortest;28;1;55;1,0
55;0,05;2;shortest;29;1;55;1,0
55;0,05;2;shortest;30;0;53;
55;0,05;2;shortest;31;1;55;1,0
55;0,05;2;shortest;32;1;55;1,0
55;0,05;2;shortest;33;1;55;1,0
55;0,05;2;shortest;34;1;55;1,0
55;0,05;2;shortest;35;1;55;1,0
55;0,05;2;shortest;36;1;55;1,0
55;0,05;2;shortest;37;0;54;
55;0,05;2;shortest;38;1;55;1,0
55;0,05;2;shortest;39;0;53;
55;0,05;2;shortest;40;1;55;1,0
55;0,05;2;shortest;41;1;55;1,0
55;0,05;2;shortest;42;1;55;1,0
55;0,05;2;shortest;43;0;52;
55;0,05;2;shortest;44;1;55;1,0
55;0,05;2;shortest;45;1;55;1,0
55;0,05;2;shortest;46;0;51;
55;0,05;2;shortest;47;0;54;
55;0,05;2;shortest;48;1;55;1,0
55;0,05;2;shortest;49;0;53;
55;0,05;2;shortest;50;0;43;
55;0,05;2;shortest;51;1;55;1,0
55;0,05;2;shortest;52;1;55;1,0
55;0,05;2;shortest;53;0;52;
55;0,05;2;shortest;54;1;55;1,0
55;0,05;2;shortest;55;0;52;
55;0,05;2;shortest;56;1;55;1,0
55;0,05;2;shortest;57;1;55;1,0
55;0,05;2;shortest;58;1;55;1,0
55;0,05;2;shortest;59;1;55;1,0
55;0,05;2;shortest;60;0;51;
55;0,05;2;shortest;61;1;55;1,0
55;0,05;2;shortest;62;1;55;1,0
55;0,05;2;shortest;63;1;55;1,0
55;0,05;2;shortest;64;0;52;
55;0,05;2;shortest;65;1;55;1,0
55;0,05;2;shortest;66;0;54;
55;0,05;2;shortest;67;0;52;
55;0,05;2;shortest;68;1;55;1,0
55;0,05;2;shortest;69;0;49;
55;0,05;2;shortest;70;1;55;1,0
55;0,05;2;shortest;71;1;55;1,0
55;0,05;2;shortest;72;1;55;1,0
55;0,05;2;shortest;73;1;55;1,0
55;0,05;2;shortest;74;1;55;1,0
55;0,05;2;shortest;75;0;50;
55;0,05;2;shortest;76;1;55;1,0
55;0,05;2;shortest;77;1;55;1,0
55;0,05;2;shortest;78;1;55;1,0
55;0,05;2;shortest;79;1;55;1,0
55;0,05;2;shortest;80;1;55;1,0
55;0,05;2;shortest;81;0;54;
55;0,05;2;shortest;82;1;55;1,0
55;0,05;2;shortest;83;1;55;1,0
55;0,05;2;shortest;84;0;44;
55;0,05;2;shortest;85;1;55;1,0
55;0,05;2;shortest;86;1;55;1,0
55;0,05;2;shortest;87;0;49;
55;0,05;2;shortest;88;1;55;1,0
55;0,05;2;shortest;89;1;55;1,0
55;0,05;2;shortest;90;1;55;1,0
55;0,05;2;shortest;91;1;55;1,0
55;0,05;2;shortest;92;1;55;1,0
55;0,05;2;shortest;93;1;55;1,0
55;0,05;2;shortest;94;1;55;1,0
55;0,05;2;shortest;95;1;55;1,0
55;0,05;2;shortest;96;1;55;1,0
55;0,05;2;shortest;97;0;54;
55;0,05;2;shortest;98;1;55;1,0
55;0,05;2;shortest;99;0;54;
55;0,05;2;shortest;100;1;55;1,0
55;0,05;2;safe;1;1;55;1,0
55;0,05;2;safe;2;1;55;1,0
55;0,05;2;safe;3;1;55;1,0
55;0,05;2;safe;4;1;55;1,0
55;0,05;2;safe;5;1;55;1,0
55;0,05;2;safe;6;1;55;1,0
55;0,05;2;safe;7;1;55;1,0
55;0,05;2;safe;8;1;55;1,0
55;0,05;2;safe;9;1;55;1,0
55;0,05;2;safe;10;0;51;
55;0,05;2;safe;11;1;55;1,0
55;0,05;2;safe;12;0;54;
55;0,05;2;safe;13;1;55;1,0
55;0,05;2;safe;14;0;49;
55;0,05;2;safe;15;0;54;
55;0,05;2;safe;16;1;55;1,0
55;0,05;2;safe;17;1;55;1,0
55;0,05;2;safe;18;1;55;1,0
55;0,05;2;safe;19;1;55;1,0
55;0,05;2;safe;20;1;55;1,0
55;0,05;2;safe;21;1;55;1,0
55;0,05;2;safe;22;1;55;1,0
55;0,05;2;safe;23;1;55;1,0
55;0,05;2;safe;24;1;55;1,0
55;0,05;2;safe;25;1;55;1,0
55;0,05;2;safe;26;1;55;1,0
55;0,05;2;safe;27;1;55;1,0
55;0,05;2;safe;28;0;54;
55;0,05;2;safe;29;1;55;1,0
55;0,05;2;safe;30;1;55;1,0
55;0,05;2;safe;31;0;51;
55;0,05;2;safe;32;1;55;1,0
55;0,05;2;safe;33;0;52;
55;0,05;2;safe;34;1;55;1,0
55;0,05;2;safe;35;0;47;
55;0,05;2;safe;36;1;55;1,0
55;0,05;2;safe;37;1;55;1,0
55;0,05;2;safe;38;1;55;1,0
55;0,05;2;safe;39;1;55;1,0
55;0,05;2;safe;40;1;55;1,0
55;0,05;2;safe;41;1;55;1,0
55;0,05;2;safe;42;1;55;1,0
55;0,05;2;safe;43;1;55;1,0
55;0,05;2;safe;44;1;55;1,0
55;0,05;2;safe;45;1;55;1,0
55;0,05;2;safe;46;1;55;1,0
55;0,05;2;safe;47;1;55;1,0
55;0,05;2;safe;48;1;55;1,0
55;0,05;2;safe;49;1;55;1,0
55;0,05;2;safe;50;1;55;1,0
55;0,05;2;safe;51;1;55;1,0
55;0,05;2;safe;52;1;55;1,0
55;0,05;2;safe;53;1;55;1,0
55;0,05;2;safe;54;0;54;
55;0,05;2;safe;55;1;55;1,0
55;0,05;2;safe;56;0;50;
55;0,05;2;safe;57;1;55;1,0
55;0,05;2;safe;58;1;55;1,0
55;0,05;2;safe;59;0;51;
55;0,05;2;safe;60;1;55;1,0
55;0,05;2;safe;61;1;55;1,0
55;0,05;2;safe;62;1;55;1,0
55;0,05;2;safe;63;1;55;1,0
55;0,05;2;safe;64;1;55;1,0
55;0,05;2;safe;65;1;55;1,0
55;0,05;2;safe;66;0;46;
55;0,05;2;safe;67;0;53;
55;0,05;2;safe;68;0;51;
55;0,05;2;safe;69;0;52;
55;0,05;2;safe;70;1;55;1,0
55;0,05;2;safe;71;1;55;1,0
55;0,05;2;safe;72;0;55;
55;0,05;2;safe;73;0;43;
55;0,05;2;safe;74;0;52;
55;0,05;2;safe;75;1;55;1,0
55;0,05;2;safe;76;1;55;1,0
55;0,05;2;safe;77;1;55;1,0
55;0,05;2;safe;78;1;55;1,0
55;0,05;2;safe;79;0;54;
55;0,05;2;safe;80;1;55;1,0
55;0,05;2;safe;81;0;49;
55;0,05;2;safe;82;0;49;
55;0,05;2;safe;83;0;50;
55;0,05;2;safe;84;1;55;1,0
55;0,05;2;safe;85;1;55;1,0
55;0,05;2;safe;86;0;53;
55;0,05;2;safe;87;0;54;
55;0,05;2;safe;88;1;55;1,0
55;0,05;2;safe;89;1;55;1,0
55;0,05;2;safe;90;1;55;1,0
55;0,05;2;safe;91;0;52;
55;0,05;2;safe;92;1;55;1,0
55;0,05;2;safe;93;1;55;1,0
55;0,05;2;safe;94;0;46;
55;0,05;2;safe;95;0;51;
55;0,05;2;safe;96;1;55;1,0
55;0,05;2;safe;97;1;55;1,0
55;0,05;2;safe;98;1;55;1,0
55;0,05;2;safe;99;1;55;1,0
55;0,05;2;safe;100;1;55;1,0
55;0,05;2;predictive;1;1;55;1,0
55;0,05;2;predictive;2;1;55;1,0
55;0,05;2;predictive;3;1;55;1,0
55;0,05;2;predictive;4;1;55;1,0
55;0,05;2;predictive;5;1;55;1,0
55;0,05;2;predictive;6;1;55;1,0
55;0,05;2;predictive;7;1;55;1,0
55;0,05;2;predictive;8;1;55;1,0
55;0,05;2;predictive;9;1;55;1,0
55;0,05;2;predictive;10;0;60;
55;0,05;2;predictive;11;1;55;1,0
55;0,05;2;predictive;12;1;55;1,0
55;0,05;2;predictive;13;1;115;0,4782608695652174
55;0,05;2;predictive;14;1;163;0,3374233128834356
55;0,05;2;predictive;15;1;55;1,0
55;0,05;2;predictive;16;0;145;
55;0,05;2;predictive;17;1;85;0,6470588235294118
55;0,05;2;predictive;18;0;66;
55;0,05;2;predictive;19;1;55;1,0
55;0,05;2;predictive;20;1;55;1,0
55;0,05;2;predictive;21;1;55;1,0
55;0,05;2;predictive;22;1;139;0,39568345323741005
55;0,05;2;predictive;23;1;55;1,0
55;0,05;2;predictive;24;1;55;1,0
55;0,05;2;predictive;25;1;55;1,0
55;0,05;2;predictive;26;1;146;0,3767123287671233
55;0,05;2;predictive;27;1;55;1,0
55;0,05;2;predictive;28;1;55;1,0
55;0,05;2;predictive;29;1;55;1,0
55;0,05;2;predictive;30;1;55;1,0
55;0,05;2;predictive;31;1;67;0,8208955223880597
55;0,05;2;predictive;32;1;55;1,0
55;0,05;2;predictive;33;1;55;1,0
55;0,05;2;predictive;34;1;93;0,5913978494623656
55;0,05;2;predictive;35;1;55;1,0
55;0,05;2;predictive;36;1;55;1,0
55;0,05;2;predictive;37;1;55;1,0
55;0,05;2;predictive;38;1;55;1,0
55;0,05;2;predictive;39;1;61;0,9016393442622951
55;0,05;2;predictive;40;1;118;0,4661016949152542
55;0,05;2;predictive;41;1;55;1,0
55;0,05;2;predictive;42;1;55;1,0
55;0,05;2;predictive;43;1;55;1,0
55;0,05;2;predictive;44;1;55;1,0
55;0,05;2;predictive;45;1;55;1,0
55;0,05;2;predictive;46;1;86;0,6395348837209303
55;0,05;2;predictive;47;1;55;1,0
55;0,05;2;predictive;48;1;55;1,0
55;0,05;2;predictive;49;1;60;0,9166666666666666
55;0,05;2;predictive;50;1;55;1,0
55;0,05;2;predictive;51;1;74;0,7432432432432432
55;0,05;2;predictive;52;1;55;1,0
55;0,05;2;predictive;53;1;56;0,9821428571428571
55;0,05;2;predictive;54;1;70;0,7857142857142857
55;0,05;2;predictive;55;1;55;1,0
55;0,05;2;predictive;56;1;68;0,8088235294117647
55;0,05;2;predictive;57;1;55;1,0
55;0,05;2;predictive;58;1;71;0,7746478873239436
55;0,05;2;predictive;59;1;55;1,0
55;0,05;2;predictive;60;1;55;1,0
55;0,05;2;predictive;61;1;55;1,0
55;0,05;2;predictive;62;1;55;1,0
55;0,05;2;predictive;63;1;91;0,6043956043956044
55;0,05;2;predictive;64;1;60;0,9166666666666666
55;0,05;2;predictive;65;1;55;1,0
55;0,05;2;predictive;66;1;55;1,0
55;0,05;2;predictive;67;1;55;1,0
55;0,05;2;predictive;68;1;55;1,0
55;0,05;2;predictive;69;1;119;0,46218487394957986
55;0,05;2;predictive;70;1;62;0,8870967741935484
55;0,05;2;predictive;71;1;55;1,0
55;0,05;2;predictive;72;1;55;1,0
55;0,05;2;predictive;73;1;55;1,0
55;0,05;2;predictive;74;1;55;1,0
55;0,05;2;predictive;75;0;222;
55;0,05;2;predictive;76;1;55;1,0
55;0,05;2;predictive;77;1;55;1,0
55;0,05;2;predictive;78;1;55;1,0
55;0,05;2;predictive;79;1;55;1,0
55;0,05;2;predictive;80;1;55;1,0
55;0,05;2;predictive;81;1;55;1,0
55;0,05;2;predictive;82;1;55;1,0
55;0,05;2;predictive;83;1;55;1,0
55;0,05;2;predictive;84;1;61;0,9016393442622951
55;0,05;2;predictive;85;1;55;1,0
55;0,05;2;predictive;86;1;55;1,0
55;0,05;2;predictive;87;1;142;0,3873239436619718
55;0,05;2;predictive;88;1;111;0,4954954954954955
55;0,05;2;predictive;89;1;55;1,0
55;0,05;2;predictive;90;1;55;1,0
55;0,05;2;predictive;91;1;55;1,0
55;0,05;2;predictive;92;1;55;1,0
55;0,05;2;predictive;93;1;55;1,0
55;0,05;2;predictive;94;1;70;0,7857142857142857
55;0,05;2;predictive;95;1;55;1,0
55;0,05;2;predictive;96;1;55;1,0
55;0,05;2;predictive;97;1;55;1,0
55;0,05;2;predictive;98;1;56;0,9821428571428571
55;0,05;2;predictive;99;1;55;1,0
55;0,05;2;predictive;100;1;55;1,0
55;0,05;3;shortest;1;1;41;1,0
55;0,05;3;shortest;2;1;41;1,0
55;0,05;3;shortest;3;1;41;1,0
55;0,05;3;shortest;4;1;41;1,0
55;0,05;3;shortest;5;0;38;
55;0,05;3;shortest;6;1;41;1,0
55;0,05;3;shortest;7;1;41;1,0
55;0,05;3;shortest;8;0;38;
55;0,05;3;shortest;9;0;37;
55;0,05;3;shortest;10;0;40;
55;0,05;3;shortest;11;1;41;1,0
55;0,05;3;shortest;12;1;41;1,0
55;0,05;3;shortest;13;1;41;1,0
55;0,05;3;shortest;14;1;41;1,0
55;0,05;3;shortest;15;1;41;1,0
55;0,05;3;shortest;16;1;41;1,0
55;0,05;3;shortest;17;1;41;1,0
55;0,05;3;shortest;18;1;41;1,0
55;0,05;3;shortest;19;1;41;1,0
55;0,05;3;shortest;20;1;41;1,0
55;0,05;3;shortest;21;1;41;1,0
55;0,05;3;shortest;22;1;41;1,0
55;0,05;3;shortest;23;1;41;1,0
55;0,05;3;shortest;24;0;30;
55;0,05;3;shortest;25;1;41;1,0
55;0,05;3;shortest;26;1;41;1,0
55;0,05;3;shortest;27;1;41;1,0
55;0,05;3;shortest;28;1;41;1,0
55;0,05;3;shortest;29;1;41;1,0
55;0,05;3;shortest;30;1;41;1,0
55;0,05;3;shortest;31;0;38;
55;0,05;3;shortest;32;1;41;1,0
55;0,05;3;shortest;33;1;41;1,0
55;0,05;3;shortest;34;1;41;1,0
55;0,05;3;shortest;35;1;41;1,0
55;0,05;3;shortest;36;1;41;1,0
55;0,05;3;shortest;37;1;41;1,0
55;0,05;3;shortest;38;1;41;1,0
55;0,05;3;shortest;39;1;41;1,0
55;0,05;3;shortest;40;1;41;1,0
55;0,05;3;shortest;41;1;41;1,0
55;0,05;3;shortest;42;1;41;1,0
55;0,05;3;shortest;43;1;41;1,0
55;0,05;3;shortest;44;1;41;1,0
55;0,05;3;shortest;45;1;41;1,0
55;0,05;3;shortest;46;1;41;1,0
55;0,05;3;shortest;47;1;41;1,0
55;0,05;3;shortest;48;1;41;1,0
55;0,05;3;shortest;49;1;41;1,0
55;0,05;3;shortest;50;1;41;1,0
55;0,05;3;shortest;51;1;41;1,0
55;0,05;3;shortest;52;1;41;1,0
55;0,05;3;shortest;53;1;41;1,0
55;0,05;3;shortest;54;1;41;1,0
55;0,05;3;shortest;55;0;38;
55;0,05;3;shortest;56;1;41;1,0
55;0,05;3;shortest;57;1;41;1,0
55;0,05;3;shortest;58;1;41;1,0
55;0,05;3;shortest;59;1;41;1,0
55;0,05;3;shortest;60;1;41;1,0
55;0,05;3;shortest;61;1;41;1,0
55;0,05;3;shortest;62;1;41;1,0
55;0,05;3;shortest;63;1;41;1,0
55;0,05;3;shortest;64;0;38;
55;0,05;3;shortest;65;1;41;1,0
55;0,05;3;shortest;66;1;41;1,0
55;0,05;3;shortest;67;1;41;1,0
55;0,05;3;shortest;68;1;41;1,0
55;0,05;3;shortest;69;1;41;1,0
55;0,05;3;shortest;70;0;38;
55;0,05;3;shortest;71;1;41;1,0
55;0,05;3;shortest;72;0;38;
55;0,05;3;shortest;73;1;41;1,0
55;0,05;3;shortest;74;1;41;1,0
55;0,05;3;shortest;75;1;41;1,0
55;0,05;3;shortest;76;1;41;1,0
55;0,05;3;shortest;77;1;41;1,0
55;0,05;3;shortest;78;1;41;1,0
55;0,05;3;shortest;79;1;41;1,0
55;0,05;3;shortest;80;1;41;1,0
55;0,05;3;shortest;81;1;41;1,0
55;0,05;3;shortest;82;1;41;1,0
55;0,05;3;shortest;83;1;41;1,0
55;0,05;3;shortest;84;1;41;1,0
55;0,05;3;shortest;85;1;41;1,0
55;0,05;3;shortest;86;1;41;1,0
55;0,05;3;shortest;87;1;41;1,0
55;0,05;3;shortest;88;1;41;1,0
55;0,05;3;shortest;89;1;41;1,0
55;0,05;3;shortest;90;1;41;1,0
55;0,05;3;shortest;91;1;41;1,0
55;0,05;3;shortest;92;1;41;1,0
55;0,05;3;shortest;93;1;41;1,0
55;0,05;3;shortest;94;1;41;1,0
55;0,05;3;shortest;95;1;41;1,0
55;0,05;3;shortest;96;1;41;1,0
55;0,05;3;shortest;97;1;41;1,0
55;0,05;3;shortest;98;0;39;
55;0,05;3;shortest;99;1;41;1,0
55;0,05;3;shortest;100;1;41;1,0
55;0,05;3;safe;1;1;41;1,0
55;0,05;3;safe;2;1;41;1,0
55;0,05;3;safe;3;1;41;1,0
55;0,05;3;safe;4;1;41;1,0
55;0,05;3;safe;5;1;42;0,9761904761904762
55;0,05;3;safe;6;1;41;1,0
55;0,05;3;safe;7;1;41;1,0
55;0,05;3;safe;8;0;39;
55;0,05;3;safe;9;1;41;1,0
55;0,05;3;safe;10;1;41;1,0
55;0,05;3;safe;11;1;41;1,0
55;0,05;3;safe;12;1;41;1,0
55;0,05;3;safe;13;1;41;1,0
55;0,05;3;safe;14;0;38;
55;0,05;3;safe;15;1;41;1,0
55;0,05;3;safe;16;1;41;1,0
55;0,05;3;safe;17;1;41;1,0
55;0,05;3;safe;18;0;40;
55;0,05;3;safe;19;1;41;1,0
55;0,05;3;safe;20;1;41;1,0
55;0,05;3;safe;21;1;41;1,0
55;0,05;3;safe;22;1;41;1,0
55;0,05;3;safe;23;1;41;1,0
55;0,05;3;safe;24;1;41;1,0
55;0,05;3;safe;25;1;41;1,0
55;0,05;3;safe;26;1;41;1,0
55;0,05;3;safe;27;1;41;1,0
55;0,05;3;safe;28;1;41;1,0
55;0,05;3;safe;29;1;41;1,0
55;0,05;3;safe;30;1;41;1,0
55;0,05;3;safe;31;1;41;1,0
55;0,05;3;safe;32;1;41;1,0
55;0,05;3;safe;33;1;41;1,0
55;0,05;3;safe;34;1;41;1,0
55;0,05;3;safe;35;1;41;1,0
55;0,05;3;safe;36;1;41;1,0
55;0,05;3;safe;37;1;41;1,0
55;0,05;3;safe;38;1;41;1,0
55;0,05;3;safe;39;0;36;
55;0,05;3;safe;40;1;41;1,0
55;0,05;3;safe;41;1;41;1,0
55;0,05;3;safe;42;1;41;1,0
55;0,05;3;safe;43;1;41;1,0
55;0,05;3;safe;44;1;41;1,0
55;0,05;3;safe;45;1;41;1,0
55;0,05;3;safe;46;1;41;1,0
55;0,05;3;safe;47;1;42;0,9761904761904762
55;0,05;3;safe;48;1;41;1,0
55;0,05;3;safe;49;0;40;
55;0,05;3;safe;50;1;41;1,0
55;0,05;3;safe;51;1;41;1,0
55;0,05;3;safe;52;1;41;1,0
55;0,05;3;safe;53;1;41;1,0
55;0,05;3;safe;54;1;41;1,0
55;0,05;3;safe;55;1;41;1,0
55;0,05;3;safe;56;1;41;1,0
55;0,05;3;safe;57;1;41;1,0
55;0,05;3;safe;58;1;41;1,0
55;0,05;3;safe;59;1;41;1,0
55;0,05;3;safe;60;0;40;
55;0,05;3;safe;61;1;41;1,0
55;0,05;3;safe;62;1;41;1,0
55;0,05;3;safe;63;1;41;1,0
55;0,05;3;safe;64;0;39;
55;0,05;3;safe;65;1;41;1,0
55;0,05;3;safe;66;1;41;1,0
55;0,05;3;safe;67;0;31;
55;0,05;3;safe;68;1;41;1,0
55;0,05;3;safe;69;0;39;
55;0,05;3;safe;70;1;41;1,0
55;0,05;3;safe;71;1;41;1,0
55;0,05;3;safe;72;1;41;1,0
55;0,05;3;safe;73;1;41;1,0
55;0,05;3;safe;74;1;41;1,0
55;0,05;3;safe;75;0;35;
55;0,05;3;safe;76;1;41;1,0
55;0,05;3;safe;77;1;41;1,0
55;0,05;3;safe;78;1;41;1,0
55;0,05;3;safe;79;1;41;1,0
55;0,05;3;safe;80;1;41;1,0
55;0,05;3;safe;81;1;41;1,0
55;0,05;3;safe;82;0;39;
55;0,05;3;safe;83;1;41;1,0
55;0,05;3;safe;84;1;41;1,0
55;0,05;3;safe;85;1;41;1,0
55;0,05;3;safe;86;1;41;1,0
55;0,05;3;safe;87;1;41;1,0
55;0,05;3;safe;88;1;41;1,0
55;0,05;3;safe;89;1;41;1,0
55;0,05;3;safe;90;1;41;1,0
55;0,05;3;safe;91;0;40;
55;0,05;3;safe;92;0;39;
55;0,05;3;safe;93;0;41;
55;0,05;3;safe;94;1;41;1,0
55;0,05;3;safe;95;1;41;1,0
55;0,05;3;safe;96;1;41;1,0
55;0,05;3;safe;97;1;41;1,0
55;0,05;3;safe;98;1;41;1,0
55;0,05;3;safe;99;1;41;1,0
55;0,05;3;safe;100;0;39;
55;0,05;3;predictive;1;1;41;1,0
55;0,05;3;predictive;2;1;41;1,0
55;0,05;3;predictive;3;1;41;1,0
55;0,05;3;predictive;4;1;41;1,0
55;0,05;3;predictive;5;1;43;0,9534883720930233
55;0,05;3;predictive;6;1;41;1,0
55;0,05;3;predictive;7;1;41;1,0
55;0,05;3;predictive;8;1;41;1,0
55;0,05;3;predictive;9;1;41;1,0
55;0,05;3;predictive;10;1;41;1,0
55;0,05;3;predictive;11;1;73;0,5616438356164384
55;0,05;3;predictive;12;1;41;1,0
55;0,05;3;predictive;13;1;41;1,0
55;0,05;3;predictive;14;1;41;1,0
55;0,05;3;predictive;15;1;52;0,7884615384615384
55;0,05;3;predictive;16;1;41;1,0
55;0,05;3;predictive;17;1;42;0,9761904761904762
55;0,05;3;predictive;18;1;41;1,0
55;0,05;3;predictive;19;1;41;1,0
55;0,05;3;predictive;20;1;41;1,0
55;0,05;3;predictive;21;1;41;1,0
55;0,05;3;predictive;22;1;41;1,0
55;0,05;3;predictive;23;1;41;1,0
55;0,05;3;predictive;24;1;41;1,0
55;0,05;3;predictive;25;1;65;0,6307692307692307
55;0,05;3;predictive;26;1;48;0,8541666666666666
55;0,05;3;predictive;27;1;41;1,0
55;0,05;3;predictive;28;1;41;1,0
55;0,05;3;predictive;29;1;44;0,9318181818181818
55;0,05;3;predictive;30;1;109;0,3761467889908257
55;0,05;3;predictive;31;1;41;1,0
55;0,05;3;predictive;32;1;41;1,0
55;0,05;3;predictive;33;1;41;1,0
55;0,05;3;predictive;34;1;53;0,7735849056603774
55;0,05;3;predictive;35;1;41;1,0
55;0,05;3;predictive;36;1;41;1,0
55;0,05;3;predictive;37;1;43;0,9534883720930233
55;0,05;3;predictive;38;1;77;0,5324675324675324
55;0,05;3;predictive;39;1;41;1,0
55;0,05;3;predictive;40;1;41;1,0
55;0,05;3;predictive;41;1;41;1,0
55;0,05;3;predictive;42;1;44;0,9318181818181818
55;0,05;3;predictive;43;1;41;1,0
55;0,05;3;predictive;44;1;41;1,0
55;0,05;3;predictive;45;1;41;1,0
55;0,05;3;predictive;46;1;41;1,0
55;0,05;3;predictive;47;1;41;1,0
55;0,05;3;predictive;48;1;46;0,8913043478260869
55;0,05;3;predictive;49;1;41;1,0
55;0,05;3;predictive;50;1;93;0,44086021505376344
55;0,05;3;predictive;51;0;43;
55;0,05;3;predictive;52;1;41;1,0
55;0,05;3;predictive;53;1;42;0,9761904761904762
55;0,05;3;predictive;54;1;41;1,0
55;0,05;3;predictive;55;0;54;
55;0,05;3;predictive;56;1;41;1,0
55;0,05;3;predictive;57;1;41;1,0
55;0,05;3;predictive;58;1;41;1,0
55;0,05;3;predictive;59;1;148;0,27702702702702703
55;0,05;3;predictive;60;1;41;1,0
55;0,05;3;predictive;61;1;41;1,0
55;0,05;3;predictive;62;1;41;1,0
55;0,05;3;predictive;63;1;41;1,0
55;0,05;3;predictive;64;1;44;0,9318181818181818
55;0,05;3;predictive;65;1;41;1,0
55;0,05;3;predictive;66;1;41;1,0
55;0,05;3;predictive;67;1;41;1,0
55;0,05;3;predictive;68;1;41;1,0
55;0,05;3;predictive;69;1;41;1,0
55;0,05;3;predictive;70;1;41;1,0
55;0,05;3;predictive;71;1;41;1,0
55;0,05;3;predictive;72;1;41;1,0
55;0,05;3;predictive;73;1;41;1,0
55;0,05;3;predictive;74;1;41;1,0
55;0,05;3;predictive;75;1;57;0,7192982456140351
55;0,05;3;predictive;76;1;59;0,6949152542372882
55;0,05;3;predictive;77;1;55;0,7454545454545455
55;0,05;3;predictive;78;1;41;1,0
55;0,05;3;predictive;79;1;41;1,0
55;0,05;3;predictive;80;1;41;1,0
55;0,05;3;predictive;81;1;41;1,0
55;0,05;3;predictive;82;1;41;1,0
55;0,05;3;predictive;83;1;41;1,0
55;0,05;3;predictive;84;1;114;0,35964912280701755
55;0,05;3;predictive;85;1;41;1,0
55;0,05;3;predictive;86;1;41;1,0
55;0,05;3;predictive;87;1;44;0,9318181818181818
55;0,05;3;predictive;88;1;73;0,5616438356164384
55;0,05;3;predictive;89;1;41;1,0
55;0,05;3;predictive;90;1;41;1,0
55;0,05;3;predictive;91;1;41;1,0
55;0,05;3;predictive;92;1;41;1,0
55;0,05;3;predictive;93;1;41;1,0
55;0,05;3;predictive;94;1;41;1,0
55;0,05;3;predictive;95;1;41;1,0
55;0,05;3;predictive;96;1;41;1,0
55;0,05;3;predictive;97;1;41;1,0
55;0,05;3;predictive;98;1;43;0,9534883720930233
55;0,05;3;predictive;99;1;41;1,0
55;0,05;3;predictive;100;1;41;1,0
